iteration,epoch,mode,loss,value
0,0,val,render,0.09566149860620499
0,0,val,total,0.09566149860620499
100,0,train,eikonal,0.018434718251228333
100,0,train,render,0.3525729775428772
100,0,train,total,0.35441645979881287
200,1,train,eikonal,0.06797376275062561
200,1,train,render,0.33303797245025635
200,1,train,total,0.33983534574508667
300,2,train,eikonal,0.0005301333731040359
300,2,train,render,0.30252769589424133
300,2,train,total,0.30258071422576904
400,2,train,eikonal,0.0040439278818666935
400,2,train,render,0.28939807415008545
400,2,train,total,0.2898024618625641
500,3,train,eikonal,0.0013637850061058998
500,3,train,render,0.313058465719223
500,3,train,total,0.3131948411464691
600,4,train,eikonal,0.0005588300991803408
600,4,train,render,0.28413668274879456
600,4,train,total,0.2841925621032715
700,5,train,eikonal,0.0016313469968736172
700,5,train,render,0.31533530354499817
700,5,train,total,0.3154984414577484
800,5,train,eikonal,0.0007765679038129747
800,5,train,render,0.28741344809532166
800,5,train,total,0.287491112947464
900,6,train,eikonal,0.0006247537676244974
900,6,train,render,0.2932400703430176
900,6,train,total,0.2933025360107422
1000,7,train,eikonal,0.000193196494365111
1000,7,train,render,0.34659475088119507
1000,7,train,total,0.3466140627861023
1100,8,train,eikonal,0.0005809094873256981
1100,8,train,render,0.26980018615722656
1100,8,train,total,0.2698582708835602
1200,8,train,eikonal,0.00027895846869796515
1200,8,train,render,0.3048948645591736
1200,8,train,total,0.30492275953292847
1300,9,train,eikonal,0.001022913260385394
1300,9,train,render,0.2738754153251648
1300,9,train,total,0.27397769689559937
1400,10,train,eikonal,0.00029636401450261474
1400,10,train,render,0.30772265791893005
1400,10,train,total,0.3077522814273834
1500,10,train,eikonal,0.0003684156690724194
1500,10,train,render,0.3268887400627136
1500,10,train,total,0.3269255757331848
1600,11,train,eikonal,0.0005031437613070011
1600,11,train,render,0.2828906178474426
1600,11,train,total,0.28294092416763306
1700,12,train,eikonal,0.0009220497449859977
1700,12,train,render,0.2674189805984497
1700,12,train,total,0.26751118898391724
1800,13,train,eikonal,0.0014029386220499873
1800,13,train,render,0.2740536034107208
1800,13,train,total,0.2741938829421997
1900,13,train,eikonal,0.0006865629693493247
1900,13,train,render,0.2905115485191345
1900,13,train,total,0.29058021306991577
2000,14,train,eikonal,0.008534245193004608
2000,14,train,render,0.3071768283843994
2000,14,train,total,0.30803024768829346
2100,15,train,eikonal,0.00672093965113163
2100,15,train,render,0.3063812255859375
2100,15,train,total,0.3070533275604248
2200,16,train,eikonal,0.012336134910583496
2200,16,train,render,0.3268668055534363
2200,16,train,total,0.32810041308403015
2300,16,train,eikonal,0.006746002938598394
2300,16,train,render,0.29050689935684204
2300,16,train,total,0.2911815047264099
2400,17,train,eikonal,0.010281738825142384
2400,17,train,render,0.2846125364303589
2400,17,train,total,0.2856407165527344
2500,18,train,eikonal,0.0023113470524549484
2500,18,train,render,0.27511316537857056
2500,18,train,total,0.2753443121910095
2600,18,train,eikonal,0.0013552149757742882
2600,18,train,render,0.2774478793144226
2600,18,train,total,0.27758339047431946
2700,19,train,eikonal,0.0035902895033359528
2700,19,train,render,0.27725285291671753
2700,19,train,total,0.2776118814945221
2800,20,train,eikonal,0.007775071542710066
2800,20,train,render,0.32752665877342224
2800,20,train,total,0.3283041715621948
2900,21,train,eikonal,0.008295385167002678
2900,21,train,render,0.3250574469566345
2900,21,train,total,0.325886994600296
3000,21,train,eikonal,0.008285988122224808
3000,21,train,render,0.30976057052612305
3000,21,train,total,0.31058916449546814
3100,22,train,eikonal,0.002818688750267029
3100,22,train,render,0.23002155125141144
3100,22,train,total,0.23030342161655426
3200,23,train,eikonal,0.00971024576574564
3200,23,train,render,0.30661535263061523
3200,23,train,total,0.3075863718986511
3300,24,train,eikonal,0.0134637001901865
3300,24,train,render,0.28608644008636475
3300,24,train,total,0.28743281960487366
3400,24,train,eikonal,0.009104052558541298
3400,24,train,render,0.2960190773010254
3400,24,train,total,0.2969294786453247
3500,25,train,eikonal,0.01204083301126957
3500,25,train,render,0.28662383556365967
3500,25,train,total,0.28782790899276733
3600,26,train,eikonal,0.0031074904836714268
3600,26,train,render,0.260473370552063
3600,26,train,total,0.2607841193675995
3700,27,train,eikonal,0.008901195600628853
3700,27,train,render,0.3047448396682739
3700,27,train,total,0.3056349456310272
3800,27,train,eikonal,0.004716770723462105
3800,27,train,render,0.27711421251296997
3800,27,train,total,0.2775858938694
3900,28,train,eikonal,0.00526890205219388
3900,28,train,render,0.2607719898223877
3900,28,train,total,0.26129889488220215
4000,29,train,eikonal,0.0038153158966451883
4000,29,train,render,0.28608614206314087
4000,29,train,total,0.28646767139434814
4100,29,train,eikonal,0.004653658717870712
4100,29,train,render,0.2777891457080841
4100,29,train,total,0.27825450897216797
4200,30,train,eikonal,0.004058724269270897
4200,30,train,render,0.2708324193954468
4200,30,train,total,0.2712382972240448
4300,31,train,eikonal,0.020045392215251923
4300,31,train,render,0.3304760456085205
4300,31,train,total,0.3324805796146393
4400,32,train,eikonal,0.0033470317721366882
4400,32,train,render,0.28933387994766235
4400,32,train,total,0.28966858983039856
4500,32,train,eikonal,0.010602487251162529
4500,32,train,render,0.3031056821346283
4500,32,train,total,0.30416592955589294
4600,33,train,eikonal,0.003522218205034733
4600,33,train,render,0.2898250222206116
4600,33,train,total,0.29017725586891174
4700,34,train,eikonal,0.006267971359193325
4700,34,train,render,0.29819947481155396
4700,34,train,total,0.29882627725601196
4800,35,train,eikonal,0.011088980361819267
4800,35,train,render,0.2796671986579895
4800,35,train,total,0.28077608346939087
4900,35,train,eikonal,0.012682884931564331
4900,35,train,render,0.30654722452163696
4900,35,train,total,0.3078155219554901
5000,36,train,eikonal,0.00905093178153038
5000,36,train,render,0.3102778196334839
5000,36,train,total,0.3111829161643982
5100,37,train,eikonal,0.013471441343426704
5100,37,train,render,0.299480676651001
5100,37,train,total,0.30082783102989197
5200,37,train,eikonal,0.008226722478866577
5200,37,train,render,0.30225229263305664
5200,37,train,total,0.3030749559402466
5300,38,train,eikonal,0.009030996821820736
5300,38,train,render,0.30133843421936035
5300,38,train,total,0.3022415339946747
5400,39,train,eikonal,0.012292121537029743
5400,39,train,render,0.31905171275138855
5400,39,train,total,0.32028093934059143
5500,40,train,eikonal,0.014519520103931427
5500,40,train,render,0.3013591766357422
5500,40,train,total,0.3028111159801483
5600,40,train,eikonal,0.009898705407977104
5600,40,train,render,0.2758062779903412
5600,40,train,total,0.2767961621284485
5700,41,train,eikonal,0.0034342806320637465
5700,41,train,render,0.3167034983634949
5700,41,train,total,0.3170469403266907
5800,42,train,eikonal,0.004337579943239689
5800,42,train,render,0.2682398557662964
5800,42,train,total,0.2686736285686493
5900,43,train,eikonal,0.008738551288843155
5900,43,train,render,0.29923564195632935
5900,43,train,total,0.30010950565338135
6000,43,train,eikonal,0.005892543587833643
6000,43,train,render,0.2900359034538269
6000,43,train,total,0.2906251549720764
6100,44,train,eikonal,0.005653943866491318
6100,44,train,render,0.28546392917633057
6100,44,train,total,0.28602930903434753
6200,45,train,eikonal,0.005042213946580887
6200,45,train,render,0.2654650807380676
6200,45,train,total,0.26596930623054504
6300,45,train,eikonal,0.009058683179318905
6300,45,train,render,0.32956379652023315
6300,45,train,total,0.33046966791152954
6400,46,train,eikonal,0.0037856041453778744
6400,46,train,render,0.2869816720485687
6400,46,train,total,0.28736022114753723
6500,47,train,eikonal,0.0035240650177001953
6500,47,train,render,0.2606872320175171
6500,47,train,total,0.2610396444797516
6600,48,train,eikonal,0.004842753522098064
6600,48,train,render,0.29000020027160645
6600,48,train,total,0.2904844880104065
6700,48,train,eikonal,0.015477988868951797
6700,48,train,render,0.3314574956893921
6700,48,train,total,0.33300530910491943
6800,49,train,eikonal,0.010702553205192089
6800,49,train,render,0.33325594663619995
6800,49,train,total,0.33432620763778687
6900,50,train,eikonal,0.007139022462069988
6900,50,train,render,0.31883031129837036
6900,50,train,total,0.3195442259311676
7000,51,train,eikonal,0.01184835284948349
7000,51,train,render,0.2938498556613922
7000,51,train,total,0.2950346767902374
7100,51,train,eikonal,0.008509182371199131
7100,51,train,render,0.3094109296798706
7100,51,train,total,0.3102618455886841
7200,52,train,eikonal,0.004731438122689724
7200,52,train,render,0.2444095015525818
7200,52,train,total,0.24488264322280884
7300,53,train,eikonal,0.004807528108358383
7300,53,train,render,0.2759026288986206
7300,53,train,total,0.2763833701610565
7400,54,train,eikonal,0.006248444318771362
7400,54,train,render,0.2964111566543579
7400,54,train,total,0.29703599214553833
7500,54,train,eikonal,0.005958647467195988
7500,54,train,render,0.2613477110862732
7500,54,train,total,0.2619435787200928
7600,55,train,eikonal,0.0035943728871643543
7600,55,train,render,0.29232698678970337
7600,55,train,total,0.29268643260002136
7700,56,train,eikonal,0.005107209086418152
7700,56,train,render,0.27699828147888184
7700,56,train,total,0.27750900387763977
7800,56,train,eikonal,0.00744887487962842
7800,56,train,render,0.29216432571411133
7800,56,train,total,0.2929092049598694
7900,57,train,eikonal,0.004065920598804951
7900,57,train,render,0.3027709126472473
7900,57,train,total,0.30317750573158264
8000,58,train,eikonal,0.010685279965400696
8000,58,train,render,0.2647247910499573
8000,58,train,total,0.2657933235168457
8100,59,train,eikonal,0.005974719766527414
8100,59,train,render,0.2924872636795044
8100,59,train,total,0.2930847406387329
8200,59,train,eikonal,0.010760940611362457
8200,59,train,render,0.30309563875198364
8200,59,train,total,0.30417174100875854
8300,60,train,eikonal,0.007903013378381729
8300,60,train,render,0.2707478702068329
8300,60,train,total,0.2715381681919098
8400,61,train,eikonal,0.004193555563688278
8400,61,train,render,0.30110493302345276
8400,61,train,total,0.30152428150177
8500,62,train,eikonal,0.006674663163721561
8500,62,train,render,0.29500073194503784
8500,62,train,total,0.29566818475723267
8600,62,train,eikonal,0.012849991209805012
8600,62,train,render,0.2897561192512512
8600,62,train,total,0.2910411059856415
8700,63,train,eikonal,0.011945594102144241
8700,63,train,render,0.2990216612815857
8700,63,train,total,0.3002162277698517
8800,64,train,eikonal,0.009115798398852348
8800,64,train,render,0.2949374318122864
8800,64,train,total,0.2958490252494812
8900,64,train,eikonal,0.007387891877442598
8900,64,train,render,0.29218319058418274
8900,64,train,total,0.2929219901561737
9000,65,train,eikonal,0.006699055433273315
9000,65,train,render,0.2776470482349396
9000,65,train,total,0.2783169448375702
9100,66,train,eikonal,0.00434141606092453
9100,66,train,render,0.2727259397506714
9100,66,train,total,0.27316007018089294
9200,67,train,eikonal,0.0060378992930054665
9200,67,train,render,0.28972190618515015
9200,67,train,total,0.29032570123672485
9300,67,train,eikonal,0.007906571961939335
9300,67,train,render,0.25552940368652344
9300,67,train,total,0.256320059299469
9400,68,train,eikonal,0.010880501009523869
9400,68,train,render,0.3123995065689087
9400,68,train,total,0.31348755955696106
9500,69,train,eikonal,0.004247559234499931
9500,69,train,render,0.2979426980018616
9500,69,train,total,0.298367440700531
9600,70,train,eikonal,0.011415993794798851
9600,70,train,render,0.3342054486274719
9600,70,train,total,0.335347056388855
9700,70,train,eikonal,0.007353244349360466
9700,70,train,render,0.3032490909099579
9700,70,train,total,0.3039844036102295
9800,71,train,eikonal,0.005058049224317074
9800,71,train,render,0.27180665731430054
9800,71,train,total,0.2723124623298645
9900,72,train,eikonal,0.008125944063067436
9900,72,train,render,0.2965761423110962
9900,72,train,total,0.2973887324333191
10000,72,train,eikonal,0.013311279937624931
10000,72,train,render,0.28911304473876953
10000,72,train,total,0.29044416546821594
10100,73,train,eikonal,0.011907629668712616
10100,73,train,render,0.3097047209739685
10100,73,train,total,0.31089547276496887
10200,74,train,eikonal,0.00839054025709629
10200,74,train,render,0.28923094272613525
10200,74,train,total,0.2900699973106384
10300,75,train,eikonal,0.008289868012070656
10300,75,train,render,0.305541455745697
10300,75,train,total,0.30637043714523315
10400,75,train,eikonal,0.007968196645379066
10400,75,train,render,0.26018238067626953
10400,75,train,total,0.26097920536994934
10500,76,train,eikonal,0.004873070865869522
10500,76,train,render,0.309286892414093
10500,76,train,total,0.3097741901874542
10600,77,train,eikonal,0.011275656521320343
10600,77,train,render,0.31844428181648254
10600,77,train,total,0.319571852684021
10700,78,train,eikonal,0.0040035913698375225
10700,78,train,render,0.27287477254867554
10700,78,train,total,0.27327513694763184
10800,78,train,eikonal,0.009285594336688519
10800,78,train,render,0.29496893286705017
10800,78,train,total,0.2958974838256836
10900,79,train,eikonal,0.010092225857079029
10900,79,train,render,0.3107837438583374
10900,79,train,total,0.3117929697036743
11000,80,train,eikonal,0.008706077001988888
11000,80,train,render,0.3046358823776245
11000,80,train,total,0.30550649762153625
11100,81,train,eikonal,0.003895360976457596
11100,81,train,render,0.27179643511772156
11100,81,train,total,0.2721859812736511
11200,81,train,eikonal,0.007115312851965427
11200,81,train,render,0.2732284963130951
11200,81,train,total,0.2739400267601013
11300,82,train,eikonal,0.007638278417289257
11300,82,train,render,0.2979913353919983
11300,82,train,total,0.2987551689147949
11400,83,train,eikonal,0.005348731763660908
11400,83,train,render,0.2807847261428833
11400,83,train,total,0.28131958842277527
11500,83,train,eikonal,0.0065788328647613525
11500,83,train,render,0.2952849268913269
11500,83,train,total,0.2959428131580353
11600,84,train,eikonal,0.003935720305889845
11600,84,train,render,0.2796633839607239
11600,84,train,total,0.2800569534301758
11700,85,train,eikonal,0.008314442820847034
11700,85,train,render,0.2708168625831604
11700,85,train,total,0.2716483175754547
11800,86,train,eikonal,0.012692056596279144
11800,86,train,render,0.2963674068450928
11800,86,train,total,0.29763659834861755
11900,86,train,eikonal,0.007347726263105869
11900,86,train,render,0.29826223850250244
11900,86,train,total,0.29899701476097107
12000,87,train,eikonal,0.008217042312026024
12000,87,train,render,0.3119593858718872
12000,87,train,total,0.31278109550476074
12100,88,train,eikonal,0.008256117813289165
12100,88,train,render,0.2619991898536682
12100,88,train,total,0.26282480359077454
12200,89,train,eikonal,0.008494235575199127
12200,89,train,render,0.2667292356491089
12200,89,train,total,0.267578661441803
12300,89,train,eikonal,0.013200752437114716
12300,89,train,render,0.30294111371040344
12300,89,train,total,0.304261177778244
12400,90,train,eikonal,0.006711093708872795
12400,90,train,render,0.28751689195632935
12400,90,train,total,0.28818801045417786
12500,91,train,eikonal,0.006323871202766895
12500,91,train,render,0.2842048406600952
12500,91,train,total,0.2848372161388397
12600,91,train,eikonal,0.008310887962579727
12600,91,train,render,0.2874070405960083
12600,91,train,total,0.28823813796043396
12700,92,train,eikonal,0.007200377061963081
12700,92,train,render,0.2679724097251892
12700,92,train,total,0.2686924338340759
12800,93,train,eikonal,0.004845402203500271
12800,93,train,render,0.26805436611175537
12800,93,train,total,0.2685388922691345
12900,94,train,eikonal,0.007593583315610886
12900,94,train,render,0.2892153859138489
12900,94,train,total,0.28997474908828735
13000,94,train,eikonal,0.008725371211767197
13000,94,train,render,0.314963161945343
13000,94,train,total,0.3158356845378876
13100,95,train,eikonal,0.005079795140773058
13100,95,train,render,0.27314460277557373
13100,95,train,total,0.273652583360672
13200,96,train,eikonal,0.014600938186049461
13200,96,train,render,0.3254963159561157
13200,96,train,total,0.3269564211368561
13300,97,train,eikonal,0.011715205386281013
13300,97,train,render,0.31118690967559814
13300,97,train,total,0.31235843896865845
13400,97,train,eikonal,0.006669172085821629
13400,97,train,render,0.2678954303264618
13400,97,train,total,0.26856234669685364
13500,98,train,eikonal,0.009339116513729095
13500,98,train,render,0.2831647992134094
13500,98,train,total,0.28409871459007263
13600,99,train,eikonal,0.008597648702561855
13600,99,train,render,0.2851538062095642
13600,99,train,total,0.28601357340812683
13700,100,train,eikonal,0.0076371775940060616
13700,100,train,render,0.2784084677696228
13700,100,train,total,0.2791721820831299
13800,100,train,eikonal,0.007364187389612198
13800,100,train,render,0.29319632053375244
13800,100,train,total,0.2939327359199524
13900,101,train,eikonal,0.011396102607250214
13900,101,train,render,0.2880147695541382
13900,101,train,total,0.28915438055992126
14000,102,train,eikonal,0.006513682194054127
14000,102,train,render,0.30420225858688354
14000,102,train,total,0.304853618144989
14100,102,train,eikonal,0.0035232838708907366
14100,102,train,render,0.2924450933933258
14100,102,train,total,0.29279741644859314
14200,103,train,eikonal,0.010395852848887444
14200,103,train,render,0.34682559967041016
14200,103,train,total,0.34786519408226013
14300,104,train,eikonal,0.008798359893262386
14300,104,train,render,0.30820900201797485
14300,104,train,total,0.3090888261795044
14400,105,train,eikonal,0.012852254323661327
14400,105,train,render,0.29541242122650146
14400,105,train,total,0.2966976463794708
14500,105,train,eikonal,0.006789561826735735
14500,105,train,render,0.2529579699039459
14500,105,train,total,0.2536369264125824
14600,106,train,eikonal,0.006703394930809736
14600,106,train,render,0.30468738079071045
14600,106,train,total,0.3053577244281769
14700,107,train,eikonal,0.007659172639250755
14700,107,train,render,0.2827891707420349
14700,107,train,total,0.2835550904273987
14800,108,train,eikonal,0.006999114528298378
14800,108,train,render,0.30022984743118286
14800,108,train,total,0.3009297549724579
14900,108,train,eikonal,0.0038857110776007175
14900,108,train,render,0.28292012214660645
14900,108,train,total,0.2833086848258972
15000,109,train,eikonal,0.00992012768983841
15000,109,train,render,0.294030100107193
15000,109,train,total,0.2950221002101898
15100,110,train,eikonal,0.010366275906562805
15100,110,train,render,0.29156336188316345
15100,110,train,total,0.29259997606277466
15200,110,train,eikonal,0.00874040275812149
15200,110,train,render,0.2917018532752991
15200,110,train,total,0.2925758957862854
15300,111,train,eikonal,0.007292862515896559
15300,111,train,render,0.29491257667541504
15300,111,train,total,0.29564186930656433
15400,112,train,eikonal,0.005121819209307432
15400,112,train,render,0.31094053387641907
15400,112,train,total,0.311452716588974
15500,113,train,eikonal,0.01001707836985588
15500,113,train,render,0.3095725178718567
15500,113,train,total,0.3105742335319519
15600,113,train,eikonal,0.005028700456023216
15600,113,train,render,0.2775803506374359
15600,113,train,total,0.2780832350254059
15700,114,train,eikonal,0.004667787346988916
15700,114,train,render,0.29009759426116943
15700,114,train,total,0.2905643582344055
15800,115,train,eikonal,0.003579123876988888
15800,115,train,render,0.2809421420097351
15800,115,train,total,0.28130006790161133
15900,116,train,eikonal,0.006922991946339607
15900,116,train,render,0.28467604517936707
15900,116,train,total,0.2853683531284332
16000,116,train,eikonal,0.004351355135440826
16000,116,train,render,0.29308146238327026
16000,116,train,total,0.293516606092453
16100,117,train,eikonal,0.010151512920856476
16100,117,train,render,0.32015228271484375
16100,117,train,total,0.3211674392223358
16200,118,train,eikonal,0.01185762882232666
16200,118,train,render,0.2990689277648926
16200,118,train,total,0.3002547025680542
16300,118,train,eikonal,0.005016191862523556
16300,118,train,render,0.2552301585674286
16300,118,train,total,0.2557317912578583
16400,119,train,eikonal,0.005572744645178318
16400,119,train,render,0.2885999381542206
16400,119,train,total,0.2891572117805481
16500,120,train,eikonal,0.009983356110751629
16500,120,train,render,0.29846668243408203
16500,120,train,total,0.29946503043174744
16600,121,train,eikonal,0.007743970490992069
16600,121,train,render,0.2827546298503876
16600,121,train,total,0.28352901339530945
16700,121,train,eikonal,0.003916103392839432
16700,121,train,render,0.28610265254974365
16700,121,train,total,0.28649425506591797
16800,122,train,eikonal,0.012757444754242897
16800,122,train,render,0.31654998660087585
16800,122,train,total,0.3178257346153259
16900,123,train,eikonal,0.005764699541032314
16900,123,train,render,0.27753323316574097
16900,123,train,total,0.27810969948768616
17000,124,train,eikonal,0.005487194750458002
17000,124,train,render,0.26242679357528687
17000,124,train,total,0.2629755139350891
17100,124,train,eikonal,0.011544608511030674
17100,124,train,render,0.2929213345050812
17100,124,train,total,0.29407578706741333
17200,125,train,eikonal,0.005067429505288601
17200,125,train,render,0.2767553925514221
17200,125,train,total,0.2772621214389801
17300,126,train,eikonal,0.005909382831305265
17300,126,train,render,0.2901122570037842
17300,126,train,total,0.2907032072544098
17400,127,train,eikonal,0.005444846116006374
17400,127,train,render,0.301902711391449
17400,127,train,total,0.30244719982147217
17500,127,train,eikonal,0.00937207043170929
17500,127,train,render,0.3006177544593811
17500,127,train,total,0.30155494809150696
17600,128,train,eikonal,0.005638358648866415
17600,128,train,render,0.30030858516693115
17600,128,train,total,0.30087241530418396
17700,129,train,eikonal,0.008432606235146523
17700,129,train,render,0.29767394065856934
17700,129,train,total,0.2985171973705292
17800,129,train,eikonal,0.008323723450303078
17800,129,train,render,0.28820377588272095
17800,129,train,total,0.2890361547470093
17900,130,train,eikonal,0.004258202388882637
17900,130,train,render,0.2677270770072937
17900,130,train,total,0.2681528925895691
18000,131,train,eikonal,0.013575233519077301
18000,131,train,render,0.3149838447570801
18000,131,train,total,0.316341370344162
18100,132,train,eikonal,0.006066748406738043
18100,132,train,render,0.2640398144721985
18100,132,train,total,0.2646465003490448
18200,132,train,eikonal,0.005369987338781357
18200,132,train,render,0.29420578479766846
18200,132,train,total,0.29474279284477234
18300,133,train,eikonal,0.004567297175526619
18300,133,train,render,0.30344802141189575
18300,133,train,total,0.3039047420024872
18400,134,train,eikonal,0.0038895439356565475
18400,134,train,render,0.28792592883110046
18400,134,train,total,0.2883148789405823
18500,135,train,eikonal,0.004420512355864048
18500,135,train,render,0.27690255641937256
18500,135,train,total,0.27734461426734924
18600,135,train,eikonal,0.00867423415184021
18600,135,train,render,0.2700560688972473
18600,135,train,total,0.2709234952926636
18700,136,train,eikonal,0.010461350902915001
18700,136,train,render,0.30612748861312866
18700,136,train,total,0.30717360973358154
18800,137,train,eikonal,0.008908944204449654
18800,137,train,render,0.2538749873638153
18800,137,train,total,0.2547658681869507
18900,137,train,eikonal,0.015725787729024887
18900,137,train,render,0.29756730794906616
18900,137,train,total,0.2991398870944977
19000,138,train,eikonal,0.010261216200888157
19000,138,train,render,0.28677624464035034
19000,138,train,total,0.2878023684024811
19100,139,train,eikonal,0.006487476639449596
19100,139,train,render,0.3010932207107544
19100,139,train,total,0.30174195766448975
19200,140,train,eikonal,0.009324071928858757
19200,140,train,render,0.2727273404598236
19200,140,train,total,0.27365973591804504
19300,140,train,eikonal,0.0050829993560910225
19300,140,train,render,0.26233136653900146
19300,140,train,total,0.262839674949646
19400,141,train,eikonal,0.006630693096667528
19400,141,train,render,0.2903502881526947
19400,141,train,total,0.29101336002349854
19500,142,train,eikonal,0.00810778234153986
19500,142,train,render,0.3181040585041046
19500,142,train,total,0.31891483068466187
19600,143,train,eikonal,0.0076942360028624535
19600,143,train,render,0.30628907680511475
19600,143,train,total,0.30705851316452026
19700,143,train,eikonal,0.010719552636146545
19700,143,train,render,0.3018936216831207
19700,143,train,total,0.30296558141708374
19800,144,train,eikonal,0.009818282909691334
19800,144,train,render,0.30614417791366577
19800,144,train,total,0.3071260154247284
19900,145,train,eikonal,0.004974902141839266
19900,145,train,render,0.26683932542800903
19900,145,train,total,0.26733681559562683
20000,145,train,eikonal,0.009197413921356201
20000,145,train,render,0.32846468687057495
20000,145,train,total,0.3293844163417816
20100,146,train,eikonal,0.007928833365440369
20100,146,train,render,0.3113805055618286
20100,146,train,total,0.31217339634895325
20200,147,train,eikonal,0.0056727491319179535
20200,147,train,render,0.24883541464805603
20200,147,train,total,0.24940268695354462
20300,148,train,eikonal,0.011565830558538437
20300,148,train,render,0.288100004196167
20300,148,train,total,0.28925657272338867
20400,148,train,eikonal,0.004473477136343718
20400,148,train,render,0.27604955434799194
20400,148,train,total,0.27649688720703125
20500,149,train,eikonal,0.01258443109691143
20500,149,train,render,0.27098405361175537
20500,149,train,total,0.2722424864768982
20600,150,train,eikonal,0.01154001709073782
20600,150,train,render,0.2845907211303711
20600,150,train,total,0.28574472665786743
20700,151,train,eikonal,0.01590518280863762
20700,151,train,render,0.30307528376579285
20700,151,train,total,0.30466580390930176
20800,151,train,eikonal,0.005080428905785084
20800,151,train,render,0.3109828233718872
20800,151,train,total,0.31149086356163025
20900,152,train,eikonal,0.00652734050527215
20900,152,train,render,0.26114898920059204
20900,152,train,total,0.26180171966552734
21000,153,train,eikonal,0.008753451518714428
21000,153,train,render,0.29558655619621277
21000,153,train,total,0.29646191000938416
21100,154,train,eikonal,0.011208755895495415
21100,154,train,render,0.29751837253570557
21100,154,train,total,0.2986392378807068
21200,154,train,eikonal,0.008141194470226765
21200,154,train,render,0.2929084897041321
21200,154,train,total,0.29372259974479675
21300,155,train,eikonal,0.007656307891011238
21300,155,train,render,0.30679816007614136
21300,155,train,total,0.30756378173828125
21400,156,train,eikonal,0.004157255403697491
21400,156,train,render,0.25235143303871155
21400,156,train,total,0.2527671456336975
21500,156,train,eikonal,0.010021061636507511
21500,156,train,render,0.3137396574020386
21500,156,train,total,0.31474176049232483
21600,157,train,eikonal,0.005327716004103422
21600,157,train,render,0.2887879014015198
21600,157,train,total,0.2893206775188446
21700,158,train,eikonal,0.009572640061378479
21700,158,train,render,0.28470897674560547
21700,158,train,total,0.28566622734069824
21800,159,train,eikonal,0.013258744031190872
21800,159,train,render,0.28119874000549316
21800,159,train,total,0.28252461552619934
21900,159,train,eikonal,0.004686431959271431
21900,159,train,render,0.2918180823326111
21900,159,train,total,0.2922867238521576
22000,160,train,eikonal,0.012405234389007092
22000,160,train,render,0.3218138515949249
22000,160,train,total,0.32305437326431274
22100,161,train,eikonal,0.005830509588122368
22100,161,train,render,0.2989213466644287
22100,161,train,total,0.2995043992996216
22200,162,train,eikonal,0.006653255317360163
22200,162,train,render,0.2776387333869934
22200,162,train,total,0.2783040702342987
22300,162,train,eikonal,0.009598926641047001
22300,162,train,render,0.3056964576244354
22300,162,train,total,0.3066563606262207
22400,163,train,eikonal,0.008574208244681358
22400,163,train,render,0.27913427352905273
22400,163,train,total,0.27999168634414673
22500,164,train,eikonal,0.004193441942334175
22500,164,train,render,0.28916025161743164
22500,164,train,total,0.2895796000957489
22600,164,train,eikonal,0.009702332317829132
22600,164,train,render,0.3112097382545471
22600,164,train,total,0.3121799826622009
22700,165,train,eikonal,0.010660250671207905
22700,165,train,render,0.2815930247306824
22700,165,train,total,0.28265905380249023
22800,166,train,eikonal,0.005007507745176554
22800,166,train,render,0.2605004906654358
22800,166,train,total,0.26100122928619385
22900,167,train,eikonal,0.011652316898107529
22900,167,train,render,0.30583006143569946
22900,167,train,total,0.30699530243873596
23000,167,train,eikonal,0.0069784438237547874
23000,167,train,render,0.302002489566803
23000,167,train,total,0.30270034074783325
23100,168,train,eikonal,0.004001995082944632
23100,168,train,render,0.29528146982192993
23100,168,train,total,0.2956816554069519
23200,169,train,eikonal,0.005050943233072758
23200,169,train,render,0.2845768928527832
23200,169,train,total,0.28508198261260986
23300,170,train,eikonal,0.0045496816746890545
23300,170,train,render,0.2642292380332947
23300,170,train,total,0.26468420028686523
23400,170,train,eikonal,0.009435126557946205
23400,170,train,render,0.2996549606323242
23400,170,train,total,0.30059847235679626
23500,171,train,eikonal,0.01007380522787571
23500,171,train,render,0.30119991302490234
23500,171,train,total,0.3022072911262512
23600,172,train,eikonal,0.010482005774974823
23600,172,train,render,0.2872084081172943
23600,172,train,total,0.28825661540031433
23700,172,train,eikonal,0.011436316184699535
23700,172,train,render,0.29920217394828796
23700,172,train,total,0.3003458082675934
23800,173,train,eikonal,0.01052828412503004
23800,173,train,render,0.2674347162246704
23800,173,train,total,0.2684875428676605
23900,174,train,eikonal,0.008126011118292809
23900,174,train,render,0.27599871158599854
23900,174,train,total,0.27681130170822144
24000,175,train,eikonal,0.003685819450765848
24000,175,train,render,0.2826094329357147
24000,175,train,total,0.28297802805900574
24100,175,train,eikonal,0.006334970705211163
24100,175,train,render,0.25637221336364746
24100,175,train,total,0.2570057213306427
24200,176,train,eikonal,0.016391821205615997
24200,176,train,render,0.3249766230583191
24200,176,train,total,0.3266158103942871
24300,177,train,eikonal,0.004275115206837654
24300,177,train,render,0.2869599759578705
24300,177,train,total,0.287387490272522
24400,178,train,eikonal,0.007481622509658337
24400,178,train,render,0.2310464233160019
24400,178,train,total,0.2317945808172226
24500,178,train,eikonal,0.005165630951523781
24500,178,train,render,0.25826337933540344
24500,178,train,total,0.25877994298934937
24600,179,train,eikonal,0.008639717474579811
24600,179,train,render,0.30277329683303833
24600,179,train,total,0.3036372661590576
24700,180,train,eikonal,0.013900062069296837
24700,180,train,render,0.3294317126274109
24700,180,train,total,0.3308217227458954
24800,181,train,eikonal,0.009811539202928543
24800,181,train,render,0.2878314256668091
24800,181,train,total,0.2888125777244568
24900,181,train,eikonal,0.010680804029107094
24900,181,train,render,0.2611622214317322
24900,181,train,total,0.2622303068637848
25000,182,train,eikonal,0.006530677434056997
25000,182,train,render,0.2904958128929138
25000,182,train,total,0.2911488711833954
25100,183,train,eikonal,0.00713386619463563
25100,183,train,render,0.2995091676712036
25100,183,train,total,0.3002225458621979
25200,183,train,eikonal,0.003023737110197544
25200,183,train,render,0.29260316491127014
25200,183,train,total,0.2929055392742157
25300,184,train,eikonal,0.004401666112244129
25300,184,train,render,0.28439047932624817
25300,184,train,total,0.28483065962791443
25400,185,train,eikonal,0.01686675101518631
25400,185,train,render,0.27808743715286255
25400,185,train,total,0.27977409958839417
25500,186,train,eikonal,0.011316662654280663
25500,186,train,render,0.31041330099105835
25500,186,train,total,0.3115449547767639
25600,186,train,eikonal,0.013882829807698727
25600,186,train,render,0.28947746753692627
25600,186,train,total,0.2908657491207123
25700,187,train,eikonal,0.012392707169055939
25700,187,train,render,0.29538264870643616
25700,187,train,total,0.2966219186782837
25800,188,train,eikonal,0.010854877531528473
25800,188,train,render,0.28460025787353516
25800,188,train,total,0.2856857478618622
25900,189,train,eikonal,0.005209269002079964
25900,189,train,render,0.2602691948413849
25900,189,train,total,0.2607901096343994
26000,189,train,eikonal,0.012465485371649265
26000,189,train,render,0.2968258857727051
26000,189,train,total,0.2980724275112152
26100,190,train,eikonal,0.008825737982988358
26100,190,train,render,0.2862945795059204
26100,190,train,total,0.2871771454811096
26200,191,train,eikonal,0.008583655580878258
26200,191,train,render,0.28616851568222046
26200,191,train,total,0.28702688217163086
26300,191,train,eikonal,0.006456178147345781
26300,191,train,render,0.26985424757003784
26300,191,train,total,0.2704998552799225
26400,192,train,eikonal,0.010148081928491592
26400,192,train,render,0.2874302268028259
26400,192,train,total,0.28844502568244934
26500,193,train,eikonal,0.004006857983767986
26500,193,train,render,0.28309184312820435
26500,193,train,total,0.2834925353527069
26600,194,train,eikonal,0.011449901387095451
26600,194,train,render,0.3106231391429901
26600,194,train,total,0.311768114566803
26700,194,train,eikonal,0.005262336693704128
26700,194,train,render,0.2636425197124481
26700,194,train,total,0.26416873931884766
26800,195,train,eikonal,0.010131686925888062
26800,195,train,render,0.31773680448532104
26800,195,train,total,0.31874996423721313
26900,196,train,eikonal,0.003666843520477414
26900,196,train,render,0.30220264196395874
26900,196,train,total,0.30256932973861694
27000,197,train,eikonal,0.011181734502315521
27000,197,train,render,0.2877323627471924
27000,197,train,total,0.2888505458831787
27100,197,train,eikonal,0.0092624481767416
27100,197,train,render,0.3109883666038513
27100,197,train,total,0.3119146227836609
27200,198,train,eikonal,0.00885811261832714
27200,198,train,render,0.29553359746932983
27200,198,train,total,0.2964194118976593
27300,199,train,eikonal,0.00987296923995018
27300,199,train,render,0.2924329936504364
27300,199,train,total,0.29342028498649597
27400,200,train,eikonal,0.004637999460101128
27400,200,train,render,0.2783576250076294
27400,200,train,total,0.2788214385509491
27500,200,train,eikonal,0.015317877754569054
27500,200,train,render,0.2956944704055786
27500,200,train,total,0.2972262501716614
27600,201,train,eikonal,0.012900500558316708
27600,201,train,render,0.2730146646499634
27600,201,train,total,0.27430471777915955
27700,202,train,eikonal,0.009202886372804642
27700,202,train,render,0.25981277227401733
27700,202,train,total,0.26073306798934937
27800,202,train,eikonal,0.011094353161752224
27800,202,train,render,0.3026197850704193
27800,202,train,total,0.30372920632362366
27900,203,train,eikonal,0.013628524728119373
27900,203,train,render,0.2940744161605835
27900,203,train,total,0.2954372763633728
28000,204,train,eikonal,0.00604452658444643
28000,204,train,render,0.2900884747505188
28000,204,train,total,0.29069292545318604
28100,205,train,eikonal,0.00889294221997261
28100,205,train,render,0.3119267523288727
28100,205,train,total,0.3128160536289215
28200,205,train,eikonal,0.009170811623334885
28200,205,train,render,0.2888384461402893
28200,205,train,total,0.28975552320480347
28300,206,train,eikonal,0.005232206545770168
28300,206,train,render,0.29021120071411133
28300,206,train,total,0.2907344102859497
28400,207,train,eikonal,0.004137321375310421
28400,207,train,render,0.30639445781707764
28400,207,train,total,0.306808203458786
28500,208,train,eikonal,0.004631310235708952
28500,208,train,render,0.29527831077575684
28500,208,train,total,0.2957414388656616
28600,208,train,eikonal,0.009264993481338024
28600,208,train,render,0.29300010204315186
28600,208,train,total,0.2939265966415405
28700,209,train,eikonal,0.014677765779197216
28700,209,train,render,0.2808130979537964
28700,209,train,total,0.2822808623313904
28800,210,train,eikonal,0.00895873736590147
28800,210,train,render,0.2712205648422241
28800,210,train,total,0.27211645245552063
28900,210,train,eikonal,0.014888692647218704
28900,210,train,render,0.2847030758857727
28900,210,train,total,0.2861919403076172
29000,211,train,eikonal,0.011955443769693375
29000,211,train,render,0.2951887249946594
29000,211,train,total,0.2963842749595642
29100,212,train,eikonal,0.011124970391392708
29100,212,train,render,0.29958048462867737
29100,212,train,total,0.30069297552108765
29200,213,train,eikonal,0.00922742672264576
29200,213,train,render,0.2916359603404999
29200,213,train,total,0.2925586998462677
29300,213,train,eikonal,0.01347009465098381
29300,213,train,render,0.3052050471305847
29300,213,train,total,0.30655205249786377
29400,214,train,eikonal,0.018010754138231277
29400,214,train,render,0.3455948829650879
29400,214,train,total,0.34739595651626587
29500,215,train,eikonal,0.011925837956368923
29500,215,train,render,0.2990999221801758
29500,215,train,total,0.3002924919128418
29600,216,train,eikonal,0.017140569165349007
29600,216,train,render,0.3413776755332947
29600,216,train,total,0.3430917263031006
29700,216,train,eikonal,0.009394466876983643
29700,216,train,render,0.2891335189342499
29700,216,train,total,0.2900729775428772
29800,217,train,eikonal,0.005334945395588875
29800,217,train,render,0.30073314905166626
29800,217,train,total,0.3012666404247284
29900,218,train,eikonal,0.009343125857412815
29900,218,train,render,0.27278637886047363
29900,218,train,total,0.2737206816673279
30000,218,train,eikonal,0.010684567503631115
30000,218,train,render,0.2918856143951416
30000,218,train,total,0.29295405745506287
30100,219,train,eikonal,0.00870579294860363
30100,219,train,render,0.30849123001098633
30100,219,train,total,0.3093618154525757
30200,220,train,eikonal,0.013348840177059174
30200,220,train,render,0.2874503433704376
30200,220,train,total,0.2887852191925049
30300,221,train,eikonal,0.013629293069243431
30300,221,train,render,0.30632758140563965
30300,221,train,total,0.30769050121307373
30400,221,train,eikonal,0.009393136948347092
30400,221,train,render,0.2919236421585083
30400,221,train,total,0.2928629517555237
30500,222,train,eikonal,0.015313498675823212
30500,222,train,render,0.30499905347824097
30500,222,train,total,0.3065304160118103
30600,223,train,eikonal,0.004339210689067841
30600,223,train,render,0.27451735734939575
30600,223,train,total,0.2749512791633606
30700,224,train,eikonal,0.00604518037289381
30700,224,train,render,0.3073063790798187
30700,224,train,total,0.30791088938713074
30800,224,train,eikonal,0.01213304977864027
30800,224,train,render,0.3221566081047058
30800,224,train,total,0.32336992025375366
30900,225,train,eikonal,0.020086558535695076
30900,225,train,render,0.32631438970565796
30900,225,train,total,0.32832303643226624
31000,226,train,eikonal,0.006242708303034306
31000,226,train,render,0.2617660164833069
31000,226,train,total,0.26239028573036194
31100,227,train,eikonal,0.010982329957187176
31100,227,train,render,0.29043760895729065
31100,227,train,total,0.2915358543395996
31200,227,train,eikonal,0.008950676769018173
31200,227,train,render,0.2732526659965515
31200,227,train,total,0.27414771914482117
31300,228,train,eikonal,0.0065298257395625114
31300,228,train,render,0.3068755567073822
31300,228,train,total,0.3075285255908966
31400,229,train,eikonal,0.007361250463873148
31400,229,train,render,0.22789788246154785
31400,229,train,total,0.22863401472568512
31500,229,train,eikonal,0.015934273600578308
31500,229,train,render,0.31532734632492065
31500,229,train,total,0.31692078709602356
31600,230,train,eikonal,0.00455018924549222
31600,230,train,render,0.3073587715625763
31600,230,train,total,0.3078137934207916
31700,231,train,eikonal,0.010325316339731216
31700,231,train,render,0.30022525787353516
31700,231,train,total,0.30125778913497925
31800,232,train,eikonal,0.011884966865181923
31800,232,train,render,0.2966388761997223
31800,232,train,total,0.2978273630142212
31900,232,train,eikonal,0.005317359231412411
31900,232,train,render,0.3055056929588318
31900,232,train,total,0.30603742599487305
32000,233,train,eikonal,0.00475525576621294
32000,233,train,render,0.26739639043807983
32000,233,train,total,0.2678719162940979
32100,234,train,eikonal,0.008128778077661991
32100,234,train,render,0.24670463800430298
32100,234,train,total,0.24751751124858856
32200,235,train,eikonal,0.010405002161860466
32200,235,train,render,0.29068267345428467
32200,235,train,total,0.2917231619358063
32300,235,train,eikonal,0.004190335050225258
32300,235,train,render,0.2879548668861389
32300,235,train,total,0.2883738875389099
32400,236,train,eikonal,0.0044748056679964066
32400,236,train,render,0.2840461730957031
32400,236,train,total,0.28449365496635437
32500,237,train,eikonal,0.01003231666982174
32500,237,train,render,0.31853997707366943
32500,237,train,total,0.3195432126522064
32600,237,train,eikonal,0.009483901783823967
32600,237,train,render,0.29338574409484863
32600,237,train,total,0.29433414340019226
32700,238,train,eikonal,0.00894887000322342
32700,238,train,render,0.2823483943939209
32700,238,train,total,0.2832432687282562
32800,239,train,eikonal,0.004471292719244957
32800,239,train,render,0.2848469913005829
32800,239,train,total,0.2852941155433655
32900,240,train,eikonal,0.009858991950750351
32900,240,train,render,0.28052639961242676
32900,240,train,total,0.2815122902393341
33000,240,train,eikonal,0.012938031926751137
33000,240,train,render,0.31901752948760986
33000,240,train,total,0.3203113377094269
33100,241,train,eikonal,0.013884508982300758
33100,241,train,render,0.2919071912765503
33100,241,train,total,0.29329565167427063
33200,242,train,eikonal,0.0035020322538912296
33200,242,train,render,0.29442116618156433
33200,242,train,total,0.29477137327194214
33300,243,train,eikonal,0.011351631954312325
33300,243,train,render,0.29106953740119934
33300,243,train,total,0.29220470786094666
33400,243,train,eikonal,0.004317008424550295
33400,243,train,render,0.2893601059913635
33400,243,train,total,0.2897917926311493
33500,244,train,eikonal,0.009861931204795837
33500,244,train,render,0.2966199517250061
33500,244,train,total,0.29760614037513733
33600,245,train,eikonal,0.008707748726010323
33600,245,train,render,0.2927281856536865
33600,245,train,total,0.2935989499092102
33700,245,train,eikonal,0.008964160457253456
33700,245,train,render,0.31699997186660767
33700,245,train,total,0.31789639592170715
33800,246,train,eikonal,0.012680644169449806
33800,246,train,render,0.2944433093070984
33800,246,train,total,0.29571136832237244
33900,247,train,eikonal,0.006669763941317797
33900,247,train,render,0.30343878269195557
33900,247,train,total,0.3041057586669922
34000,248,train,eikonal,0.010128389112651348
34000,248,train,render,0.27079761028289795
34000,248,train,total,0.2718104422092438
34100,248,train,eikonal,0.004699936136603355
34100,248,train,render,0.2780868709087372
34100,248,train,total,0.27855685353279114
34200,249,train,eikonal,0.0036659000907093287
34200,249,train,render,0.3009112477302551
34200,249,train,total,0.30127784609794617
34300,250,train,eikonal,0.009818296879529953
34300,250,train,render,0.3070961833000183
34300,250,train,total,0.30807802081108093
34400,251,train,eikonal,0.009429823607206345
34400,251,train,render,0.2860047221183777
34400,251,train,total,0.28694769740104675
34500,251,train,eikonal,0.008113584481179714
34500,251,train,render,0.2854969799518585
34500,251,train,total,0.2863083481788635
34600,252,train,eikonal,0.010437858290970325
34600,252,train,render,0.27802854776382446
34600,252,train,total,0.2790723443031311
34700,253,train,eikonal,0.012795964255928993
34700,253,train,render,0.3026428818702698
34700,253,train,total,0.30392247438430786
34800,254,train,eikonal,0.008600271306931973
34800,254,train,render,0.2592322826385498
34800,254,train,total,0.2600923180580139
34900,254,train,eikonal,0.0033414519857615232
34900,254,train,render,0.2712065577507019
34900,254,train,total,0.27154070138931274
35000,255,train,eikonal,0.010037986561655998
35000,255,train,render,0.2961997389793396
35000,255,train,total,0.29720354080200195
35100,256,train,eikonal,0.012371384538710117
35100,256,train,render,0.30498555302619934
35100,256,train,total,0.30622267723083496
35200,256,train,eikonal,0.017912760376930237
35200,256,train,render,0.3115691542625427
35200,256,train,total,0.31336042284965515
35300,257,train,eikonal,0.009792542085051537
35300,257,train,render,0.2855607867240906
35300,257,train,total,0.28654003143310547
35400,258,train,eikonal,0.014593526721000671
35400,258,train,render,0.2966688275337219
35400,258,train,total,0.2981281876564026
35500,259,train,eikonal,0.004190296865999699
35500,259,train,render,0.2737950086593628
35500,259,train,total,0.2742140293121338
35600,259,train,eikonal,0.004685554653406143
35600,259,train,render,0.29234063625335693
35600,259,train,total,0.2928091883659363
35700,260,train,eikonal,0.011506236158311367
35700,260,train,render,0.24608628451824188
35700,260,train,total,0.24723690748214722
35800,261,train,eikonal,0.016729947179555893
35800,261,train,render,0.3270375728607178
35800,261,train,total,0.32871055603027344
35900,262,train,eikonal,0.009749364107847214
35900,262,train,render,0.2991851270198822
35900,262,train,total,0.3001600503921509
36000,262,train,eikonal,0.011107446625828743
36000,262,train,render,0.321108877658844
36000,262,train,total,0.3222196102142334
36100,263,train,eikonal,0.0075432490557432175
36100,263,train,render,0.25886452198028564
36100,263,train,total,0.2596188485622406
36200,264,train,eikonal,0.01465669646859169
36200,264,train,render,0.2848183810710907
36200,264,train,total,0.28628405928611755
36300,264,train,eikonal,0.011880060657858849
36300,264,train,render,0.31129133701324463
36300,264,train,total,0.3124793469905853
36400,265,train,eikonal,0.010176227428019047
36400,265,train,render,0.2866714596748352
36400,265,train,total,0.28768908977508545
36500,266,train,eikonal,0.004535291343927383
36500,266,train,render,0.2850075364112854
36500,266,train,total,0.28546106815338135
36600,267,train,eikonal,0.004921860061585903
36600,267,train,render,0.2967805862426758
36600,267,train,total,0.29727277159690857
36700,267,train,eikonal,0.012357230298221111
36700,267,train,render,0.30865687131881714
36700,267,train,total,0.30989259481430054
36800,268,train,eikonal,0.008045227266848087
36800,268,train,render,0.27485907077789307
36800,268,train,total,0.2756635844707489
36900,269,train,eikonal,0.01619388721883297
36900,269,train,render,0.32381659746170044
36900,269,train,total,0.325435996055603
37000,270,train,eikonal,0.015963111072778702
37000,270,train,render,0.300150990486145
37000,270,train,total,0.30174729228019714
37100,270,train,eikonal,0.012046688236296177
37100,270,train,render,0.2747983932495117
37100,270,train,total,0.27600306272506714
37200,271,train,eikonal,0.00902105774730444
37200,271,train,render,0.2751752734184265
37200,271,train,total,0.27607738971710205
37300,272,train,eikonal,0.0035833967849612236
37300,272,train,render,0.2950716018676758
37300,272,train,total,0.29542994499206543
37400,272,train,eikonal,0.010623466223478317
37400,272,train,render,0.30134573578834534
37400,272,train,total,0.3024080693721771
37500,273,train,eikonal,0.00626428471878171
37500,273,train,render,0.2742641568183899
37500,273,train,total,0.27489057183265686
37600,274,train,eikonal,0.01593841426074505
37600,274,train,render,0.31474557518959045
37600,274,train,total,0.3163394033908844
37700,275,train,eikonal,0.0038825739175081253
37700,275,train,render,0.29253584146499634
37700,275,train,total,0.29292410612106323
37800,275,train,eikonal,0.01076887734234333
37800,275,train,render,0.2867966294288635
37800,275,train,total,0.2878735065460205
37900,276,train,eikonal,0.011274116113781929
37900,276,train,render,0.3100546598434448
37900,276,train,total,0.31118208169937134
38000,277,train,eikonal,0.008683189749717712
38000,277,train,render,0.304840087890625
38000,277,train,total,0.3057084083557129
38100,278,train,eikonal,0.009576288983225822
38100,278,train,render,0.2967986464500427
38100,278,train,total,0.29775628447532654
38200,278,train,eikonal,0.01600983738899231
38200,278,train,render,0.3052052855491638
38200,278,train,total,0.3068062663078308
38300,279,train,eikonal,0.011273950338363647
38300,279,train,render,0.2637742757797241
38300,279,train,total,0.26490166783332825
38400,280,train,eikonal,0.016383066773414612
38400,280,train,render,0.3111110031604767
38400,280,train,total,0.31274929642677307
38500,281,train,eikonal,0.015503719449043274
38500,281,train,render,0.300665020942688
38500,281,train,total,0.3022153973579407
38600,281,train,eikonal,0.014016322791576385
38600,281,train,render,0.30469077825546265
38600,281,train,total,0.30609241127967834
38700,282,train,eikonal,0.014302748255431652
38700,282,train,render,0.31210047006607056
38700,282,train,total,0.31353074312210083
38800,283,train,eikonal,0.01025435421615839
38800,283,train,render,0.2682251036167145
38800,283,train,total,0.2692505419254303
38900,283,train,eikonal,0.006975973956286907
38900,283,train,render,0.2829810082912445
38900,283,train,total,0.2836785912513733
39000,284,train,eikonal,0.007728342432528734
39000,284,train,render,0.2755412459373474
39000,284,train,total,0.2763140797615051
39100,285,train,eikonal,0.0037865994963794947
39100,285,train,render,0.2912730574607849
39100,285,train,total,0.29165172576904297
39200,286,train,eikonal,0.00498584657907486
39200,286,train,render,0.2779719829559326
39200,286,train,total,0.27847057580947876
39300,286,train,eikonal,0.0060773082077503204
39300,286,train,render,0.27615630626678467
39300,286,train,total,0.27676403522491455
39400,287,train,eikonal,0.009337974712252617
39400,287,train,render,0.2767722010612488
39400,287,train,total,0.27770599722862244
39500,288,train,eikonal,0.013632777146995068
39500,288,train,render,0.2926263213157654
39500,288,train,total,0.2939895987510681
39600,289,train,eikonal,0.008482048287987709
39600,289,train,render,0.2886558175086975
39600,289,train,total,0.2895040214061737
39700,289,train,eikonal,0.00993431732058525
39700,289,train,render,0.2985847294330597
39700,289,train,total,0.29957816004753113
39800,290,train,eikonal,0.0105791250243783
39800,290,train,render,0.2863491177558899
39800,290,train,total,0.2874070405960083
39900,291,train,eikonal,0.010058620944619179
39900,291,train,render,0.30446627736091614
39900,291,train,total,0.30547213554382324
40000,291,train,eikonal,0.010107011534273624
40000,291,train,render,0.30120667815208435
40000,291,train,total,0.30221739411354065
40100,292,train,eikonal,0.012135903351008892
40100,292,train,render,0.343950092792511
40100,292,train,total,0.3451636731624603
40200,293,train,eikonal,0.004080870188772678
40200,293,train,render,0.2900325655937195
40200,293,train,total,0.2904406487941742
40300,294,train,eikonal,0.0057900445535779
40300,294,train,render,0.3173298239707947
40300,294,train,total,0.3179088234901428
40400,294,train,eikonal,0.004082411527633667
40400,294,train,render,0.2900637984275818
40400,294,train,total,0.29047203063964844
40500,295,train,eikonal,0.01578429713845253
40500,295,train,render,0.28552088141441345
40500,295,train,total,0.28709930181503296
40600,296,train,eikonal,0.005196861457079649
40600,296,train,render,0.2736499309539795
40600,296,train,total,0.2741696238517761
40700,297,train,eikonal,0.015259169042110443
40700,297,train,render,0.3104308843612671
40700,297,train,total,0.3119567930698395
40800,297,train,eikonal,0.007840009406208992
40800,297,train,render,0.29839521646499634
40800,297,train,total,0.29917922616004944
40900,298,train,eikonal,0.015357738360762596
40900,298,train,render,0.28928953409194946
40900,298,train,total,0.2908253073692322
41000,299,train,eikonal,0.016332074999809265
41000,299,train,render,0.29570770263671875
41000,299,train,total,0.29734089970588684
41100,300,train,eikonal,0.010202771052718163
41100,300,train,render,0.27283036708831787
41100,300,train,total,0.2738506495952606
41200,300,train,eikonal,0.008226929232478142
41200,300,train,render,0.2947447896003723
41200,300,train,total,0.29556748270988464
41300,301,train,eikonal,0.003766580019146204
41300,301,train,render,0.25935012102127075
41300,301,train,total,0.25972679257392883
41400,302,train,eikonal,0.00925877969712019
41400,302,train,render,0.30335623025894165
41400,302,train,total,0.3042820990085602
41500,302,train,eikonal,0.010236702859401703
41500,302,train,render,0.28314125537872314
41500,302,train,total,0.2841649353504181
41600,303,train,eikonal,0.003927445039153099
41600,303,train,render,0.29056352376937866
41600,303,train,total,0.2909562587738037
41700,304,train,eikonal,0.004700888879597187
41700,304,train,render,0.24935543537139893
41700,304,train,total,0.24982552230358124
41800,305,train,eikonal,0.008756162598729134
41800,305,train,render,0.2973233759403229
41800,305,train,total,0.29819899797439575
41900,305,train,eikonal,0.008972065523266792
41900,305,train,render,0.25119906663894653
41900,305,train,total,0.2520962655544281
42000,306,train,eikonal,0.008983490988612175
42000,306,train,render,0.3113931119441986
42000,306,train,total,0.3122914731502533
42100,307,train,eikonal,0.004543233662843704
42100,307,train,render,0.2869793474674225
42100,307,train,total,0.2874336838722229
42200,308,train,eikonal,0.004096724092960358
42200,308,train,render,0.30563026666641235
42200,308,train,total,0.3060399293899536
42300,308,train,eikonal,0.009539646096527576
42300,308,train,render,0.27966511249542236
42300,308,train,total,0.2806190848350525
42400,309,train,eikonal,0.0034618182107806206
42400,309,train,render,0.25546562671661377
42400,309,train,total,0.25581181049346924
42500,310,train,eikonal,0.008358640596270561
42500,310,train,render,0.29559463262557983
42500,310,train,total,0.2964304983615875
42600,310,train,eikonal,0.0066076843068003654
42600,310,train,render,0.24848078191280365
42600,310,train,total,0.24914154410362244
42700,311,train,eikonal,0.009733952581882477
42700,311,train,render,0.28689539432525635
42700,311,train,total,0.28786879777908325
42800,312,train,eikonal,0.01066908985376358
42800,312,train,render,0.2727029621601105
42800,312,train,total,0.27376988530158997
42900,313,train,eikonal,0.00478719174861908
42900,313,train,render,0.25658145546913147
42900,313,train,total,0.257060170173645
43000,313,train,eikonal,0.015682261437177658
43000,313,train,render,0.30703204870224
43000,313,train,total,0.3086002767086029
43100,314,train,eikonal,0.005470230244100094
43100,314,train,render,0.28616833686828613
43100,314,train,total,0.2867153584957123
43200,315,train,eikonal,0.0034643099643290043
43200,315,train,render,0.27736884355545044
43200,315,train,total,0.277715265750885
43300,316,train,eikonal,0.006386581342667341
43300,316,train,render,0.22574351727962494
43300,316,train,total,0.22638218104839325
43400,316,train,eikonal,0.011098628863692284
43400,316,train,render,0.2615147829055786
43400,316,train,total,0.2626246511936188
43500,317,train,eikonal,0.005062206648290157
43500,317,train,render,0.27709197998046875
43500,317,train,total,0.27759820222854614
43600,318,train,eikonal,0.0033062545116990805
43600,318,train,render,0.29368215799331665
43600,318,train,total,0.29401278495788574
43700,318,train,eikonal,0.009444436058402061
43700,318,train,render,0.26234668493270874
43700,318,train,total,0.2632911205291748
43800,319,train,eikonal,0.008170055225491524
43800,319,train,render,0.2963736057281494
43800,319,train,total,0.2971906065940857
43900,320,train,eikonal,0.007943788543343544
43900,320,train,render,0.2794925570487976
43900,320,train,total,0.2802869379520416
44000,321,train,eikonal,0.005143968854099512
44000,321,train,render,0.33482903242111206
44000,321,train,total,0.3353434205055237
44100,321,train,eikonal,0.0035096104256808758
44100,321,train,render,0.2721465229988098
44100,321,train,total,0.2724974751472473
44200,322,train,eikonal,0.00911987479776144
44200,322,train,render,0.2978765368461609
44200,322,train,total,0.29878851771354675
44300,323,train,eikonal,0.006916417740285397
44300,323,train,render,0.32176148891448975
44300,323,train,total,0.3224531412124634
44400,324,train,eikonal,0.005758130922913551
44400,324,train,render,0.2728016972541809
44400,324,train,total,0.27337750792503357
44500,324,train,eikonal,0.002927562454715371
44500,324,train,render,0.26678821444511414
44500,324,train,total,0.26708096265792847
44600,325,train,eikonal,0.0037082447670400143
44600,325,train,render,0.2795860171318054
44600,325,train,total,0.2799568474292755
44700,326,train,eikonal,0.013330713845789433
44700,326,train,render,0.320406436920166
44700,326,train,total,0.3217394948005676
44800,327,train,eikonal,0.003929845057427883
44800,327,train,render,0.2708495259284973
44800,327,train,total,0.27124249935150146
44900,327,train,eikonal,0.0025312015786767006
44900,327,train,render,0.26466259360313416
44900,327,train,total,0.26491570472717285
45000,328,train,eikonal,0.010227731429040432
45000,328,train,render,0.29599568247795105
45000,328,train,total,0.29701846837997437
45100,329,train,eikonal,0.014456351287662983
45100,329,train,render,0.31969404220581055
45100,329,train,total,0.3211396634578705
45200,329,train,eikonal,0.005792304407805204
45200,329,train,render,0.2446674108505249
45200,329,train,total,0.24524663388729095
45300,330,train,eikonal,0.005647428799420595
45300,330,train,render,0.2177286297082901
45300,330,train,total,0.21829336881637573
45400,331,train,eikonal,0.003924413584172726
45400,331,train,render,0.2876052260398865
45400,331,train,total,0.28799766302108765
45500,332,train,eikonal,0.0041823796927928925
45500,332,train,render,0.29805347323417664
45500,332,train,total,0.29847171902656555
45600,332,train,eikonal,0.01286005973815918
45600,332,train,render,0.27679795026779175
45600,332,train,total,0.2780839502811432
45700,333,train,eikonal,0.0056048608385026455
45700,333,train,render,0.2960520386695862
45700,333,train,total,0.29661253094673157
45800,334,train,eikonal,0.010053303092718124
45800,334,train,render,0.292930543422699
45800,334,train,total,0.2939358651638031
45900,335,train,eikonal,0.004123925697058439
45900,335,train,render,0.3064951002597809
45900,335,train,total,0.3069075047969818
46000,335,train,eikonal,0.004064178094267845
46000,335,train,render,0.2727256417274475
46000,335,train,total,0.2731320559978485
46100,336,train,eikonal,0.010136701166629791
46100,336,train,render,0.2819204330444336
46100,336,train,total,0.2829340994358063
46200,337,train,eikonal,0.010742620564997196
46200,337,train,render,0.3018715977668762
46200,337,train,total,0.3029458522796631
46300,337,train,eikonal,0.009281262755393982
46300,337,train,render,0.2868350148200989
46300,337,train,total,0.28776314854621887
46400,338,train,eikonal,0.01674230955541134
46400,338,train,render,0.30038073658943176
46400,338,train,total,0.3020549714565277
46500,339,train,eikonal,0.009439817629754543
46500,339,train,render,0.290905237197876
46500,339,train,total,0.2918492257595062
46600,340,train,eikonal,0.008780594915151596
46600,340,train,render,0.28187865018844604
46600,340,train,total,0.2827567160129547
46700,340,train,eikonal,0.004706286359578371
46700,340,train,render,0.2573687434196472
46700,340,train,total,0.2578393816947937
46800,341,train,eikonal,0.004195873625576496
46800,341,train,render,0.278944730758667
46800,341,train,total,0.27936431765556335
46900,342,train,eikonal,0.004407769069075584
46900,342,train,render,0.2984974980354309
46900,342,train,total,0.2989382743835449
47000,343,train,eikonal,0.003898444352671504
47000,343,train,render,0.2865919768810272
47000,343,train,total,0.28698182106018066
47100,343,train,eikonal,0.010281060822308064
47100,343,train,render,0.3115203380584717
47100,343,train,total,0.3125484585762024
47200,344,train,eikonal,0.012781186029314995
47200,344,train,render,0.2641862630844116
47200,344,train,total,0.2654643952846527
47300,345,train,eikonal,0.004665082320570946
47300,345,train,render,0.29576000571250916
47300,345,train,total,0.29622650146484375
47400,345,train,eikonal,0.012240640819072723
47400,345,train,render,0.29428666830062866
47400,345,train,total,0.29551073908805847
47500,346,train,eikonal,0.004002849571406841
47500,346,train,render,0.27782565355300903
47500,346,train,total,0.27822592854499817
47600,347,train,eikonal,0.010299364104866982
47600,347,train,render,0.2772206664085388
47600,347,train,total,0.2782506048679352
47700,348,train,eikonal,0.006573325954377651
47700,348,train,render,0.24252404272556305
47700,348,train,total,0.24318137764930725
47800,348,train,eikonal,0.008982131257653236
47800,348,train,render,0.290449857711792
47800,348,train,total,0.29134806990623474
47900,349,train,eikonal,0.007017767988145351
47900,349,train,render,0.2634551525115967
47900,349,train,total,0.26415693759918213
48000,350,train,eikonal,0.009187808260321617
48000,350,train,render,0.2975844144821167
48000,350,train,total,0.29850319027900696
48100,351,train,eikonal,0.007072743959724903
48100,351,train,render,0.2744039297103882
48100,351,train,total,0.27511119842529297
48200,351,train,eikonal,0.00963357649743557
48200,351,train,render,0.3151513934135437
48200,351,train,total,0.31611475348472595
48300,352,train,eikonal,0.010040299966931343
48300,352,train,render,0.28783318400382996
48300,352,train,total,0.2888372242450714
48400,353,train,eikonal,0.011296998709440231
48400,353,train,render,0.29831981658935547
48400,353,train,total,0.29944950342178345
48500,354,train,eikonal,0.004360520746558905
48500,354,train,render,0.2876463532447815
48500,354,train,total,0.28808239102363586
48600,354,train,eikonal,0.010500360280275345
48600,354,train,render,0.3055460751056671
48600,354,train,total,0.3065961003303528
48700,355,train,eikonal,0.00422163400799036
48700,355,train,render,0.2888129949569702
48700,355,train,total,0.2892351448535919
48800,356,train,eikonal,0.012773742899298668
48800,356,train,render,0.306024432182312
48800,356,train,total,0.3073018193244934
48900,356,train,eikonal,0.00906785111874342
48900,356,train,render,0.27597153186798096
48900,356,train,total,0.27687832713127136
49000,357,train,eikonal,0.010036380961537361
49000,357,train,render,0.2841812074184418
49000,357,train,total,0.2851848602294922
49100,358,train,eikonal,0.013806980103254318
49100,358,train,render,0.30629438161849976
49100,358,train,total,0.3076750934123993
49200,359,train,eikonal,0.010083101689815521
49200,359,train,render,0.3003314137458801
49200,359,train,total,0.301339715719223
49300,359,train,eikonal,0.009448517113924026
49300,359,train,render,0.2796136736869812
49300,359,train,total,0.2805585265159607
49400,360,train,eikonal,0.01516450010240078
49400,360,train,render,0.31767538189888
49400,360,train,total,0.3191918432712555
49500,361,train,eikonal,0.006407704204320908
49500,361,train,render,0.2945334315299988
49500,361,train,total,0.2951742112636566
49600,362,train,eikonal,0.00982872024178505
49600,362,train,render,0.3043643832206726
49600,362,train,total,0.3053472638130188
49700,362,train,eikonal,0.0042103128507733345
49700,362,train,render,0.2752653956413269
49700,362,train,total,0.2756864130496979
49800,363,train,eikonal,0.006797339767217636
49800,363,train,render,0.29481613636016846
49800,363,train,total,0.295495867729187
49900,364,train,eikonal,0.012498399242758751
49900,364,train,render,0.32403916120529175
49900,364,train,total,0.3252890110015869
50000,364,train,eikonal,0.01021171547472477
50000,364,train,render,0.30779141187667847
50000,364,train,total,0.30881258845329285
50100,365,train,eikonal,0.010171634145081043
50100,365,train,render,0.28069186210632324
50100,365,train,total,0.2817090153694153
50200,366,train,eikonal,0.011575603857636452
50200,366,train,render,0.29927942156791687
50200,366,train,total,0.30043697357177734
50300,367,train,eikonal,0.007690129801630974
50300,367,train,render,0.30538052320480347
50300,367,train,total,0.30614954233169556
50400,367,train,eikonal,0.005434596911072731
50400,367,train,render,0.2752964496612549
50400,367,train,total,0.2758398950099945
50500,368,train,eikonal,0.004516511224210262
50500,368,train,render,0.2914127707481384
50500,368,train,total,0.29186442494392395
50600,369,train,eikonal,0.01031704805791378
50600,369,train,render,0.29734426736831665
50600,369,train,total,0.2983759641647339
50700,370,train,eikonal,0.004514273721724749
50700,370,train,render,0.2846882939338684
50700,370,train,total,0.28513970971107483
50800,370,train,eikonal,0.015912208706140518
50800,370,train,render,0.3068307042121887
50800,370,train,total,0.30842193961143494
50900,371,train,eikonal,0.008705292828381062
50900,371,train,render,0.29146909713745117
50900,371,train,total,0.29233962297439575
51000,372,train,eikonal,0.007837345823645592
51000,372,train,render,0.27277326583862305
51000,372,train,total,0.27355700731277466
51100,372,train,eikonal,0.009087955579161644
51100,372,train,render,0.2787618041038513
51100,372,train,total,0.2796705961227417
51200,373,train,eikonal,0.0036923375446349382
51200,373,train,render,0.27580177783966064
51200,373,train,total,0.2761709988117218
51300,374,train,eikonal,0.005994177423417568
51300,374,train,render,0.26256561279296875
51300,374,train,total,0.26316502690315247
51400,375,train,eikonal,0.0041842982172966
51400,375,train,render,0.26521676778793335
51400,375,train,total,0.2656351923942566
51500,375,train,eikonal,0.0059747896157205105
51500,375,train,render,0.2644624710083008
51500,375,train,total,0.2650599479675293
51600,376,train,eikonal,0.008943319320678711
51600,376,train,render,0.3274299204349518
51600,376,train,total,0.32832425832748413
51700,377,train,eikonal,0.0042080325074493885
51700,377,train,render,0.24158182740211487
51700,377,train,total,0.24200263619422913
51800,378,train,eikonal,0.009245555847883224
51800,378,train,render,0.3107060194015503
51800,378,train,total,0.31163057684898376
51900,378,train,eikonal,0.0064114853739738464
51900,378,train,render,0.2624889016151428
51900,378,train,total,0.2631300389766693
52000,379,train,eikonal,0.009033908136188984
52000,379,train,render,0.27410566806793213
52000,379,train,total,0.27500906586647034
52100,380,train,eikonal,0.00946217030286789
52100,380,train,render,0.3196587562561035
52100,380,train,total,0.32060497999191284
52200,381,train,eikonal,0.009584425017237663
52200,381,train,render,0.29518330097198486
52200,381,train,total,0.29614174365997314
52300,381,train,eikonal,0.011579770594835281
52300,381,train,render,0.30274730920791626
52300,381,train,total,0.30390527844429016
52400,382,train,eikonal,0.014476202428340912
52400,382,train,render,0.310383141040802
52400,382,train,total,0.3118307590484619
52500,383,train,eikonal,0.013712767511606216
52500,383,train,render,0.3118899464607239
52500,383,train,total,0.3132612109184265
52600,383,train,eikonal,0.014337066560983658
52600,383,train,render,0.31777718663215637
52600,383,train,total,0.31921088695526123
52700,384,train,eikonal,0.007562434300780296
52700,384,train,render,0.2906956374645233
52700,384,train,total,0.2914518713951111
52800,385,train,eikonal,0.003699646797031164
52800,385,train,render,0.3024994730949402
52800,385,train,total,0.30286943912506104
52900,386,train,eikonal,0.013415426947176456
52900,386,train,render,0.3072740435600281
52900,386,train,total,0.3086155951023102
53000,386,train,eikonal,0.011171816848218441
53000,386,train,render,0.26427698135375977
53000,386,train,total,0.2653941512107849
53100,387,train,eikonal,0.008521173149347305
53100,387,train,render,0.3016602396965027
53100,387,train,total,0.30251234769821167
53200,388,train,eikonal,0.0036840259563177824
53200,388,train,render,0.2703280448913574
53200,388,train,total,0.2706964612007141
53300,389,train,eikonal,0.016990328207612038
53300,389,train,render,0.3104832172393799
53300,389,train,total,0.3121822476387024
53400,389,train,eikonal,0.005149372853338718
53400,389,train,render,0.2889309525489807
53400,389,train,total,0.2894458770751953
53500,390,train,eikonal,0.005470852367579937
53500,390,train,render,0.2924259901046753
53500,390,train,total,0.2929730713367462
53600,391,train,eikonal,0.008624195121228695
53600,391,train,render,0.2805493474006653
53600,391,train,total,0.2814117670059204
53700,391,train,eikonal,0.003951686434447765
53700,391,train,render,0.2558509111404419
53700,391,train,total,0.25624608993530273
53800,392,train,eikonal,0.009813755750656128
53800,392,train,render,0.30848923325538635
53800,392,train,total,0.30947059392929077
53900,393,train,eikonal,0.009394685737788677
53900,393,train,render,0.2803462743759155
53900,393,train,total,0.28128573298454285
54000,394,train,eikonal,0.0025823607575148344
54000,394,train,render,0.27043774724006653
54000,394,train,total,0.2706959843635559
54100,394,train,eikonal,0.0084494948387146
54100,394,train,render,0.29472124576568604
54100,394,train,total,0.295566201210022
54200,395,train,eikonal,0.0037017029244452715
54200,395,train,render,0.3001721501350403
54200,395,train,total,0.30054232478141785
54300,396,train,eikonal,0.009319949895143509
54300,396,train,render,0.29847443103790283
54300,396,train,total,0.2994064390659332
54400,397,train,eikonal,0.009427130222320557
54400,397,train,render,0.29952171444892883
54400,397,train,total,0.3004644215106964
54500,397,train,eikonal,0.003159791696816683
54500,397,train,render,0.30180948972702026
54500,397,train,total,0.302125483751297
54600,398,train,eikonal,0.009508872404694557
54600,398,train,render,0.2759286165237427
54600,398,train,total,0.2768794894218445
54700,399,train,eikonal,0.010322019457817078
54700,399,train,render,0.30514639616012573
54700,399,train,total,0.30617859959602356
54800,400,train,eikonal,0.008149350062012672
54800,400,train,render,0.3189051151275635
54800,400,train,total,0.319720059633255
54900,400,train,eikonal,0.008393663913011551
54900,400,train,render,0.2762110233306885
54900,400,train,total,0.2770503759384155
55000,401,train,eikonal,0.009281202219426632
55000,401,train,render,0.318942666053772
55000,401,train,total,0.31987079977989197
55100,402,train,eikonal,0.010781246237456799
55100,402,train,render,0.28823167085647583
55100,402,train,total,0.2893097996711731
55200,402,train,eikonal,0.009503399953246117
55200,402,train,render,0.2913745045661926
55200,402,train,total,0.29232484102249146
55300,403,train,eikonal,0.012190116569399834
55300,403,train,render,0.27667778730392456
55300,403,train,total,0.27789679169654846
55400,404,train,eikonal,0.006361820735037327
55400,404,train,render,0.28317582607269287
55400,404,train,total,0.283812016248703
55500,405,train,eikonal,0.012108462862670422
55500,405,train,render,0.3215816020965576
55500,405,train,total,0.3227924406528473
55600,405,train,eikonal,0.005548207089304924
55600,405,train,render,0.28902584314346313
55600,405,train,total,0.28958067297935486
55700,406,train,eikonal,0.010505521669983864
55700,406,train,render,0.286735475063324
55700,406,train,total,0.2877860367298126
55800,407,train,eikonal,0.004919239319860935
55800,407,train,render,0.3194170594215393
55800,407,train,total,0.3199089765548706
55900,408,train,eikonal,0.008666573092341423
55900,408,train,render,0.3016023635864258
55900,408,train,total,0.30246901512145996
56000,408,train,eikonal,0.004682905040681362
56000,408,train,render,0.2997114062309265
56000,408,train,total,0.30017969012260437
56100,409,train,eikonal,0.010506992228329182
56100,409,train,render,0.2713603973388672
56100,409,train,total,0.2724111080169678
56200,410,train,eikonal,0.006995051633566618
56200,410,train,render,0.29349905252456665
56200,410,train,total,0.29419854283332825
56300,410,train,eikonal,0.004663490690290928
56300,410,train,render,0.2381647527217865
56300,410,train,total,0.23863109946250916
56400,411,train,eikonal,0.004339166451245546
56400,411,train,render,0.27144739031791687
56400,411,train,total,0.2718813121318817
56500,412,train,eikonal,0.013499505817890167
56500,412,train,render,0.2963806986808777
56500,412,train,total,0.2977306544780731
56600,413,train,eikonal,0.00554693816229701
56600,413,train,render,0.2711360454559326
56600,413,train,total,0.2716907262802124
56700,413,train,eikonal,0.009224952198565006
56700,413,train,render,0.26984137296676636
56700,413,train,total,0.2707638740539551
56800,414,train,eikonal,0.005548215936869383
56800,414,train,render,0.26854729652404785
56800,414,train,total,0.2691021263599396
56900,415,train,eikonal,0.0087682344019413
56900,415,train,render,0.25410765409469604
56900,415,train,total,0.25498446822166443
57000,416,train,eikonal,0.00992654450237751
57000,416,train,render,0.29410380125045776
57000,416,train,total,0.2950964570045471
57100,416,train,eikonal,0.009247608482837677
57100,416,train,render,0.27525418996810913
57100,416,train,total,0.2761789560317993
57200,417,train,eikonal,0.004545358940958977
57200,417,train,render,0.25957977771759033
57200,417,train,total,0.26003432273864746
57300,418,train,eikonal,0.0054860301315784454
57300,418,train,render,0.2876027822494507
57300,418,train,total,0.2881513833999634
57400,418,train,eikonal,0.00836145505309105
57400,418,train,render,0.2392970770597458
57400,418,train,total,0.24013322591781616
57500,419,train,eikonal,0.005791145842522383
57500,419,train,render,0.27871549129486084
57500,419,train,total,0.27929461002349854
57600,420,train,eikonal,0.009876033291220665
57600,420,train,render,0.27574455738067627
57600,420,train,total,0.2767321467399597
57700,421,train,eikonal,0.004410744644701481
57700,421,train,render,0.2711130380630493
57700,421,train,total,0.2715541124343872
57800,421,train,eikonal,0.004651979543268681
57800,421,train,render,0.29944074153900146
57800,421,train,total,0.299905925989151
57900,422,train,eikonal,0.008306968957185745
57900,422,train,render,0.2710316777229309
57900,422,train,total,0.2718623876571655
58000,423,train,eikonal,0.011321903206408024
58000,423,train,render,0.3109297752380371
58000,423,train,total,0.31206196546554565
58100,424,train,eikonal,0.013388913124799728
58100,424,train,render,0.275146484375
58100,424,train,total,0.2764853835105896
58200,424,train,eikonal,0.012072747573256493
58200,424,train,render,0.29095393419265747
58200,424,train,total,0.2921611964702606
58300,425,train,eikonal,0.004601423162966967
58300,425,train,render,0.2764253616333008
58300,425,train,total,0.2768855094909668
58400,426,train,eikonal,0.005050445906817913
58400,426,train,render,0.29542797803878784
58400,426,train,total,0.2959330081939697
58500,427,train,eikonal,0.004794252570718527
58500,427,train,render,0.3091815114021301
58500,427,train,total,0.309660941362381
58600,427,train,eikonal,0.011732346378266811
58600,427,train,render,0.2873919904232025
58600,427,train,total,0.2885652184486389
58700,428,train,eikonal,0.010108016431331635
58700,428,train,render,0.29525458812713623
58700,428,train,total,0.2962653934955597
58800,429,train,eikonal,0.011289609596133232
58800,429,train,render,0.2579488456249237
58800,429,train,total,0.2590778172016144
58900,429,train,eikonal,0.00841997005045414
58900,429,train,render,0.2928404211997986
58900,429,train,total,0.29368242621421814
59000,430,train,eikonal,0.005150653421878815
59000,430,train,render,0.2864059805870056
59000,430,train,total,0.28692105412483215
59100,431,train,eikonal,0.008866681717336178
59100,431,train,render,0.2930731475353241
59100,431,train,total,0.2939598262310028
59200,432,train,eikonal,0.008418046869337559
59200,432,train,render,0.3129080533981323
59200,432,train,total,0.31374984979629517
59300,432,train,eikonal,0.010031238198280334
59300,432,train,render,0.30357614159584045
59300,432,train,total,0.3045792579650879
59400,433,train,eikonal,0.011855336837470531
59400,433,train,render,0.3069865107536316
59400,433,train,total,0.3081720471382141
59500,434,train,eikonal,0.006692823488265276
59500,434,train,render,0.29358017444610596
59500,434,train,total,0.29424944519996643
59600,435,train,eikonal,0.016835613176226616
59600,435,train,render,0.32091009616851807
59600,435,train,total,0.32259365916252136
59700,435,train,eikonal,0.008721737191081047
59700,435,train,render,0.2927212119102478
59700,435,train,total,0.2935933768749237
59800,436,train,eikonal,0.012284843251109123
59800,436,train,render,0.29184624552726746
59800,436,train,total,0.29307472705841064
59900,437,train,eikonal,0.005996838212013245
59900,437,train,render,0.2231098711490631
59900,437,train,total,0.22370955348014832
60000,437,train,eikonal,0.011546816676855087
60000,437,train,render,0.2641001343727112
60000,437,train,total,0.26525482535362244
60100,438,train,eikonal,0.008127439767122269
60100,438,train,render,0.27297139167785645
60100,438,train,total,0.2737841308116913
60200,439,train,eikonal,0.010811351239681244
60200,439,train,render,0.25823143124580383
60200,439,train,total,0.25931257009506226
60300,440,train,eikonal,0.010594511404633522
60300,440,train,render,0.2934287190437317
60300,440,train,total,0.29448816180229187
60400,440,train,eikonal,0.013031240552663803
60400,440,train,render,0.24972578883171082
60400,440,train,total,0.2510289251804352
60500,441,train,eikonal,0.007239829748868942
60500,441,train,render,0.28585487604141235
60500,441,train,total,0.28657886385917664
60600,442,train,eikonal,0.008370522409677505
60600,442,train,render,0.2728869318962097
60600,442,train,total,0.2737239897251129
60700,443,train,eikonal,0.00889525841921568
60700,443,train,render,0.2810195982456207
60700,443,train,total,0.28190913796424866
60800,443,train,eikonal,0.012469093315303326
60800,443,train,render,0.2705605626106262
60800,443,train,total,0.271807461977005
60900,444,train,eikonal,0.00695999339222908
60900,444,train,render,0.2880522608757019
60900,444,train,total,0.28874826431274414
61000,445,train,eikonal,0.007773810997605324
61000,445,train,render,0.2885425090789795
61000,445,train,total,0.2893199026584625
61100,445,train,eikonal,0.012168368324637413
61100,445,train,render,0.2834259271621704
61100,445,train,total,0.28464275598526
61200,446,train,eikonal,0.012094520032405853
61200,446,train,render,0.3133256435394287
61200,446,train,total,0.31453508138656616
61300,447,train,eikonal,0.016818176954984665
61300,447,train,render,0.31252437829971313
61300,447,train,total,0.31420618295669556
61400,448,train,eikonal,0.010391614399850368
61400,448,train,render,0.28624629974365234
61400,448,train,total,0.2872854471206665
61500,448,train,eikonal,0.010290412232279778
61500,448,train,render,0.30174770951271057
61500,448,train,total,0.3027767539024353
61600,449,train,eikonal,0.01073851902037859
61600,449,train,render,0.2567176818847656
61600,449,train,total,0.25779151916503906
61700,450,train,eikonal,0.013538846746087074
61700,450,train,render,0.30636799335479736
61700,450,train,total,0.307721883058548
61800,451,train,eikonal,0.007522622589021921
61800,451,train,render,0.24886655807495117
61800,451,train,total,0.24961881339550018
61900,451,train,eikonal,0.008079668506979942
61900,451,train,render,0.28531336784362793
61900,451,train,total,0.28612133860588074
62000,452,train,eikonal,0.008158188313245773
62000,452,train,render,0.2903224527835846
62000,452,train,total,0.29113826155662537
62100,453,train,eikonal,0.005867983214557171
62100,453,train,render,0.24458813667297363
62100,453,train,total,0.24517492949962616
62200,454,train,eikonal,0.00948360376060009
62200,454,train,render,0.26826387643814087
62200,454,train,total,0.2692122459411621
62300,454,train,eikonal,0.015362371690571308
62300,454,train,render,0.317653626203537
62300,454,train,total,0.3191898763179779
62400,455,train,eikonal,0.009558411315083504
62400,455,train,render,0.2671668529510498
62400,455,train,total,0.26812270283699036
62500,456,train,eikonal,0.011380218900740147
62500,456,train,render,0.2973337471485138
62500,456,train,total,0.2984717786312103
62600,456,train,eikonal,0.01659778691828251
62600,456,train,render,0.292563259601593
62600,456,train,total,0.29422304034233093
62700,457,train,eikonal,0.008395899087190628
62700,457,train,render,0.27839195728302
62700,457,train,total,0.27923154830932617
62800,458,train,eikonal,0.010090596042573452
62800,458,train,render,0.26968932151794434
62800,458,train,total,0.2706983685493469
62900,459,train,eikonal,0.013357199728488922
62900,459,train,render,0.27715399861335754
62900,459,train,total,0.27848970890045166
63000,459,train,eikonal,0.013694414868950844
63000,459,train,render,0.3106233477592468
63000,459,train,total,0.3119927942752838
63100,460,train,eikonal,0.013381498865783215
63100,460,train,render,0.2780442237854004
63100,460,train,total,0.2793823778629303
63200,461,train,eikonal,0.011318767443299294
63200,461,train,render,0.28506582975387573
63200,461,train,total,0.286197692155838
63300,462,train,eikonal,0.015119453892111778
63300,462,train,render,0.28268593549728394
63300,462,train,total,0.2841978669166565
63400,462,train,eikonal,0.013582658022642136
63400,462,train,render,0.2633843421936035
63400,462,train,total,0.2647426128387451
63500,463,train,eikonal,0.01340443454682827
63500,463,train,render,0.27211201190948486
63500,463,train,total,0.2734524607658386
63600,464,train,eikonal,0.010418756864964962
63600,464,train,render,0.2756998538970947
63600,464,train,total,0.27674174308776855
63700,464,train,eikonal,0.007684700191020966
63700,464,train,render,0.2784041166305542
63700,464,train,total,0.2791725993156433
63800,465,train,eikonal,0.008078519254922867
63800,465,train,render,0.28531402349472046
63800,465,train,total,0.2861218750476837
63900,466,train,eikonal,0.013419721275568008
63900,466,train,render,0.31123512983322144
63900,466,train,total,0.31257709860801697
64000,467,train,eikonal,0.010074291378259659
64000,467,train,render,0.2608572244644165
64000,467,train,total,0.26186466217041016
64100,467,train,eikonal,0.00889725424349308
64100,467,train,render,0.25547873973846436
64100,467,train,total,0.2563684582710266
64200,468,train,eikonal,0.008897827938199043
64200,468,train,render,0.298427015542984
64200,468,train,total,0.29931679368019104
64300,469,train,eikonal,0.010107091628015041
64300,469,train,render,0.28106969594955444
64300,469,train,total,0.28208041191101074
64400,470,train,eikonal,0.012193637900054455
64400,470,train,render,0.3149960935115814
64400,470,train,total,0.316215455532074
64500,470,train,eikonal,0.011974037624895573
64500,470,train,render,0.3216284215450287
64500,470,train,total,0.3228258192539215
64600,471,train,eikonal,0.014627822674810886
64600,471,train,render,0.27386289834976196
64600,471,train,total,0.2753256857395172
64700,472,train,eikonal,0.012414461933076382
64700,472,train,render,0.2777830958366394
64700,472,train,total,0.27902454137802124
64800,472,train,eikonal,0.006646276451647282
64800,472,train,render,0.25986504554748535
64800,472,train,total,0.26052966713905334
64900,473,train,eikonal,0.010391000658273697
64900,473,train,render,0.24023419618606567
64900,473,train,total,0.24127329885959625
65000,474,train,eikonal,0.0077895428985357285
65000,474,train,render,0.275302529335022
65000,474,train,total,0.27608147263526917
65100,475,train,eikonal,0.01644391566514969
65100,475,train,render,0.287711501121521
65100,475,train,total,0.28935590386390686
65200,475,train,eikonal,0.014437660574913025
65200,475,train,render,0.27102214097976685
65200,475,train,total,0.27246591448783875
65300,476,train,eikonal,0.016153870150446892
65300,476,train,render,0.295962929725647
65300,476,train,total,0.2975783050060272
65400,477,train,eikonal,0.016483962535858154
65400,477,train,render,0.31179988384246826
65400,477,train,total,0.3134482800960541
65500,478,train,eikonal,0.013929963111877441
65500,478,train,render,0.2757285237312317
65500,478,train,total,0.27712151408195496
65600,478,train,eikonal,0.013684632256627083
65600,478,train,render,0.2907560467720032
65600,478,train,total,0.29212450981140137
65700,479,train,eikonal,0.015228287316858768
65700,479,train,render,0.28051650524139404
65700,479,train,total,0.2820393443107605
65800,480,train,eikonal,0.015291416086256504
65800,480,train,render,0.27253448963165283
65800,480,train,total,0.2740636169910431
65900,481,train,eikonal,0.013646548613905907
65900,481,train,render,0.3063633143901825
65900,481,train,total,0.30772796273231506
66000,481,train,eikonal,0.013081442564725876
66000,481,train,render,0.27566003799438477
66000,481,train,total,0.27696818113327026
66100,482,train,eikonal,0.012981370091438293
66100,482,train,render,0.2887952923774719
66100,482,train,total,0.29009342193603516
66200,483,train,eikonal,0.009915702044963837
66200,483,train,render,0.2747282385826111
66200,483,train,total,0.2757198214530945
66300,483,train,eikonal,0.01635817252099514
66300,483,train,render,0.29817891120910645
66300,483,train,total,0.29981473088264465
66400,484,train,eikonal,0.016063861548900604
66400,484,train,render,0.3009028136730194
66400,484,train,total,0.3025091886520386
66500,485,train,eikonal,0.009655877947807312
66500,485,train,render,0.23233285546302795
66500,485,train,total,0.23329845070838928
66600,486,train,eikonal,0.008438177406787872
66600,486,train,render,0.31524360179901123
66600,486,train,total,0.31608742475509644
66700,486,train,eikonal,0.011251354590058327
66700,486,train,render,0.29636210203170776
66700,486,train,total,0.2974872291088104
66800,487,train,eikonal,0.015206948854029179
66800,487,train,render,0.3015786409378052
66800,487,train,total,0.3030993342399597
66900,488,train,eikonal,0.008985428139567375
66900,488,train,render,0.3171730637550354
66900,488,train,total,0.3180716037750244
67000,489,train,eikonal,0.011144638992846012
67000,489,train,render,0.281335711479187
67000,489,train,total,0.2824501693248749
67100,489,train,eikonal,0.012887341901659966
67100,489,train,render,0.2860986590385437
67100,489,train,total,0.2873874008655548
67200,490,train,eikonal,0.011929063126444817
67200,490,train,render,0.29318591952323914
67200,490,train,total,0.2943788170814514
67300,491,train,eikonal,0.009272810071706772
67300,491,train,render,0.293539822101593
67300,491,train,total,0.29446709156036377
67400,491,train,eikonal,0.011786275543272495
67400,491,train,render,0.24669086933135986
67400,491,train,total,0.24786949157714844
67500,492,train,eikonal,0.012370084412395954
67500,492,train,render,0.3062342405319214
67500,492,train,total,0.30747124552726746
67600,493,train,eikonal,0.015789857134222984
67600,493,train,render,0.2801578938961029
67600,493,train,total,0.2817368805408478
67700,494,train,eikonal,0.01717739924788475
67700,494,train,render,0.2940135598182678
67700,494,train,total,0.2957313060760498
67800,494,train,eikonal,0.01003386452794075
67800,494,train,render,0.29010045528411865
67800,494,train,total,0.2911038398742676
67900,495,train,eikonal,0.015176295302808285
67900,495,train,render,0.2804018557071686
67900,495,train,total,0.2819194793701172
68000,496,train,eikonal,0.010660859756171703
68000,496,train,render,0.2901884913444519
68000,496,train,total,0.29125458002090454
68100,497,train,eikonal,0.01591082476079464
68100,497,train,render,0.2810785174369812
68100,497,train,total,0.2826696038246155
68200,497,train,eikonal,0.008201120421290398
68200,497,train,render,0.295584499835968
68200,497,train,total,0.2964046001434326
68300,498,train,eikonal,0.013540836051106453
68300,498,train,render,0.27613508701324463
68300,498,train,total,0.27748918533325195
68400,499,train,eikonal,0.013923400081694126
68400,499,train,render,0.27999788522720337
68400,499,train,total,0.2813902199268341
68500,500,train,eikonal,0.010892984457314014
68500,500,train,render,0.290189266204834
68500,500,train,total,0.29127857089042664
68600,500,train,eikonal,0.00862586498260498
68600,500,train,render,0.22987385094165802
68600,500,train,total,0.23073643445968628
68700,501,train,eikonal,0.010104348883032799
68700,501,train,render,0.2516396641731262
68700,501,train,total,0.25265011191368103
68800,502,train,eikonal,0.00874309055507183
68800,502,train,render,0.27870726585388184
68800,502,train,total,0.27958157658576965
68900,502,train,eikonal,0.013307224959135056
68900,502,train,render,0.2968456745147705
68900,502,train,total,0.2981764078140259
69000,503,train,eikonal,0.01367077324539423
69000,503,train,render,0.2668691873550415
69000,503,train,total,0.26823627948760986
69100,504,train,eikonal,0.009090069681406021
69100,504,train,render,0.2551928162574768
69100,504,train,total,0.2561018168926239
69200,505,train,eikonal,0.009498702362179756
69200,505,train,render,0.3128734827041626
69200,505,train,total,0.3138233423233032
69300,505,train,eikonal,0.008427711203694344
69300,505,train,render,0.24700763821601868
69300,505,train,total,0.24785040318965912
69400,506,train,eikonal,0.00754542276263237
69400,506,train,render,0.264579176902771
69400,506,train,total,0.26533371210098267
69500,507,train,eikonal,0.012355554848909378
69500,507,train,render,0.28549325466156006
69500,507,train,total,0.28672879934310913
69600,508,train,eikonal,0.01291729137301445
69600,508,train,render,0.2822960615158081
69600,508,train,total,0.283587783575058
69700,508,train,eikonal,0.015118159353733063
69700,508,train,render,0.2757357358932495
69700,508,train,total,0.2772475481033325
69800,509,train,eikonal,0.01400621235370636
69800,509,train,render,0.2742971181869507
69800,509,train,total,0.2756977379322052
69900,510,train,eikonal,0.013759544119238853
69900,510,train,render,0.26007771492004395
69900,510,train,total,0.26145365834236145
70000,510,train,eikonal,0.014139972627162933
70000,510,train,render,0.2776196002960205
70000,510,train,total,0.2790336012840271
70100,511,train,eikonal,0.013921631500124931
70100,511,train,render,0.29913264513015747
70100,511,train,total,0.3005248010158539
70200,512,train,eikonal,0.01597677543759346
70200,512,train,render,0.30825018882751465
70200,512,train,total,0.3098478615283966
70300,513,train,eikonal,0.01094452291727066
70300,513,train,render,0.27885550260543823
70300,513,train,total,0.27994996309280396
70400,513,train,eikonal,0.019330784678459167
70400,513,train,render,0.3048604130744934
70400,513,train,total,0.3067934811115265
70500,514,train,eikonal,0.01982710510492325
70500,514,train,render,0.2802262306213379
70500,514,train,total,0.28220894932746887
70600,515,train,eikonal,0.012832561507821083
70600,515,train,render,0.25324344635009766
70600,515,train,total,0.25452670454978943
70700,516,train,eikonal,0.01082868967205286
70700,516,train,render,0.26308542490005493
70700,516,train,total,0.26416829228401184
70800,516,train,eikonal,0.013513131067156792
70800,516,train,render,0.2775805592536926
70800,516,train,total,0.2789318859577179
70900,517,train,eikonal,0.014830641448497772
70900,517,train,render,0.31104475259780884
70900,517,train,total,0.3125278055667877
71000,518,train,eikonal,0.011724530719220638
71000,518,train,render,0.27063748240470886
71000,518,train,total,0.2718099355697632
71100,518,train,eikonal,0.015472125262022018
71100,518,train,render,0.30666184425354004
71100,518,train,total,0.30820906162261963
71200,519,train,eikonal,0.012384849600493908
71200,519,train,render,0.29453378915786743
71200,519,train,total,0.2957722842693329
71300,520,train,eikonal,0.021407796069979668
71300,520,train,render,0.2806846499443054
71300,520,train,total,0.28282544016838074
71400,521,train,eikonal,0.015233493410050869
71400,521,train,render,0.29038673639297485
71400,521,train,total,0.2919100821018219
71500,521,train,eikonal,0.014080196619033813
71500,521,train,render,0.28436577320098877
71500,521,train,total,0.28577378392219543
71600,522,train,eikonal,0.014498738572001457
71600,522,train,render,0.2743549346923828
71600,522,train,total,0.2758048176765442
71700,523,train,eikonal,0.01815027743577957
71700,523,train,render,0.2933904826641083
71700,523,train,total,0.2952055037021637
71800,524,train,eikonal,0.016672499477863312
71800,524,train,render,0.298811674118042
71800,524,train,total,0.3004789352416992
71900,524,train,eikonal,0.014226406812667847
71900,524,train,render,0.29648542404174805
71900,524,train,total,0.29790806770324707
72000,525,train,eikonal,0.010483203455805779
72000,525,train,render,0.26985716819763184
72000,525,train,total,0.2709054946899414
72100,526,train,eikonal,0.01863832026720047
72100,526,train,render,0.23816223442554474
72100,526,train,total,0.2400260716676712
72200,527,train,eikonal,0.020065318793058395
72200,527,train,render,0.2921414375305176
72200,527,train,total,0.29414796829223633
72300,527,train,eikonal,0.013053064234554768
72300,527,train,render,0.2590857744216919
72300,527,train,total,0.26039108633995056
72400,528,train,eikonal,0.01593507081270218
72400,528,train,render,0.26570889353752136
72400,528,train,total,0.26730239391326904
72500,529,train,eikonal,0.017801320180296898
72500,529,train,render,0.2600412964820862
72500,529,train,total,0.2618214190006256
72600,529,train,eikonal,0.0157521553337574
72600,529,train,render,0.2835158109664917
72600,529,train,total,0.28509101271629333
72700,530,train,eikonal,0.01591857522726059
72700,530,train,render,0.3081439733505249
72700,530,train,total,0.30973583459854126
72800,531,train,eikonal,0.012519911862909794
72800,531,train,render,0.28203386068344116
72800,531,train,total,0.28328585624694824
72900,532,train,eikonal,0.01348220743238926
72900,532,train,render,0.23323428630828857
72900,532,train,total,0.23458251357078552
73000,532,train,eikonal,0.01397833600640297
73000,532,train,render,0.3058106303215027
73000,532,train,total,0.30720847845077515
73100,533,train,eikonal,0.016422290354967117
73100,533,train,render,0.2950916886329651
73100,533,train,total,0.29673391580581665
73200,534,train,eikonal,0.013651207089424133
73200,534,train,render,0.2676163911819458
73200,534,train,total,0.2689815163612366
73300,535,train,eikonal,0.012112556025385857
73300,535,train,render,0.2831335663795471
73300,535,train,total,0.2843448221683502
73400,535,train,eikonal,0.01482103019952774
73400,535,train,render,0.2643139064311981
73400,535,train,total,0.2657960057258606
73500,536,train,eikonal,0.015147085301578045
73500,536,train,render,0.2907271981239319
73500,536,train,total,0.2922419011592865
73600,537,train,eikonal,0.012150723487138748
73600,537,train,render,0.3122730553150177
73600,537,train,total,0.3134881258010864
73700,537,train,eikonal,0.013888777233660221
73700,537,train,render,0.2859063744544983
73700,537,train,total,0.28729525208473206
73800,538,train,eikonal,0.014690359123051167
73800,538,train,render,0.29160332679748535
73800,538,train,total,0.293072372674942
73900,539,train,eikonal,0.015369393862783909
73900,539,train,render,0.2894269824028015
73900,539,train,total,0.29096391797065735
74000,540,train,eikonal,0.011932818219065666
74000,540,train,render,0.3017697334289551
74000,540,train,total,0.3029630184173584
74100,540,train,eikonal,0.016532137989997864
74100,540,train,render,0.2820258140563965
74100,540,train,total,0.2836790382862091
74200,541,train,eikonal,0.015577152371406555
74200,541,train,render,0.2991320490837097
74200,541,train,total,0.3006897568702698
74300,542,train,eikonal,0.01356852799654007
74300,542,train,render,0.27473753690719604
74300,542,train,total,0.27609437704086304
74400,543,train,eikonal,0.01705467700958252
74400,543,train,render,0.284084677696228
74400,543,train,total,0.2857901453971863
74500,543,train,eikonal,0.01685601845383644
74500,543,train,render,0.2855212688446045
74500,543,train,total,0.28720685839653015
74600,544,train,eikonal,0.012626392766833305
74600,544,train,render,0.2596307396888733
74600,544,train,total,0.2608933746814728
74700,545,train,eikonal,0.01681499183177948
74700,545,train,render,0.2999359667301178
74700,545,train,total,0.30161747336387634
74800,545,train,eikonal,0.012165493331849575
74800,545,train,render,0.28020399808883667
74800,545,train,total,0.2814205586910248
74900,546,train,eikonal,0.018225494772195816
74900,546,train,render,0.28197842836380005
74900,546,train,total,0.28380098938941956
75000,547,train,eikonal,0.013390546664595604
75000,547,train,render,0.28860342502593994
75000,547,train,total,0.2899424731731415
75100,548,train,eikonal,0.010466959327459335
75100,548,train,render,0.27786481380462646
75100,548,train,total,0.2789115011692047
75200,548,train,eikonal,0.014401845633983612
75200,548,train,render,0.24777545034885406
75200,548,train,total,0.24921563267707825
75300,549,train,eikonal,0.016516687348484993
75300,549,train,render,0.2912328839302063
75300,549,train,total,0.29288455843925476
75400,550,train,eikonal,0.015040249563753605
75400,550,train,render,0.2592991590499878
75400,550,train,total,0.2608031928539276
75500,551,train,eikonal,0.013977352529764175
75500,551,train,render,0.26946669816970825
75500,551,train,total,0.27086442708969116
75600,551,train,eikonal,0.015661466866731644
75600,551,train,render,0.2844383716583252
75600,551,train,total,0.28600451350212097
75700,552,train,eikonal,0.01852315291762352
75700,552,train,render,0.25387856364250183
75700,552,train,total,0.25573086738586426
75800,553,train,eikonal,0.014296799898147583
75800,553,train,render,0.2654952108860016
75800,553,train,total,0.2669248878955841
75900,554,train,eikonal,0.014841307885944843
75900,554,train,render,0.2873757481575012
75900,554,train,total,0.28885987401008606
76000,554,train,eikonal,0.011129328981041908
76000,554,train,render,0.28834110498428345
76000,554,train,total,0.28945404291152954
76100,555,train,eikonal,0.01923656091094017
76100,555,train,render,0.3066582679748535
76100,555,train,total,0.3085819184780121
76200,556,train,eikonal,0.010761677287518978
76200,556,train,render,0.29250746965408325
76200,556,train,total,0.29358363151550293
76300,556,train,eikonal,0.013478998094797134
76300,556,train,render,0.28681522607803345
76300,556,train,total,0.28816312551498413
76400,557,train,eikonal,0.017731815576553345
76400,557,train,render,0.3032926619052887
76400,557,train,total,0.3050658404827118
76500,558,train,eikonal,0.016153106465935707
76500,558,train,render,0.24527867138385773
76500,558,train,total,0.2468939870595932
76600,559,train,eikonal,0.010188261047005653
76600,559,train,render,0.29491716623306274
76600,559,train,total,0.2959359884262085
76700,559,train,eikonal,0.02321227639913559
76700,559,train,render,0.27992165088653564
76700,559,train,total,0.28224286437034607
76800,560,train,eikonal,0.01668613962829113
76800,560,train,render,0.2919099032878876
76800,560,train,total,0.29357850551605225
76900,561,train,eikonal,0.012034440413117409
76900,561,train,render,0.2691749632358551
76900,561,train,total,0.2703784108161926
77000,562,train,eikonal,0.013652930036187172
77000,562,train,render,0.28289517760276794
77000,562,train,total,0.28426048159599304
77100,562,train,eikonal,0.01474379189312458
77100,562,train,render,0.27473634481430054
77100,562,train,total,0.2762107253074646
77200,563,train,eikonal,0.013742800801992416
77200,563,train,render,0.23238305747509003
77200,563,train,total,0.23375733196735382
77300,564,train,eikonal,0.01574568822979927
77300,564,train,render,0.2659521698951721
77300,564,train,total,0.2675267457962036
77400,564,train,eikonal,0.011813845485448837
77400,564,train,render,0.28843340277671814
77400,564,train,total,0.28961479663848877
77500,565,train,eikonal,0.015484707430005074
77500,565,train,render,0.30152660608291626
77500,565,train,total,0.30307507514953613
77600,566,train,eikonal,0.012544972822070122
77600,566,train,render,0.274732381105423
77600,566,train,total,0.2759868800640106
77700,567,train,eikonal,0.018974967300891876
77700,567,train,render,0.30016499757766724
77700,567,train,total,0.3020624816417694
77800,567,train,eikonal,0.01777750253677368
77800,567,train,render,0.2848324179649353
77800,567,train,total,0.2866101562976837
77900,568,train,eikonal,0.016010697931051254
77900,568,train,render,0.2828492522239685
77900,568,train,total,0.28445032238960266
78000,569,train,eikonal,0.014373529702425003
78000,569,train,render,0.2812134623527527
78000,569,train,total,0.28265082836151123
78100,570,train,eikonal,0.01243623998016119
78100,570,train,render,0.28080815076828003
78100,570,train,total,0.28205177187919617
78200,570,train,eikonal,0.018359746783971786
78200,570,train,render,0.2983848452568054
78200,570,train,total,0.3002208173274994
78300,571,train,eikonal,0.01513834297657013
78300,571,train,render,0.3038339614868164
78300,571,train,total,0.3053478002548218
78400,572,train,eikonal,0.017089014872908592
78400,572,train,render,0.30436545610427856
78400,572,train,total,0.3060743510723114
78500,572,train,eikonal,0.019007429480552673
78500,572,train,render,0.29087942838668823
78500,572,train,total,0.29278016090393066
78600,573,train,eikonal,0.018145954236388206
78600,573,train,render,0.28829425573349
78600,573,train,total,0.290108859539032
78700,574,train,eikonal,0.014340302906930447
78700,574,train,render,0.3011563718318939
78700,574,train,total,0.30259039998054504
78800,575,train,eikonal,0.015141243115067482
78800,575,train,render,0.2477918565273285
78800,575,train,total,0.24930597841739655
78900,575,train,eikonal,0.013590622693300247
78900,575,train,render,0.2689819931983948
78900,575,train,total,0.27034106850624084
79000,576,train,eikonal,0.012351633980870247
79000,576,train,render,0.26273274421691895
79000,576,train,total,0.263967901468277
79100,577,train,eikonal,0.012557661160826683
79100,577,train,render,0.28894248604774475
79100,577,train,total,0.29019826650619507
79200,578,train,eikonal,0.015556106343865395
79200,578,train,render,0.2803594470024109
79200,578,train,total,0.2819150686264038
79300,578,train,eikonal,0.017642077058553696
79300,578,train,render,0.2790403366088867
79300,578,train,total,0.2808045446872711
79400,579,train,eikonal,0.02047017030417919
79400,579,train,render,0.29911816120147705
79400,579,train,total,0.3011651635169983
79500,580,train,eikonal,0.017661815509200096
79500,580,train,render,0.28494203090667725
79500,580,train,total,0.28670820593833923
79600,581,train,eikonal,0.01412423700094223
79600,581,train,render,0.28087317943573
79600,581,train,total,0.28228560090065
79700,581,train,eikonal,0.01924200728535652
79700,581,train,render,0.28622472286224365
79700,581,train,total,0.2881489098072052
79800,582,train,eikonal,0.020584313198924065
79800,582,train,render,0.30335772037506104
79800,582,train,total,0.30541613698005676
79900,583,train,eikonal,0.013146205805242062
79900,583,train,render,0.2201407253742218
79900,583,train,total,0.22145535051822662
80000,583,train,eikonal,0.01782873645424843
80000,583,train,render,0.273284912109375
80000,583,train,total,0.2750677764415741
80100,584,train,eikonal,0.02392406016588211
80100,584,train,render,0.27430635690689087
80100,584,train,total,0.2766987681388855
80200,585,train,eikonal,0.023679569363594055
80200,585,train,render,0.28250664472579956
80200,585,train,total,0.2848745882511139
80300,586,train,eikonal,0.01948648877441883
80300,586,train,render,0.25973838567733765
80300,586,train,total,0.2616870403289795
80400,586,train,eikonal,0.022746488451957703
80400,586,train,render,0.2725970149040222
80400,586,train,total,0.27487167716026306
80500,587,train,eikonal,0.021603990346193314
80500,587,train,render,0.27654439210891724
80500,587,train,total,0.27870479226112366
80600,588,train,eikonal,0.02291635423898697
80600,588,train,render,0.2852894067764282
80600,588,train,total,0.28758105635643005
80700,589,train,eikonal,0.023590952157974243
80700,589,train,render,0.27011704444885254
80700,589,train,total,0.2724761366844177
80800,589,train,eikonal,0.020902713760733604
80800,589,train,render,0.2879754304885864
80800,589,train,total,0.2900657057762146
80900,590,train,eikonal,0.02058517374098301
80900,590,train,render,0.2984429597854614
80900,590,train,total,0.3005014657974243
81000,591,train,eikonal,0.02400139719247818
81000,591,train,render,0.2809637784957886
81000,591,train,total,0.2833639085292816
81100,591,train,eikonal,0.023326106369495392
81100,591,train,render,0.2850908935070038
81100,591,train,total,0.2874234914779663
81200,592,train,eikonal,0.020677980035543442
81200,592,train,render,0.2951505780220032
81200,592,train,total,0.297218382358551
81300,593,train,eikonal,0.02158121019601822
81300,593,train,render,0.30053406953811646
81300,593,train,total,0.3026922047138214
81400,594,train,eikonal,0.023364495486021042
81400,594,train,render,0.2922208309173584
81400,594,train,total,0.29455727338790894
81500,594,train,eikonal,0.021264106035232544
81500,594,train,render,0.2583354711532593
81500,594,train,total,0.26046186685562134
81600,595,train,eikonal,0.020156318321824074
81600,595,train,render,0.27110397815704346
81600,595,train,total,0.27311959862709045
81700,596,train,eikonal,0.019868148490786552
81700,596,train,render,0.30311137437820435
81700,596,train,total,0.30509817600250244
81800,597,train,eikonal,0.02170187048614025
81800,597,train,render,0.28827980160713196
81800,597,train,total,0.29044997692108154
81900,597,train,eikonal,0.02125639282166958
81900,597,train,render,0.2842557430267334
81900,597,train,total,0.28638139367103577
82000,598,train,eikonal,0.02229679748415947
82000,598,train,render,0.287847638130188
82000,598,train,total,0.2900773286819458
82100,599,train,eikonal,0.022096926346421242
82100,599,train,render,0.26354581117630005
82100,599,train,total,0.2657555043697357
82200,600,train,eikonal,0.025856900960206985
82200,600,train,render,0.2665526270866394
82200,600,train,total,0.26913830637931824
82300,600,train,eikonal,0.027422728016972542
82300,600,train,render,0.3118172287940979
82300,600,train,total,0.3145594894886017
82400,601,train,eikonal,0.024145249277353287
82400,601,train,render,0.2974531054496765
82400,601,train,total,0.2998676300048828
82500,602,train,eikonal,0.020154323428869247
82500,602,train,render,0.27208805084228516
82500,602,train,total,0.2741034924983978
82600,602,train,eikonal,0.02287808433175087
82600,602,train,render,0.3281760513782501
82600,602,train,total,0.33046385645866394
82700,603,train,eikonal,0.02395324409008026
82700,603,train,render,0.28636109828948975
82700,603,train,total,0.28875643014907837
82800,604,train,eikonal,0.02662169374525547
82800,604,train,render,0.28395581245422363
82800,604,train,total,0.2866179943084717
82900,605,train,eikonal,0.02410825714468956
82900,605,train,render,0.28123629093170166
82900,605,train,total,0.2836471199989319
83000,605,train,eikonal,0.025104548782110214
83000,605,train,render,0.284696102142334
83000,605,train,total,0.2872065603733063
83100,606,train,eikonal,0.02207450568675995
83100,606,train,render,0.2664285898208618
83100,606,train,total,0.2686360478401184
83200,607,train,eikonal,0.027286900207400322
83200,607,train,render,0.26995378732681274
83200,607,train,total,0.2726824879646301
83300,608,train,eikonal,0.025236167013645172
83300,608,train,render,0.29241254925727844
83300,608,train,total,0.2949361801147461
83400,608,train,eikonal,0.023554030805826187
83400,608,train,render,0.2731183171272278
83400,608,train,total,0.2754737138748169
83500,609,train,eikonal,0.02787424996495247
83500,609,train,render,0.30731457471847534
83500,609,train,total,0.3101019859313965
83600,610,train,eikonal,0.019153818488121033
83600,610,train,render,0.24717143177986145
83600,610,train,total,0.24908681213855743
83700,610,train,eikonal,0.021760012954473495
83700,610,train,render,0.26837071776390076
83700,610,train,total,0.27054670453071594
83800,611,train,eikonal,0.029489578679203987
83800,611,train,render,0.30013784766197205
83800,611,train,total,0.3030868172645569
83900,612,train,eikonal,0.018577877432107925
83900,612,train,render,0.2575889527797699
83900,612,train,total,0.25944674015045166
84000,613,train,eikonal,0.03350892663002014
84000,613,train,render,0.28020474314689636
84000,613,train,total,0.28355562686920166
84100,613,train,eikonal,0.024171132594347
84100,613,train,render,0.26961272954940796
84100,613,train,total,0.272029846906662
84200,614,train,eikonal,0.023652665317058563
84200,614,train,render,0.28767669200897217
84200,614,train,total,0.2900419533252716
84300,615,train,eikonal,0.02999422326683998
84300,615,train,render,0.279995322227478
84300,615,train,total,0.28299474716186523
84400,616,train,eikonal,0.023308653384447098
84400,616,train,render,0.3037800192832947
84400,616,train,total,0.3061108887195587
84500,616,train,eikonal,0.021005012094974518
84500,616,train,render,0.2693901062011719
84500,616,train,total,0.27149060368537903
84600,617,train,eikonal,0.01647789217531681
84600,617,train,render,0.2470807135105133
84600,617,train,total,0.24872849881649017
84700,618,train,eikonal,0.028528111055493355
84700,618,train,render,0.2723765969276428
84700,618,train,total,0.27522939443588257
84800,618,train,eikonal,0.022093623876571655
84800,618,train,render,0.27747225761413574
84800,618,train,total,0.27968162298202515
84900,619,train,eikonal,0.019047653302550316
84900,619,train,render,0.26421722769737244
84900,619,train,total,0.2661219835281372
85000,620,train,eikonal,0.022074243053793907
85000,620,train,render,0.2893540859222412
85000,620,train,total,0.2915615141391754
85100,621,train,eikonal,0.02513200230896473
85100,621,train,render,0.28397423028945923
85100,621,train,total,0.2864874303340912
85200,621,train,eikonal,0.0314122699201107
85200,621,train,render,0.2727203965187073
85200,621,train,total,0.27586162090301514
85300,622,train,eikonal,0.030964814126491547
85300,622,train,render,0.30771443247795105
85300,622,train,total,0.310810923576355
85400,623,train,eikonal,0.030184723436832428
85400,623,train,render,0.2730368673801422
85400,623,train,total,0.27605533599853516
85500,624,train,eikonal,0.028144702315330505
85500,624,train,render,0.29137182235717773
85500,624,train,total,0.2941862940788269
85600,624,train,eikonal,0.0359877310693264
85600,624,train,render,0.27492213249206543
85600,624,train,total,0.2785209119319916
85700,625,train,eikonal,0.026942651718854904
85700,625,train,render,0.2982437014579773
85700,625,train,total,0.3009379804134369
85800,626,train,eikonal,0.027992991730570793
85800,626,train,render,0.2792212963104248
85800,626,train,total,0.28202059864997864
85900,627,train,eikonal,0.028249718248844147
85900,627,train,render,0.29223862290382385
85900,627,train,total,0.2950635850429535
86000,627,train,eikonal,0.02652464248239994
86000,627,train,render,0.25247982144355774
86000,627,train,total,0.2551322877407074
86100,628,train,eikonal,0.029745887964963913
86100,628,train,render,0.2954375445842743
86100,628,train,total,0.29841214418411255
86200,629,train,eikonal,0.0196833498775959
86200,629,train,render,0.2479797899723053
86200,629,train,total,0.24994812905788422
86300,629,train,eikonal,0.025271866470575333
86300,629,train,render,0.26186153292655945
86300,629,train,total,0.26438871026039124
86400,630,train,eikonal,0.02407684549689293
86400,630,train,render,0.27093183994293213
86400,630,train,total,0.27333950996398926
86500,631,train,eikonal,0.02652875706553459
86500,631,train,render,0.28417548537254333
86500,631,train,total,0.2868283689022064
86600,632,train,eikonal,0.02256731130182743
86600,632,train,render,0.2733280658721924
86600,632,train,total,0.27558478713035583
86700,632,train,eikonal,0.026272917166352272
86700,632,train,render,0.3128412365913391
86700,632,train,total,0.31546851992607117
86800,633,train,eikonal,0.019907092675566673
86800,633,train,render,0.23438255488872528
86800,633,train,total,0.23637326061725616
86900,634,train,eikonal,0.02650201879441738
86900,634,train,render,0.27166852355003357
86900,634,train,total,0.27431872487068176
87000,635,train,eikonal,0.02362619712948799
87000,635,train,render,0.276319682598114
87000,635,train,total,0.27868229150772095
87100,635,train,eikonal,0.027349023148417473
87100,635,train,render,0.2829347550868988
87100,635,train,total,0.2856696546077728
87200,636,train,eikonal,0.03209695219993591
87200,636,train,render,0.26481491327285767
87200,636,train,total,0.26802462339401245
87300,637,train,eikonal,0.023080073297023773
87300,637,train,render,0.2991557717323303
87300,637,train,total,0.301463782787323
87400,637,train,eikonal,0.024781089276075363
87400,637,train,render,0.26274627447128296
87400,637,train,total,0.2652243971824646
87500,638,train,eikonal,0.024009592831134796
87500,638,train,render,0.2658250629901886
87500,638,train,total,0.2682260274887085
87600,639,train,eikonal,0.03358986973762512
87600,639,train,render,0.2905302047729492
87600,639,train,total,0.29388919472694397
87700,640,train,eikonal,0.029183279722929
87700,640,train,render,0.28141212463378906
87700,640,train,total,0.28433045744895935
87800,640,train,eikonal,0.02685466967523098
87800,640,train,render,0.25135210156440735
87800,640,train,total,0.2540375590324402
87900,641,train,eikonal,0.028362300246953964
87900,641,train,render,0.27075719833374023
87900,641,train,total,0.2735934257507324
88000,642,train,eikonal,0.03112150728702545
88000,642,train,render,0.2931135594844818
88000,642,train,total,0.2962256968021393
88100,643,train,eikonal,0.027634359896183014
88100,643,train,render,0.28417444229125977
88100,643,train,total,0.2869378924369812
88200,643,train,eikonal,0.02761516347527504
88200,643,train,render,0.280455082654953
88200,643,train,total,0.28321659564971924
88300,644,train,eikonal,0.01857270486652851
88300,644,train,render,0.26169970631599426
88300,644,train,total,0.26355698704719543
88400,645,train,eikonal,0.02522515505552292
88400,645,train,render,0.24373331665992737
88400,645,train,total,0.24625582993030548
88500,645,train,eikonal,0.019801851361989975
88500,645,train,render,0.2616626024246216
88500,645,train,total,0.2636427879333496
88600,646,train,eikonal,0.02453199401497841
88600,646,train,render,0.2825179100036621
88600,646,train,total,0.28497111797332764
88700,647,train,eikonal,0.024124514311552048
88700,647,train,render,0.26564472913742065
88700,647,train,total,0.2680571675300598
88800,648,train,eikonal,0.026377860456705093
88800,648,train,render,0.2896192669868469
88800,648,train,total,0.29225704073905945
88900,648,train,eikonal,0.01711299642920494
88900,648,train,render,0.2544335722923279
88900,648,train,total,0.2561448812484741
89000,649,train,eikonal,0.030594170093536377
89000,649,train,render,0.28307032585144043
89000,649,train,total,0.28612974286079407
89100,650,train,eikonal,0.023622673004865646
89100,650,train,render,0.2332765907049179
89100,650,train,total,0.23563885688781738
89200,651,train,eikonal,0.018502257764339447
89200,651,train,render,0.2427992820739746
89200,651,train,total,0.2446495145559311
89300,651,train,eikonal,0.01999862678349018
89300,651,train,render,0.23548856377601624
89300,651,train,total,0.23748843371868134
89400,652,train,eikonal,0.021220512688159943
89400,652,train,render,0.26597899198532104
89400,652,train,total,0.2681010365486145
89500,653,train,eikonal,0.02400296926498413
89500,653,train,render,0.2711026668548584
89500,653,train,total,0.27350297570228577
89600,654,train,eikonal,0.027988340705633163
89600,654,train,render,0.2957744002342224
89600,654,train,total,0.29857322573661804
89700,654,train,eikonal,0.025839919224381447
89700,654,train,render,0.30171477794647217
89700,654,train,total,0.3042987585067749
89800,655,train,eikonal,0.028749383985996246
89800,655,train,render,0.282177597284317
89800,655,train,total,0.2850525379180908
89900,656,train,eikonal,0.02808237448334694
89900,656,train,render,0.2687385082244873
89900,656,train,total,0.27154675126075745
90000,656,train,eikonal,0.032960496842861176
90000,656,train,render,0.2816757559776306
90000,656,train,total,0.28497180342674255
90100,657,train,eikonal,0.026611536741256714
90100,657,train,render,0.27048081159591675
90100,657,train,total,0.2731419801712036
90200,658,train,eikonal,0.02514316700398922
90200,658,train,render,0.25070905685424805
90200,658,train,total,0.25322335958480835
90300,659,train,eikonal,0.021812710911035538
90300,659,train,render,0.27807435393333435
90300,659,train,total,0.28025561571121216
90400,659,train,eikonal,0.027023006230592728
90400,659,train,render,0.2746763229370117
90400,659,train,total,0.2773786187171936
90500,660,train,eikonal,0.02504686638712883
90500,660,train,render,0.28042203187942505
90500,660,train,total,0.2829267084598541
90600,661,train,eikonal,0.02641088329255581
90600,661,train,render,0.29186445474624634
90600,661,train,total,0.2945055365562439
90700,662,train,eikonal,0.025542207062244415
90700,662,train,render,0.2798112630844116
90700,662,train,total,0.28236547112464905
90800,662,train,eikonal,0.02876458503305912
90800,662,train,render,0.27222129702568054
90800,662,train,total,0.2750977575778961
90900,663,train,eikonal,0.030215857550501823
90900,663,train,render,0.28247392177581787
90900,663,train,total,0.2854955196380615
91000,664,train,eikonal,0.029200004413723946
91000,664,train,render,0.2570803165435791
91000,664,train,total,0.2600003182888031
91100,664,train,eikonal,0.02327679842710495
91100,664,train,render,0.2943507432937622
91100,664,train,total,0.29667842388153076
91200,665,train,eikonal,0.026455257087945938
91200,665,train,render,0.24987849593162537
91200,665,train,total,0.2525240182876587
91300,666,train,eikonal,0.017798051238059998
91300,666,train,render,0.23810134828090668
91300,666,train,total,0.23988115787506104
91400,667,train,eikonal,0.02518393099308014
91400,667,train,render,0.28456807136535645
91400,667,train,total,0.28708645701408386
91500,667,train,eikonal,0.017054755240678787
91500,667,train,render,0.24817250669002533
91500,667,train,total,0.24987798929214478
91600,668,train,eikonal,0.024514585733413696
91600,668,train,render,0.2882557213306427
91600,668,train,total,0.29070717096328735
91700,669,train,eikonal,0.025418441742658615
91700,669,train,render,0.2798999547958374
91700,669,train,total,0.28244179487228394
91800,670,train,eikonal,0.028539877384901047
91800,670,train,render,0.25408828258514404
91800,670,train,total,0.2569422721862793
91900,670,train,eikonal,0.023365788161754608
91900,670,train,render,0.28375741839408875
91900,670,train,total,0.2860940098762512
92000,671,train,eikonal,0.024512160569429398
92000,671,train,render,0.29183149337768555
92000,671,train,total,0.2942827045917511
92100,672,train,eikonal,0.02162623591721058
92100,672,train,render,0.2465035617351532
92100,672,train,total,0.2486661821603775
92200,672,train,eikonal,0.02473364770412445
92200,672,train,render,0.2583288550376892
92200,672,train,total,0.2608022093772888
92300,673,train,eikonal,0.023791808634996414
92300,673,train,render,0.26631104946136475
92300,673,train,total,0.26869022846221924
92400,674,train,eikonal,0.02886492758989334
92400,674,train,render,0.26360028982162476
92400,674,train,total,0.266486793756485
92500,675,train,eikonal,0.024299118667840958
92500,675,train,render,0.26287585496902466
92500,675,train,total,0.265305757522583
92600,675,train,eikonal,0.030600929632782936
92600,675,train,render,0.26003700494766235
92600,675,train,total,0.2630971074104309
92700,676,train,eikonal,0.024654604494571686
92700,676,train,render,0.283100962638855
92700,676,train,total,0.28556641936302185
92800,677,train,eikonal,0.027936477214097977
92800,677,train,render,0.273065984249115
92800,677,train,total,0.27585962414741516
92900,678,train,eikonal,0.02564854919910431
92900,678,train,render,0.2915806174278259
92900,678,train,total,0.29414546489715576
93000,678,train,eikonal,0.023848898708820343
93000,678,train,render,0.2714456021785736
93000,678,train,total,0.27383050322532654
93100,679,train,eikonal,0.027384746819734573
93100,679,train,render,0.2663726508617401
93100,679,train,total,0.26911112666130066
93200,680,train,eikonal,0.02822728455066681
93200,680,train,render,0.25463342666625977
93200,680,train,total,0.2574561536312103
93300,681,train,eikonal,0.02196204848587513
93300,681,train,render,0.22642448544502258
93300,681,train,total,0.22862069308757782
93400,681,train,eikonal,0.02768850326538086
93400,681,train,render,0.24860957264900208
93400,681,train,total,0.2513784170150757
93500,682,train,eikonal,0.027012357488274574
93500,682,train,render,0.2685337960720062
93500,682,train,total,0.27123501896858215
93600,683,train,eikonal,0.027120491489768028
93600,683,train,render,0.27199339866638184
93600,683,train,total,0.2747054398059845
93700,683,train,eikonal,0.027683382853865623
93700,683,train,render,0.2691441774368286
93700,683,train,total,0.27191251516342163
93800,684,train,eikonal,0.01864524558186531
93800,684,train,render,0.24877917766571045
93800,684,train,total,0.25064370036125183
93900,685,train,eikonal,0.025720281526446342
93900,685,train,render,0.27627480030059814
93900,685,train,total,0.2788468301296234
94000,686,train,eikonal,0.026894759386777878
94000,686,train,render,0.2525500953197479
94000,686,train,total,0.2552395761013031
94100,686,train,eikonal,0.030683934688568115
94100,686,train,render,0.2624855041503906
94100,686,train,total,0.26555389165878296
94200,687,train,eikonal,0.027726706117391586
94200,687,train,render,0.27129626274108887
94200,687,train,total,0.2740689218044281
94300,688,train,eikonal,0.028787236660718918
94300,688,train,render,0.25758689641952515
94300,688,train,total,0.2604656219482422
94400,689,train,eikonal,0.02474510669708252
94400,689,train,render,0.2665260434150696
94400,689,train,total,0.2690005600452423
94500,689,train,eikonal,0.027522558346390724
94500,689,train,render,0.25493088364601135
94500,689,train,total,0.257683128118515
94600,690,train,eikonal,0.025610269978642464
94600,690,train,render,0.2654053568840027
94600,690,train,total,0.2679663896560669
94700,691,train,eikonal,0.026701275259256363
94700,691,train,render,0.2614922523498535
94700,691,train,total,0.2641623914241791
94800,691,train,eikonal,0.02695327252149582
94800,691,train,render,0.2146502435207367
94800,691,train,total,0.21734556555747986
94900,692,train,eikonal,0.02701115608215332
94900,692,train,render,0.27377909421920776
94900,692,train,total,0.27648019790649414
95000,693,train,eikonal,0.027547745034098625
95000,693,train,render,0.29789263010025024
95000,693,train,total,0.30064740777015686
95100,694,train,eikonal,0.02993646450340748
95100,694,train,render,0.2579125165939331
95100,694,train,total,0.2609061598777771
95200,694,train,eikonal,0.02851497381925583
95200,694,train,render,0.24086466431617737
95200,694,train,total,0.24371616542339325
95300,695,train,eikonal,0.025630373507738113
95300,695,train,render,0.24360112845897675
95300,695,train,total,0.24616417288780212
95400,696,train,eikonal,0.031182272359728813
95400,696,train,render,0.2986472249031067
95400,696,train,total,0.30176544189453125
95500,697,train,eikonal,0.025744477286934853
95500,697,train,render,0.26997143030166626
95500,697,train,total,0.27254587411880493
95600,697,train,eikonal,0.029049944132566452
95600,697,train,render,0.2513734996318817
95600,697,train,total,0.2542784810066223
95700,698,train,eikonal,0.02315083146095276
95700,698,train,render,0.2595590353012085
95700,698,train,total,0.26187410950660706
95800,699,train,eikonal,0.02816878817975521
95800,699,train,render,0.2729613184928894
95800,699,train,total,0.275778204202652
95900,700,train,eikonal,0.024451429024338722
95900,700,train,render,0.28020453453063965
95900,700,train,total,0.2826496660709381
96000,700,train,eikonal,0.02892313152551651
96000,700,train,render,0.25100332498550415
96000,700,train,total,0.25389564037323
96100,701,train,eikonal,0.03255120664834976
96100,701,train,render,0.2792901396751404
96100,701,train,total,0.282545268535614
96200,702,train,eikonal,0.02747495099902153
96200,702,train,render,0.25057774782180786
96200,702,train,total,0.2533252537250519
96300,702,train,eikonal,0.027853308245539665
96300,702,train,render,0.2411443144083023
96300,702,train,total,0.2439296394586563
96400,703,train,eikonal,0.027219025418162346
96400,703,train,render,0.27997010946273804
96400,703,train,total,0.282692015171051
96500,704,train,eikonal,0.028327424079179764
96500,704,train,render,0.2862088084220886
96500,704,train,total,0.28904154896736145
96600,705,train,eikonal,0.031249117106199265
96600,705,train,render,0.24106845259666443
96600,705,train,total,0.24419336020946503
96700,705,train,eikonal,0.031402505934238434
96700,705,train,render,0.25660526752471924
96700,705,train,total,0.2597455084323883
96800,706,train,eikonal,0.029719267040491104
96800,706,train,render,0.2690581679344177
96800,706,train,total,0.2720300853252411
96900,707,train,eikonal,0.02713506668806076
96900,707,train,render,0.2846453785896301
96900,707,train,total,0.2873588800430298
97000,708,train,eikonal,0.02808556519448757
97000,708,train,render,0.28195640444755554
97000,708,train,total,0.28476497530937195
97100,708,train,eikonal,0.028361426666378975
97100,708,train,render,0.24670685827732086
97100,708,train,total,0.2495429962873459
97200,709,train,eikonal,0.02978026494383812
97200,709,train,render,0.25784146785736084
97200,709,train,total,0.2608194947242737
97300,710,train,eikonal,0.02858109585940838
97300,710,train,render,0.2698689103126526
97300,710,train,total,0.27272701263427734
97400,710,train,eikonal,0.02788274921476841
97400,710,train,render,0.26384833455085754
97400,710,train,total,0.26663661003112793
97500,711,train,eikonal,0.03137223795056343
97500,711,train,render,0.2661477029323578
97500,711,train,total,0.2692849338054657
97600,712,train,eikonal,0.016356179490685463
97600,712,train,render,0.24387453496456146
97600,712,train,total,0.24551014602184296
97700,713,train,eikonal,0.02942272089421749
97700,713,train,render,0.26964765787124634
97700,713,train,total,0.27258992195129395
97800,713,train,eikonal,0.030859054997563362
97800,713,train,render,0.25613102316856384
97800,713,train,total,0.25921693444252014
97900,714,train,eikonal,0.03017101064324379
97900,714,train,render,0.2668667435646057
97900,714,train,total,0.2698838412761688
98000,715,train,eikonal,0.02777724899351597
98000,715,train,render,0.28419506549835205
98000,715,train,total,0.2869727909564972
98100,716,train,eikonal,0.028325801715254784
98100,716,train,render,0.2633715867996216
98100,716,train,total,0.26620417833328247
98200,716,train,eikonal,0.02614181488752365
98200,716,train,render,0.2329769730567932
98200,716,train,total,0.23559115827083588
98300,717,train,eikonal,0.0298879723995924
98300,717,train,render,0.27078843116760254
98300,717,train,total,0.27377721667289734
98400,718,train,eikonal,0.02915697544813156
98400,718,train,render,0.292197585105896
98400,718,train,total,0.29511329531669617
98500,718,train,eikonal,0.024019908159971237
98500,718,train,render,0.24848827719688416
98500,718,train,total,0.25089025497436523
98600,719,train,eikonal,0.031096313148736954
98600,719,train,render,0.26601892709732056
98600,719,train,total,0.26912856101989746
98700,720,train,eikonal,0.028684401884675026
98700,720,train,render,0.25710874795913696
98700,720,train,total,0.25997719168663025
98800,721,train,eikonal,0.028905633836984634
98800,721,train,render,0.24895817041397095
98800,721,train,total,0.2518487274646759
98900,721,train,eikonal,0.02727494388818741
98900,721,train,render,0.23913303017616272
98900,721,train,total,0.2418605238199234
99000,722,train,eikonal,0.029665665701031685
99000,722,train,render,0.25677070021629333
99000,722,train,total,0.2597372531890869
99100,723,train,eikonal,0.027969252318143845
99100,723,train,render,0.2722063660621643
99100,723,train,total,0.2750032842159271
99200,724,train,eikonal,0.03342973440885544
99200,724,train,render,0.29193466901779175
99200,724,train,total,0.2952776551246643
99300,724,train,eikonal,0.020388290286064148
99300,724,train,render,0.24466677010059357
99300,724,train,total,0.24670559167861938
99400,725,train,eikonal,0.02894033119082451
99400,725,train,render,0.24752072989940643
99400,725,train,total,0.25041475892066956
99500,726,train,eikonal,0.02071107178926468
99500,726,train,render,0.21735483407974243
99500,726,train,total,0.21942594647407532
99600,727,train,eikonal,0.028070522472262383
99600,727,train,render,0.2580382227897644
99600,727,train,total,0.26084527373313904
99700,727,train,eikonal,0.03435957804322243
99700,727,train,render,0.26382166147232056
99700,727,train,total,0.2672576308250427
99800,728,train,eikonal,0.03331552445888519
99800,728,train,render,0.2602320909500122
99800,728,train,total,0.2635636329650879
99900,729,train,eikonal,0.028056813403964043
99900,729,train,render,0.2711314260959625
99900,729,train,total,0.2739371061325073
100000,729,train,eikonal,0.03183405101299286
100000,729,train,render,0.2600184977054596
100000,729,train,total,0.26320189237594604
100100,730,train,eikonal,0.022582152858376503
100100,730,train,render,0.2642679214477539
100100,730,train,total,0.26652613282203674
100200,731,train,eikonal,0.025243261829018593
100200,731,train,render,0.24535010755062103
100200,731,train,total,0.2478744387626648
100300,732,train,eikonal,0.02995375730097294
100300,732,train,render,0.2625356614589691
100300,732,train,total,0.2655310332775116
100400,732,train,eikonal,0.02776574157178402
100400,732,train,render,0.2782248854637146
100400,732,train,total,0.2810014486312866
100500,733,train,eikonal,0.03225584328174591
100500,733,train,render,0.2599150836467743
100500,733,train,total,0.2631406784057617
100600,734,train,eikonal,0.028429396450519562
100600,734,train,render,0.2638396918773651
100600,734,train,total,0.26668262481689453
100700,735,train,eikonal,0.03144372999668121
100700,735,train,render,0.27394193410873413
100700,735,train,total,0.2770863175392151
100800,735,train,eikonal,0.025927478447556496
100800,735,train,render,0.27090930938720703
100800,735,train,total,0.27350205183029175
100900,736,train,eikonal,0.03022576868534088
100900,736,train,render,0.26615649461746216
100900,736,train,total,0.2691790759563446
101000,737,train,eikonal,0.03194192796945572
101000,737,train,render,0.2832878828048706
101000,737,train,total,0.2864820659160614
101100,737,train,eikonal,0.031639475375413895
101100,737,train,render,0.26393431425094604
101100,737,train,total,0.26709824800491333
101200,738,train,eikonal,0.03368758410215378
101200,738,train,render,0.26878684759140015
101200,738,train,total,0.27215561270713806
101300,739,train,eikonal,0.01921701431274414
101300,739,train,render,0.22063489258289337
101300,739,train,total,0.22255659103393555
101400,740,train,eikonal,0.032376062124967575
101400,740,train,render,0.2808297276496887
101400,740,train,total,0.2840673327445984
101500,740,train,eikonal,0.03425639867782593
101500,740,train,render,0.2595669627189636
101500,740,train,total,0.26299259066581726
101600,741,train,eikonal,0.029540248215198517
101600,741,train,render,0.2654533088207245
101600,741,train,total,0.26840734481811523
101700,742,train,eikonal,0.033540934324264526
101700,742,train,render,0.26058489084243774
101700,742,train,total,0.2639389932155609
101800,743,train,eikonal,0.035670340061187744
101800,743,train,render,0.2584587037563324
101800,743,train,total,0.26202574372291565
101900,743,train,eikonal,0.033844999969005585
101900,743,train,render,0.2548498213291168
101900,743,train,total,0.25823432207107544
102000,744,train,eikonal,0.028121216222643852
102000,744,train,render,0.28099310398101807
102000,744,train,total,0.2838052213191986
102100,745,train,eikonal,0.026030689477920532
102100,745,train,render,0.24896536767482758
102100,745,train,total,0.25156843662261963
102200,745,train,eikonal,0.03305085003376007
102200,745,train,render,0.25526583194732666
102200,745,train,total,0.25857090950012207
102300,746,train,eikonal,0.03260333836078644
102300,746,train,render,0.27452635765075684
102300,746,train,total,0.2777867019176483
102400,747,train,eikonal,0.030312329530715942
102400,747,train,render,0.2635449767112732
102400,747,train,total,0.26657620072364807
102500,748,train,eikonal,0.030355175957083702
102500,748,train,render,0.24751627445220947
102500,748,train,total,0.2505517899990082
102600,748,train,eikonal,0.030194006860256195
102600,748,train,render,0.24887560307979584
102600,748,train,total,0.251895010471344
102700,749,train,eikonal,0.03299804776906967
102700,749,train,render,0.26912152767181396
102700,749,train,total,0.27242133021354675
102800,750,train,eikonal,0.03171807527542114
102800,750,train,render,0.2624145746231079
102800,750,train,total,0.26558637619018555
102900,751,train,eikonal,0.030866429209709167
102900,751,train,render,0.2586907148361206
102900,751,train,total,0.2617773711681366
103000,751,train,eikonal,0.02668561041355133
103000,751,train,render,0.27822667360305786
103000,751,train,total,0.2808952331542969
103100,752,train,eikonal,0.028226476162672043
103100,752,train,render,0.257049024105072
103100,752,train,total,0.2598716616630554
103200,753,train,eikonal,0.02652711793780327
103200,753,train,render,0.25567805767059326
103200,753,train,total,0.258330762386322
103300,754,train,eikonal,0.035057827830314636
103300,754,train,render,0.26977765560150146
103300,754,train,total,0.273283451795578
103400,754,train,eikonal,0.036845140159130096
103400,754,train,render,0.2583985924720764
103400,754,train,total,0.26208311319351196
103500,755,train,eikonal,0.02896292880177498
103500,755,train,render,0.2529928684234619
103500,755,train,total,0.2558891475200653
103600,756,train,eikonal,0.030190058052539825
103600,756,train,render,0.25716838240623474
103600,756,train,total,0.26018738746643066
103700,756,train,eikonal,0.024732880294322968
103700,756,train,render,0.23187333345413208
103700,756,train,total,0.23434662818908691
103800,757,train,eikonal,0.036467358469963074
103800,757,train,render,0.25859230756759644
103800,757,train,total,0.2622390389442444
103900,758,train,eikonal,0.030476074665784836
103900,758,train,render,0.22417205572128296
103900,758,train,total,0.22721965610980988
104000,759,train,eikonal,0.031213952228426933
104000,759,train,render,0.2743256986141205
104000,759,train,total,0.2774471044540405
104100,759,train,eikonal,0.027321655303239822
104100,759,train,render,0.272251695394516
104100,759,train,total,0.27498385310173035
0,0,val,render,0.09566149860620499
0,0,val,total,0.09566149860620499
100,0,train,eikonal,0.018440529704093933
100,0,train,render,0.352573037147522
100,0,train,total,0.354417085647583
200,1,train,eikonal,0.06798602640628815
200,1,train,render,0.3330390453338623
200,1,train,total,0.3398376405239105
300,2,train,eikonal,0.0005280204932205379
300,2,train,render,0.3025251030921936
300,2,train,total,0.3025779128074646
400,2,train,eikonal,0.0040539647452533245
400,2,train,render,0.2893998622894287
400,2,train,total,0.28980526328086853
500,3,train,eikonal,0.0013565372209995985
500,3,train,render,0.3130757808685303
500,3,train,total,0.31321144104003906
600,4,train,eikonal,0.0005410059820860624
600,4,train,render,0.28414928913116455
600,4,train,total,0.2842033803462982
700,5,train,eikonal,0.0016400502063333988
700,5,train,render,0.31532377004623413
700,5,train,total,0.3154877722263336
800,5,train,eikonal,0.000779039750341326
800,5,train,render,0.28736549615859985
800,5,train,total,0.2874433994293213
900,6,train,eikonal,0.0006168846739456058
900,6,train,render,0.29323917627334595
900,6,train,total,0.2933008670806885
1000,7,train,eikonal,0.00021116748393978924
1000,7,train,render,0.3465579152107239
1000,7,train,total,0.34657904505729675
1100,8,train,eikonal,0.0008880471577867866
1100,8,train,render,0.26984190940856934
1100,8,train,total,0.26993072032928467
1200,8,train,eikonal,0.0002430587337585166
1200,8,train,render,0.3048996329307556
1200,8,train,total,0.304923951625824
1300,9,train,eikonal,0.0010069748386740685
1300,9,train,render,0.27384811639785767
1300,9,train,total,0.2739488184452057
1400,10,train,eikonal,0.00029438972705975175
1400,10,train,render,0.3077290654182434
1400,10,train,total,0.30775851011276245
1500,10,train,eikonal,0.0003714981721714139
1500,10,train,render,0.3268924951553345
1500,10,train,total,0.32692965865135193
1600,11,train,eikonal,0.0004894043668173254
1600,11,train,render,0.2828594446182251
1600,11,train,total,0.2829083800315857
1700,12,train,eikonal,0.0009264365071430802
1700,12,train,render,0.2673572301864624
1700,12,train,total,0.26744988560676575
1800,13,train,eikonal,0.001477355370298028
1800,13,train,render,0.27404752373695374
1800,13,train,total,0.27419525384902954
1900,13,train,eikonal,0.0006359494873322546
1900,13,train,render,0.2905517816543579
1900,13,train,total,0.29061537981033325
2000,14,train,eikonal,0.00876341201364994
2000,14,train,render,0.30699360370635986
2000,14,train,total,0.30786994099617004
2100,15,train,eikonal,0.006955008953809738
2100,15,train,render,0.3062795400619507
2100,15,train,total,0.30697503685951233
2200,16,train,eikonal,0.012452559545636177
2200,16,train,render,0.32691431045532227
2200,16,train,total,0.3281595706939697
2300,16,train,eikonal,0.007413684856146574
2300,16,train,render,0.29050666093826294
2300,16,train,total,0.29124802350997925
2400,17,train,eikonal,0.010077797807753086
2400,17,train,render,0.2847652733325958
2400,17,train,total,0.28577303886413574
2500,18,train,eikonal,0.002368717920035124
2500,18,train,render,0.2752229571342468
2500,18,train,total,0.27545982599258423
2600,18,train,eikonal,0.0013080898206681013
2600,18,train,render,0.2773304879665375
2600,18,train,total,0.27746129035949707
2700,19,train,eikonal,0.003747996175661683
2700,19,train,render,0.27716249227523804
2700,19,train,total,0.2775372862815857
2800,20,train,eikonal,0.00756975170224905
2800,20,train,render,0.3273007571697235
2800,20,train,total,0.32805773615837097
2900,21,train,eikonal,0.007728158961981535
2900,21,train,render,0.325122594833374
2900,21,train,total,0.32589539885520935
3000,21,train,eikonal,0.008176534436643124
3000,21,train,render,0.3097022771835327
3000,21,train,total,0.3105199337005615
3100,22,train,eikonal,0.002853963989764452
3100,22,train,render,0.23000109195709229
3100,22,train,total,0.23028649389743805
3200,23,train,eikonal,0.00923868641257286
3200,23,train,render,0.306524395942688
3200,23,train,total,0.30744826793670654
3300,24,train,eikonal,0.012655050493776798
3300,24,train,render,0.2859621047973633
3300,24,train,total,0.287227600812912
3400,24,train,eikonal,0.009535789489746094
3400,24,train,render,0.2965127229690552
3400,24,train,total,0.29746630787849426
3500,25,train,eikonal,0.012355593033134937
3500,25,train,render,0.2865138649940491
3500,25,train,total,0.28774940967559814
3600,26,train,eikonal,0.003306468017399311
3600,26,train,render,0.2604292631149292
3600,26,train,total,0.2607599198818207
3700,27,train,eikonal,0.008770756423473358
3700,27,train,render,0.3051864504814148
3700,27,train,total,0.30606353282928467
3800,27,train,eikonal,0.005033113993704319
3800,27,train,render,0.27692708373069763
3800,27,train,total,0.27743038535118103
3900,28,train,eikonal,0.005221681669354439
3900,28,train,render,0.26054322719573975
3900,28,train,total,0.26106539368629456
4000,29,train,eikonal,0.003738037310540676
4000,29,train,render,0.2859930396080017
4000,29,train,total,0.28636685013771057
4100,29,train,eikonal,0.004350941628217697
4100,29,train,render,0.27794522047042847
4100,29,train,total,0.27838030457496643
4200,30,train,eikonal,0.0042248317040503025
4200,30,train,render,0.27071791887283325
4200,30,train,total,0.2711403965950012
4300,31,train,eikonal,0.020195066928863525
4300,31,train,render,0.33032017946243286
4300,31,train,total,0.33233967423439026
4400,32,train,eikonal,0.0034262060653418303
4400,32,train,render,0.28964170813560486
4400,32,train,total,0.2899843156337738
4500,32,train,eikonal,0.010589122772216797
4500,32,train,render,0.3028509020805359
4500,32,train,total,0.3039098083972931
4600,33,train,eikonal,0.003314362373203039
4600,33,train,render,0.2896208167076111
4600,33,train,total,0.28995224833488464
4700,34,train,eikonal,0.006493985652923584
4700,34,train,render,0.29842767119407654
4700,34,train,total,0.2990770637989044
4800,35,train,eikonal,0.010743474587798119
4800,35,train,render,0.2801789939403534
4800,35,train,total,0.2812533378601074
4900,35,train,eikonal,0.012471345253288746
4900,35,train,render,0.30531084537506104
4900,35,train,total,0.3065579831600189
5000,36,train,eikonal,0.008892050012946129
5000,36,train,render,0.31007254123687744
5000,36,train,total,0.3109617531299591
5100,37,train,eikonal,0.013120532035827637
5100,37,train,render,0.3000822067260742
5100,37,train,total,0.3013942539691925
5200,37,train,eikonal,0.008337138220667839
5200,37,train,render,0.3023076355457306
5200,37,train,total,0.30314135551452637
5300,38,train,eikonal,0.00909731350839138
5300,38,train,render,0.30178549885749817
5300,38,train,total,0.30269524455070496
5400,39,train,eikonal,0.01193773839622736
5400,39,train,render,0.31928882002830505
5400,39,train,total,0.3204825818538666
5500,40,train,eikonal,0.014874251559376717
5500,40,train,render,0.3015568256378174
5500,40,train,total,0.30304425954818726
5600,40,train,eikonal,0.009656073525547981
5600,40,train,render,0.2758778929710388
5600,40,train,total,0.27684348821640015
5700,41,train,eikonal,0.0036055289674550295
5700,41,train,render,0.31689155101776123
5700,41,train,total,0.31725209951400757
5800,42,train,eikonal,0.004570427350699902
5800,42,train,render,0.2684479355812073
5800,42,train,total,0.26890498399734497
5900,43,train,eikonal,0.009084295481443405
5900,43,train,render,0.29950785636901855
5900,43,train,total,0.3004162907600403
6000,43,train,eikonal,0.005849159322679043
6000,43,train,render,0.28982046246528625
6000,43,train,total,0.29040539264678955
6100,44,train,eikonal,0.00566520169377327
6100,44,train,render,0.2856852412223816
6100,44,train,total,0.2862517535686493
6200,45,train,eikonal,0.0050548831932246685
6200,45,train,render,0.2656683325767517
6200,45,train,total,0.2661738097667694
6300,45,train,eikonal,0.008663761429488659
6300,45,train,render,0.32944148778915405
6300,45,train,total,0.33030787110328674
6400,46,train,eikonal,0.0037806457839906216
6400,46,train,render,0.28660762310028076
6400,46,train,total,0.28698569536209106
6500,47,train,eikonal,0.0035581751726567745
6500,47,train,render,0.26077336072921753
6500,47,train,total,0.2611291706562042
6600,48,train,eikonal,0.005021707154810429
6600,48,train,render,0.2897501587867737
6600,48,train,total,0.29025232791900635
6700,48,train,eikonal,0.015170253813266754
6700,48,train,render,0.3317575454711914
6700,48,train,total,0.33327457308769226
6800,49,train,eikonal,0.010858488269150257
6800,49,train,render,0.33316609263420105
6800,49,train,total,0.33425194025039673
6900,50,train,eikonal,0.0071654366329312325
6900,50,train,render,0.31894147396087646
6900,50,train,total,0.3196580111980438
7000,51,train,eikonal,0.011443184688687325
7000,51,train,render,0.2937934398651123
7000,51,train,total,0.29493775963783264
7100,51,train,eikonal,0.008694903925061226
7100,51,train,render,0.30979883670806885
7100,51,train,total,0.31066831946372986
7200,52,train,eikonal,0.004892035387456417
7200,52,train,render,0.24397826194763184
7200,52,train,total,0.24446746706962585
7300,53,train,eikonal,0.004983793944120407
7300,53,train,render,0.2757086753845215
7300,53,train,total,0.2762070596218109
7400,54,train,eikonal,0.006106372456997633
7400,54,train,render,0.29600656032562256
7400,54,train,total,0.29661720991134644
7500,54,train,eikonal,0.005557610187679529
7500,54,train,render,0.2615882158279419
7500,54,train,total,0.26214396953582764
7600,55,train,eikonal,0.0035934436600655317
7600,55,train,render,0.2921437621116638
7600,55,train,total,0.29250311851501465
7700,56,train,eikonal,0.0049426620826125145
7700,56,train,render,0.2769661545753479
7700,56,train,total,0.2774604260921478
7800,56,train,eikonal,0.0072950562462210655
7800,56,train,render,0.2919599413871765
7800,56,train,total,0.2926894426345825
7900,57,train,eikonal,0.004218173213303089
7900,57,train,render,0.30254966020584106
7900,57,train,total,0.3029714822769165
8000,58,train,eikonal,0.011126397177577019
8000,58,train,render,0.2655792236328125
8000,58,train,total,0.2666918635368347
8100,59,train,eikonal,0.005387256387621164
8100,59,train,render,0.29240649938583374
8100,59,train,total,0.2929452359676361
8200,59,train,eikonal,0.01021011546254158
8200,59,train,render,0.3032766580581665
8200,59,train,total,0.30429765582084656
8300,60,train,eikonal,0.007906440645456314
8300,60,train,render,0.2702258229255676
8300,60,train,total,0.2710164785385132
8400,61,train,eikonal,0.003883356461301446
8400,61,train,render,0.30120205879211426
8400,61,train,total,0.3015903830528259
8500,62,train,eikonal,0.007094447501003742
8500,62,train,render,0.29491591453552246
8500,62,train,total,0.29562535881996155
8600,62,train,eikonal,0.013087846338748932
8600,62,train,render,0.29047977924346924
8600,62,train,total,0.29178857803344727
8700,63,train,eikonal,0.012397805228829384
8700,63,train,render,0.29896411299705505
8700,63,train,total,0.3002038896083832
8800,64,train,eikonal,0.009118777699768543
8800,64,train,render,0.29464638233184814
8800,64,train,total,0.29555827379226685
8900,64,train,eikonal,0.0070701660588383675
8900,64,train,render,0.2923702597618103
8900,64,train,total,0.293077290058136
9000,65,train,eikonal,0.006531410850584507
9000,65,train,render,0.27769380807876587
9000,65,train,total,0.2783469557762146
9100,66,train,eikonal,0.0043395450338721275
9100,66,train,render,0.2729232907295227
9100,66,train,total,0.27335724234580994
9200,67,train,eikonal,0.005952688865363598
9200,67,train,render,0.2899267077445984
9200,67,train,total,0.2905219793319702
9300,67,train,eikonal,0.008229931816458702
9300,67,train,render,0.2550621032714844
9300,67,train,total,0.2558850944042206
9400,68,train,eikonal,0.010362636297941208
9400,68,train,render,0.3131181001663208
9400,68,train,total,0.31415435671806335
9500,69,train,eikonal,0.0044039408676326275
9500,69,train,render,0.2984907031059265
9500,69,train,total,0.2989310920238495
9600,70,train,eikonal,0.011576386168599129
9600,70,train,render,0.33457517623901367
9600,70,train,total,0.3357328176498413
9700,70,train,eikonal,0.007109381258487701
9700,70,train,render,0.30384737253189087
9700,70,train,total,0.30455830693244934
9800,71,train,eikonal,0.0051085385493934155
9800,71,train,render,0.27166152000427246
9800,71,train,total,0.27217236161231995
9900,72,train,eikonal,0.008038461208343506
9900,72,train,render,0.2958647310733795
9900,72,train,total,0.2966685891151428
10000,72,train,eikonal,0.013698166236281395
10000,72,train,render,0.28929534554481506
10000,72,train,total,0.2906651496887207
10100,73,train,eikonal,0.011712979525327682
10100,73,train,render,0.309904009103775
10100,73,train,total,0.3110752999782562
10200,74,train,eikonal,0.008229002356529236
10200,74,train,render,0.2892608642578125
10200,74,train,total,0.29008376598358154
10300,75,train,eikonal,0.008052673190832138
10300,75,train,render,0.3055051565170288
10300,75,train,total,0.30631041526794434
10400,75,train,eikonal,0.0077203381806612015
10400,75,train,render,0.26053518056869507
10400,75,train,total,0.2613072097301483
10500,76,train,eikonal,0.0048057264648377895
10500,76,train,render,0.3093196451663971
10500,76,train,total,0.3098002076148987
10600,77,train,eikonal,0.011227380484342575
10600,77,train,render,0.31861382722854614
10600,77,train,total,0.3197365701198578
10700,78,train,eikonal,0.0038756499998271465
10700,78,train,render,0.2727852165699005
10700,78,train,total,0.2731727957725525
10800,78,train,eikonal,0.009223285131156445
10800,78,train,render,0.29564982652664185
10800,78,train,total,0.29657214879989624
10900,79,train,eikonal,0.010365044698119164
10900,79,train,render,0.3106417953968048
10900,79,train,total,0.31167829036712646
11000,80,train,eikonal,0.008990157395601273
11000,80,train,render,0.3047114312648773
11000,80,train,total,0.30561044812202454
11100,81,train,eikonal,0.004048890434205532
11100,81,train,render,0.2718062698841095
11100,81,train,total,0.2722111642360687
11200,81,train,eikonal,0.0072790104895830154
11200,81,train,render,0.27338653802871704
11200,81,train,total,0.2741144299507141
11300,82,train,eikonal,0.007629808038473129
11300,82,train,render,0.29791998863220215
11300,82,train,total,0.29868295788764954
11400,83,train,eikonal,0.005326093174517155
11400,83,train,render,0.2805469036102295
11400,83,train,total,0.28107950091362
11500,83,train,eikonal,0.006541278213262558
11500,83,train,render,0.2949751615524292
11500,83,train,total,0.2956292927265167
11600,84,train,eikonal,0.004019991494715214
11600,84,train,render,0.2796408236026764
11600,84,train,total,0.280042827129364
11700,85,train,eikonal,0.008659674786031246
11700,85,train,render,0.26996752619743347
11700,85,train,total,0.27083349227905273
11800,86,train,eikonal,0.013478201813995838
11800,86,train,render,0.2967031002044678
11800,86,train,total,0.2980509102344513
11900,86,train,eikonal,0.006973260082304478
11900,86,train,render,0.2981370687484741
11900,86,train,total,0.2988343834877014
12000,87,train,eikonal,0.007931642234325409
12000,87,train,render,0.312752902507782
12000,87,train,total,0.3135460615158081
12100,88,train,eikonal,0.00782214105129242
12100,88,train,render,0.2622484266757965
12100,88,train,total,0.26303064823150635
12200,89,train,eikonal,0.00870333518832922
12200,89,train,render,0.2668095827102661
12200,89,train,total,0.26767992973327637
12300,89,train,eikonal,0.013137392699718475
12300,89,train,render,0.3026112914085388
12300,89,train,total,0.3039250373840332
12400,90,train,eikonal,0.006775964982807636
12400,90,train,render,0.28795239329338074
12400,90,train,total,0.2886299788951874
12500,91,train,eikonal,0.006402117665857077
12500,91,train,render,0.28410616517066956
12500,91,train,total,0.284746378660202
12600,91,train,eikonal,0.008413308300077915
12600,91,train,render,0.2869427800178528
12600,91,train,total,0.2877840995788574
12700,92,train,eikonal,0.0071786632761359215
12700,92,train,render,0.26837724447250366
12700,92,train,total,0.26909512281417847
12800,93,train,eikonal,0.006234227679669857
12800,93,train,render,0.26708632707595825
12800,93,train,total,0.26770976185798645
12900,94,train,eikonal,0.007728293538093567
12900,94,train,render,0.2884977459907532
12900,94,train,total,0.2892705798149109
13000,94,train,eikonal,0.008791759610176086
13000,94,train,render,0.31537723541259766
13000,94,train,total,0.31625640392303467
13100,95,train,eikonal,0.004892680794000626
13100,95,train,render,0.27350106835365295
13100,95,train,total,0.27399033308029175
13200,96,train,eikonal,0.014801716431975365
13200,96,train,render,0.32592353224754333
13200,96,train,total,0.3274036943912506
13300,97,train,eikonal,0.01196284033358097
13300,97,train,render,0.3109097480773926
13300,97,train,total,0.31210604310035706
13400,97,train,eikonal,0.006881522014737129
13400,97,train,render,0.2675260007381439
13400,97,train,total,0.2682141661643982
13500,98,train,eikonal,0.008746766485273838
13500,98,train,render,0.28316569328308105
13500,98,train,total,0.2840403616428375
13600,99,train,eikonal,0.008541561663150787
13600,99,train,render,0.2855502963066101
13600,99,train,total,0.28640446066856384
13700,100,train,eikonal,0.007729500997811556
13700,100,train,render,0.2788047194480896
13700,100,train,total,0.27957767248153687
13800,100,train,eikonal,0.007128376513719559
13800,100,train,render,0.29337751865386963
13800,100,train,total,0.2940903604030609
13900,101,train,eikonal,0.011479089967906475
13900,101,train,render,0.28880032896995544
13900,101,train,total,0.2899482250213623
14000,102,train,eikonal,0.006133814807981253
14000,102,train,render,0.3045664429664612
14000,102,train,total,0.3051798343658447
14100,102,train,eikonal,0.003638787195086479
14100,102,train,render,0.292490690946579
14100,102,train,total,0.29285457730293274
14200,103,train,eikonal,0.010326853021979332
14200,103,train,render,0.347113698720932
14200,103,train,total,0.34814637899398804
14300,104,train,eikonal,0.00920165702700615
14300,104,train,render,0.307844877243042
14300,104,train,total,0.3087650537490845
14400,105,train,eikonal,0.012511945329606533
14400,105,train,render,0.2960943877696991
14400,105,train,total,0.2973455786705017
14500,105,train,eikonal,0.006917116232216358
14500,105,train,render,0.25380417704582214
14500,105,train,total,0.25449588894844055
14600,106,train,eikonal,0.006470434367656708
14600,106,train,render,0.3053553104400635
14600,106,train,total,0.30600234866142273
14700,107,train,eikonal,0.0074993278831243515
14700,107,train,render,0.2824145555496216
14700,107,train,total,0.28316450119018555
14800,108,train,eikonal,0.007113989442586899
14800,108,train,render,0.30025923252105713
14800,108,train,total,0.3009706437587738
14900,108,train,eikonal,0.003893469925969839
14900,108,train,render,0.2831268310546875
14900,108,train,total,0.28351616859436035
15000,109,train,eikonal,0.009565111249685287
15000,109,train,render,0.29383647441864014
15000,109,train,total,0.2947929799556732
15100,110,train,eikonal,0.010054737329483032
15100,110,train,render,0.2919725477695465
15100,110,train,total,0.2929780185222626
15200,110,train,eikonal,0.008717522025108337
15200,110,train,render,0.29104745388031006
15200,110,train,total,0.29191920161247253
15300,111,train,eikonal,0.007385440170764923
15300,111,train,render,0.2949844002723694
15300,111,train,total,0.29572293162345886
15400,112,train,eikonal,0.0053179385140538216
15400,112,train,render,0.3102952837944031
15400,112,train,total,0.3108270764350891
15500,113,train,eikonal,0.010023977607488632
15500,113,train,render,0.30881619453430176
15500,113,train,total,0.3098185956478119
15600,113,train,eikonal,0.0050531188026070595
15600,113,train,render,0.27775898575782776
15600,113,train,total,0.27826428413391113
15700,114,train,eikonal,0.004746757447719574
15700,114,train,render,0.28992903232574463
15700,114,train,total,0.29040369391441345
15800,115,train,eikonal,0.0036598900333046913
15800,115,train,render,0.28063324093818665
15800,115,train,total,0.28099924325942993
15900,116,train,eikonal,0.006718302145600319
15900,116,train,render,0.2849718928337097
15900,116,train,total,0.28564372658729553
16000,116,train,eikonal,0.0047343941405415535
16000,116,train,render,0.29379886388778687
16000,116,train,total,0.2942723035812378
16100,117,train,eikonal,0.010136790573596954
16100,117,train,render,0.3202221989631653
16100,117,train,total,0.32123586535453796
16200,118,train,eikonal,0.012034149840474129
16200,118,train,render,0.30000460147857666
16200,118,train,total,0.3012080192565918
16300,118,train,eikonal,0.0050968751311302185
16300,118,train,render,0.2558765411376953
16300,118,train,total,0.2563862204551697
16400,119,train,eikonal,0.00551527738571167
16400,119,train,render,0.2887611985206604
16400,119,train,total,0.2893127202987671
16500,120,train,eikonal,0.009980099275708199
16500,120,train,render,0.2985039949417114
16500,120,train,total,0.29950201511383057
16600,121,train,eikonal,0.0079751992598176
16600,121,train,render,0.28263533115386963
16600,121,train,total,0.28343284130096436
16700,121,train,eikonal,0.003853927832096815
16700,121,train,render,0.2862531840801239
16700,121,train,total,0.2866385877132416
16800,122,train,eikonal,0.012837997637689114
16800,122,train,render,0.31668978929519653
16800,122,train,total,0.3179735839366913
16900,123,train,eikonal,0.00592548493295908
16900,123,train,render,0.27819007635116577
16900,123,train,total,0.2787826359272003
17000,124,train,eikonal,0.005825892090797424
17000,124,train,render,0.26280122995376587
17000,124,train,total,0.26338380575180054
17100,124,train,eikonal,0.011207432486116886
17100,124,train,render,0.29298633337020874
17100,124,train,total,0.2941070795059204
17200,125,train,eikonal,0.005288589745759964
17200,125,train,render,0.27637141942977905
17200,125,train,total,0.2769002914428711
17300,126,train,eikonal,0.00545972166582942
17300,126,train,render,0.2902447581291199
17300,126,train,total,0.29079073667526245
17400,127,train,eikonal,0.005451568402349949
17400,127,train,render,0.30206891894340515
17400,127,train,total,0.3026140630245209
17500,127,train,eikonal,0.009282125160098076
17500,127,train,render,0.3017587661743164
17500,127,train,total,0.30268698930740356
17600,128,train,eikonal,0.0053132157772779465
17600,128,train,render,0.29983431100845337
17600,128,train,total,0.3003656268119812
17700,129,train,eikonal,0.008530889637768269
17700,129,train,render,0.29739969968795776
17700,129,train,total,0.29825279116630554
17800,129,train,eikonal,0.008355606347322464
17800,129,train,render,0.2885362505912781
17800,129,train,total,0.2893718183040619
17900,130,train,eikonal,0.004451806657016277
17900,130,train,render,0.2675795555114746
17900,130,train,total,0.268024742603302
18000,131,train,eikonal,0.013586479239165783
18000,131,train,render,0.3151342570781708
18000,131,train,total,0.3164929151535034
18100,132,train,eikonal,0.006006923504173756
18100,132,train,render,0.26374509930610657
18100,132,train,total,0.26434579491615295
18200,132,train,eikonal,0.005242492537945509
18200,132,train,render,0.2946048378944397
18200,132,train,total,0.29512909054756165
18300,133,train,eikonal,0.0047457413747906685
18300,133,train,render,0.30350255966186523
18300,133,train,total,0.3039771318435669
18400,134,train,eikonal,0.0037137274630367756
18400,134,train,render,0.287936806678772
18400,134,train,total,0.28830817341804504
18500,135,train,eikonal,0.004347912967205048
18500,135,train,render,0.276727557182312
18500,135,train,total,0.2771623432636261
18600,135,train,eikonal,0.008459744974970818
18600,135,train,render,0.26994234323501587
18600,135,train,total,0.270788311958313
18700,136,train,eikonal,0.010311417281627655
18700,136,train,render,0.30629462003707886
18700,136,train,total,0.3073257505893707
18800,137,train,eikonal,0.009085167199373245
18800,137,train,render,0.25309813022613525
18800,137,train,total,0.25400665402412415
18900,137,train,eikonal,0.016028959304094315
18900,137,train,render,0.29757094383239746
18900,137,train,total,0.29917383193969727
19000,138,train,eikonal,0.010353663004934788
19000,138,train,render,0.2866600751876831
19000,138,train,total,0.28769543766975403
19100,139,train,eikonal,0.006552305072546005
19100,139,train,render,0.30128997564315796
19100,139,train,total,0.30194520950317383
19200,140,train,eikonal,0.00954141654074192
19200,140,train,render,0.2724763751029968
19200,140,train,total,0.2734305262565613
19300,140,train,eikonal,0.004938425496220589
19300,140,train,render,0.2630424201488495
19300,140,train,total,0.263536274433136
19400,141,train,eikonal,0.0068894121795892715
19400,141,train,render,0.2902485132217407
19400,141,train,total,0.2909374535083771
19500,142,train,eikonal,0.007737558800727129
19500,142,train,render,0.318990558385849
19500,142,train,total,0.31976431608200073
19600,143,train,eikonal,0.007541026920080185
19600,143,train,render,0.3070777654647827
19600,143,train,total,0.30783185362815857
19700,143,train,eikonal,0.01038907840847969
19700,143,train,render,0.30131959915161133
19700,143,train,total,0.3023585081100464
19800,144,train,eikonal,0.009454417042434216
19800,144,train,render,0.3062470257282257
19800,144,train,total,0.30719247460365295
19900,145,train,eikonal,0.004709373693913221
19900,145,train,render,0.2670058012008667
19900,145,train,total,0.26747673749923706
20000,145,train,eikonal,0.009331337176263332
20000,145,train,render,0.3279837965965271
20000,145,train,total,0.3289169371128082
20100,146,train,eikonal,0.007958061061799526
20100,146,train,render,0.31131261587142944
20100,146,train,total,0.31210842728614807
20200,147,train,eikonal,0.005576087161898613
20200,147,train,render,0.24851663410663605
20200,147,train,total,0.24907423555850983
20300,148,train,eikonal,0.011513294652104378
20300,148,train,render,0.28874245285987854
20300,148,train,total,0.28989377617836
20400,148,train,eikonal,0.004351334646344185
20400,148,train,render,0.2763742506504059
20400,148,train,total,0.2768093943595886
20500,149,train,eikonal,0.012038121931254864
20500,149,train,render,0.26984336972236633
20500,149,train,total,0.2710471749305725
20600,150,train,eikonal,0.012291813269257545
20600,150,train,render,0.28438711166381836
20600,150,train,total,0.28561627864837646
20700,151,train,eikonal,0.015977108851075172
20700,151,train,render,0.3026964068412781
20700,151,train,total,0.3042941093444824
20800,151,train,eikonal,0.005015792325139046
20800,151,train,render,0.31099551916122437
20800,151,train,total,0.3114970922470093
20900,152,train,eikonal,0.006839465349912643
20900,152,train,render,0.26101207733154297
20900,152,train,total,0.2616960108280182
21000,153,train,eikonal,0.008532276377081871
21000,153,train,render,0.29517579078674316
21000,153,train,total,0.2960290312767029
21100,154,train,eikonal,0.010774467140436172
21100,154,train,render,0.2965034246444702
21100,154,train,total,0.29758086800575256
21200,154,train,eikonal,0.008387425914406776
21200,154,train,render,0.29259252548217773
21200,154,train,total,0.29343128204345703
21300,155,train,eikonal,0.007608422078192234
21300,155,train,render,0.30717337131500244
21300,155,train,total,0.3079342246055603
21400,156,train,eikonal,0.004326454363763332
21400,156,train,render,0.2520897388458252
21400,156,train,total,0.25252237915992737
21500,156,train,eikonal,0.009403007104992867
21500,156,train,render,0.3138033151626587
21500,156,train,total,0.31474360823631287
21600,157,train,eikonal,0.004974843934178352
21600,157,train,render,0.2887725234031677
21600,157,train,total,0.2892700135707855
21700,158,train,eikonal,0.009585076943039894
21700,158,train,render,0.2846589684486389
21700,158,train,total,0.285617470741272
21800,159,train,eikonal,0.012932093814015388
21800,159,train,render,0.2808617055416107
21800,159,train,total,0.28215491771698
21900,159,train,eikonal,0.004289836157113314
21900,159,train,render,0.29240816831588745
21900,159,train,total,0.29283714294433594
22000,160,train,eikonal,0.012697778642177582
22000,160,train,render,0.3219127058982849
22000,160,train,total,0.32318249344825745
22100,161,train,eikonal,0.0058050015941262245
22100,161,train,render,0.2981846332550049
22100,161,train,total,0.2987651228904724
22200,162,train,eikonal,0.007190888747572899
22200,162,train,render,0.27712440490722656
22200,162,train,total,0.27784350514411926
22300,162,train,eikonal,0.009515705518424511
22300,162,train,render,0.3056219220161438
22300,162,train,total,0.3065734803676605
22400,163,train,eikonal,0.008702950552105904
22400,163,train,render,0.2783593535423279
22400,163,train,total,0.27922964096069336
22500,164,train,eikonal,0.004052319098263979
22500,164,train,render,0.2890000343322754
22500,164,train,total,0.2894052565097809
22600,164,train,eikonal,0.01011458970606327
22600,164,train,render,0.3110380172729492
22600,164,train,total,0.3120494782924652
22700,165,train,eikonal,0.010473858565092087
22700,165,train,render,0.2813720107078552
22700,165,train,total,0.2824193835258484
22800,166,train,eikonal,0.004641503095626831
22800,166,train,render,0.26014310121536255
22800,166,train,total,0.2606072425842285
22900,167,train,eikonal,0.011817659251391888
22900,167,train,render,0.30811411142349243
22900,167,train,total,0.3092958629131317
23000,167,train,eikonal,0.00584682822227478
23000,167,train,render,0.3020627498626709
23000,167,train,total,0.3026474416255951
23100,168,train,eikonal,0.0036427052691578865
23100,168,train,render,0.29588383436203003
23100,168,train,total,0.29624810814857483
23200,169,train,eikonal,0.005028733517974615
23200,169,train,render,0.2847031354904175
23200,169,train,total,0.28520601987838745
23300,170,train,eikonal,0.003956467844545841
23300,170,train,render,0.2645675539970398
23300,170,train,total,0.26496320962905884
23400,170,train,eikonal,0.009249018505215645
23400,170,train,render,0.29934602975845337
23400,170,train,total,0.3002709448337555
23500,171,train,eikonal,0.009598629549145699
23500,171,train,render,0.30111992359161377
23500,171,train,total,0.30207979679107666
23600,172,train,eikonal,0.010130961425602436
23600,172,train,render,0.2871209383010864
23600,172,train,total,0.28813403844833374
23700,172,train,eikonal,0.010945051908493042
23700,172,train,render,0.29767030477523804
23700,172,train,total,0.29876482486724854
23800,173,train,eikonal,0.010518880560994148
23800,173,train,render,0.2673284411430359
23800,173,train,total,0.268380343914032
23900,174,train,eikonal,0.008114336058497429
23900,174,train,render,0.27611440420150757
23900,174,train,total,0.27692583203315735
24000,175,train,eikonal,0.0038190707564353943
24000,175,train,render,0.2820472717285156
24000,175,train,total,0.28242918848991394
24100,175,train,eikonal,0.0062398407608270645
24100,175,train,render,0.25602102279663086
24100,175,train,total,0.25664499402046204
24200,176,train,eikonal,0.015899069607257843
24200,176,train,render,0.32541924715042114
24200,176,train,total,0.3270091414451599
24300,177,train,eikonal,0.004287211690098047
24300,177,train,render,0.28721797466278076
24300,177,train,total,0.28764668107032776
24400,178,train,eikonal,0.007777188438922167
24400,178,train,render,0.230194553732872
24400,178,train,total,0.2309722751379013
24500,178,train,eikonal,0.005375600419938564
24500,178,train,render,0.2589070200920105
24500,178,train,total,0.25944459438323975
24600,179,train,eikonal,0.008302157744765282
24600,179,train,render,0.3023587167263031
24600,179,train,total,0.30318892002105713
24700,180,train,eikonal,0.014161480590701103
24700,180,train,render,0.32998383045196533
24700,180,train,total,0.33139997720718384
24800,181,train,eikonal,0.009554699063301086
24800,181,train,render,0.2876077890396118
24800,181,train,total,0.28856325149536133
24900,181,train,eikonal,0.010745133273303509
24900,181,train,render,0.2611837387084961
24900,181,train,total,0.26225826144218445
25000,182,train,eikonal,0.006017325446009636
25000,182,train,render,0.29034072160720825
25000,182,train,total,0.2909424602985382
25100,183,train,eikonal,0.006872192025184631
25100,183,train,render,0.2995511293411255
25100,183,train,total,0.30023834109306335
25200,183,train,eikonal,0.003263772465288639
25200,183,train,render,0.29228097200393677
25200,183,train,total,0.2926073372364044
25300,184,train,eikonal,0.0045219361782073975
25300,184,train,render,0.2841595411300659
25300,184,train,total,0.2846117317676544
25400,185,train,eikonal,0.016199849545955658
25400,185,train,render,0.2788560390472412
25400,185,train,total,0.28047603368759155
25500,186,train,eikonal,0.010542476549744606
25500,186,train,render,0.31109780073165894
25500,186,train,total,0.31215205788612366
25600,186,train,eikonal,0.013096066191792488
25600,186,train,render,0.288629949092865
25600,186,train,total,0.2899395525455475
25700,187,train,eikonal,0.012455199845135212
25700,187,train,render,0.29487812519073486
25700,187,train,total,0.2961236536502838
25800,188,train,eikonal,0.01152598112821579
25800,188,train,render,0.2841380834579468
25800,188,train,total,0.2852906882762909
25900,189,train,eikonal,0.0051093134097754955
25900,189,train,render,0.25968021154403687
25900,189,train,total,0.2601911425590515
26000,189,train,eikonal,0.012466467916965485
26000,189,train,render,0.29736512899398804
26000,189,train,total,0.2986117899417877
26100,190,train,eikonal,0.008832024410367012
26100,190,train,render,0.28702765703201294
26100,190,train,total,0.2879108488559723
26200,191,train,eikonal,0.009034642949700356
26200,191,train,render,0.28717389702796936
26200,191,train,total,0.28807735443115234
26300,191,train,eikonal,0.006869785487651825
26300,191,train,render,0.2706213891506195
26300,191,train,total,0.27130836248397827
26400,192,train,eikonal,0.011651628650724888
26400,192,train,render,0.28630614280700684
26400,192,train,total,0.28747129440307617
26500,193,train,eikonal,0.004349656868726015
26500,193,train,render,0.28353065252304077
26500,193,train,total,0.2839656174182892
26600,194,train,eikonal,0.010787096805870533
26600,194,train,render,0.31040704250335693
26600,194,train,total,0.31148573756217957
26700,194,train,eikonal,0.004815101623535156
26700,194,train,render,0.2632424235343933
26700,194,train,total,0.2637239396572113
26800,195,train,eikonal,0.009676137007772923
26800,195,train,render,0.31847822666168213
26800,195,train,total,0.3194458484649658
26900,196,train,eikonal,0.003649641526862979
26900,196,train,render,0.302767276763916
26900,196,train,total,0.30313223600387573
27000,197,train,eikonal,0.011508675292134285
27000,197,train,render,0.288366436958313
27000,197,train,total,0.2895173132419586
27100,197,train,eikonal,0.009437724947929382
27100,197,train,render,0.31065335869789124
27100,197,train,total,0.31159713864326477
27200,198,train,eikonal,0.009028840810060501
27200,198,train,render,0.29574936628341675
27200,198,train,total,0.29665225744247437
27300,199,train,eikonal,0.009923066943883896
27300,199,train,render,0.29242730140686035
27300,199,train,total,0.29341959953308105
27400,200,train,eikonal,0.0047861430794000626
27400,200,train,render,0.2780191898345947
27400,200,train,total,0.2784978151321411
27500,200,train,eikonal,0.01495540700852871
27500,200,train,render,0.2944799065589905
27500,200,train,total,0.2959754467010498
27600,201,train,eikonal,0.012492552399635315
27600,201,train,render,0.2736123204231262
27600,201,train,total,0.27486157417297363
27700,202,train,eikonal,0.009332354180514812
27700,202,train,render,0.2596195340156555
27700,202,train,total,0.2605527639389038
27800,202,train,eikonal,0.010461987927556038
27800,202,train,render,0.3027660846710205
27800,202,train,total,0.30381229519844055
27900,203,train,eikonal,0.0137071767821908
27900,203,train,render,0.29486095905303955
27900,203,train,total,0.2962316870689392
28000,204,train,eikonal,0.006405108142644167
28000,204,train,render,0.28896135091781616
28000,204,train,total,0.2896018624305725
28100,205,train,eikonal,0.009193500503897667
28100,205,train,render,0.3121398389339447
28100,205,train,total,0.3130591809749603
28200,205,train,eikonal,0.00927469041198492
28200,205,train,render,0.28949689865112305
28200,205,train,total,0.2904243767261505
28300,206,train,eikonal,0.0051932246424257755
28300,206,train,render,0.2904047966003418
28300,206,train,total,0.2909241318702698
28400,207,train,eikonal,0.004471931606531143
28400,207,train,render,0.30649077892303467
28400,207,train,total,0.30693796277046204
28500,208,train,eikonal,0.004256789572536945
28500,208,train,render,0.2950054407119751
28500,208,train,total,0.29543110728263855
28600,208,train,eikonal,0.008886199444532394
28600,208,train,render,0.2934192419052124
28600,208,train,total,0.2943078577518463
28700,209,train,eikonal,0.01485358364880085
28700,209,train,render,0.280203640460968
28700,209,train,total,0.28168898820877075
28800,210,train,eikonal,0.008600850589573383
28800,210,train,render,0.27080702781677246
28800,210,train,total,0.27166712284088135
28900,210,train,eikonal,0.01452590525150299
28900,210,train,render,0.2840030789375305
28900,210,train,total,0.2854556739330292
29000,211,train,eikonal,0.011809439398348331
29000,211,train,render,0.29468947649002075
29000,211,train,total,0.29587042331695557
29100,212,train,eikonal,0.010891647078096867
29100,212,train,render,0.30108147859573364
29100,212,train,total,0.30217063426971436
29200,213,train,eikonal,0.009535209275782108
29200,213,train,render,0.2914895713329315
29200,213,train,total,0.29244309663772583
29300,213,train,eikonal,0.013258389197289944
29300,213,train,render,0.304628849029541
29300,213,train,total,0.3059546947479248
29400,214,train,eikonal,0.01824130490422249
29400,214,train,render,0.3438793420791626
29400,214,train,total,0.34570348262786865
29500,215,train,eikonal,0.011997578665614128
29500,215,train,render,0.29884248971939087
29500,215,train,total,0.3000422418117523
29600,216,train,eikonal,0.017252083867788315
29600,216,train,render,0.3398326635360718
29600,216,train,total,0.3415578603744507
29700,216,train,eikonal,0.009252097457647324
29700,216,train,render,0.28688663244247437
29700,216,train,total,0.28781184554100037
29800,217,train,eikonal,0.005107078701257706
29800,217,train,render,0.30046677589416504
29800,217,train,total,0.300977498292923
29900,218,train,eikonal,0.00883486121892929
29900,218,train,render,0.2724416255950928
29900,218,train,total,0.273325115442276
30000,218,train,eikonal,0.010579678229987621
30000,218,train,render,0.2921854257583618
30000,218,train,total,0.293243408203125
30100,219,train,eikonal,0.008836457505822182
30100,219,train,render,0.3083624541759491
30100,219,train,total,0.30924609303474426
30200,220,train,eikonal,0.012508431449532509
30200,220,train,render,0.28604745864868164
30200,220,train,total,0.2872982919216156
30300,221,train,eikonal,0.013212697580456734
30300,221,train,render,0.30687475204467773
30300,221,train,total,0.3081960082054138
30400,221,train,eikonal,0.009546952322125435
30400,221,train,render,0.2904360890388489
30400,221,train,total,0.2913907766342163
30500,222,train,eikonal,0.015583355911076069
30500,222,train,render,0.3058522641658783
30500,222,train,total,0.3074105978012085
30600,223,train,eikonal,0.004719478543847799
30600,223,train,render,0.27446088194847107
30600,223,train,total,0.2749328315258026
30700,224,train,eikonal,0.006480243988335133
30700,224,train,render,0.30787402391433716
30700,224,train,total,0.3085220456123352
30800,224,train,eikonal,0.012430185452103615
30800,224,train,render,0.32252514362335205
30800,224,train,total,0.32376816868782043
30900,225,train,eikonal,0.02026239037513733
30900,225,train,render,0.3280726671218872
30900,225,train,total,0.3300988972187042
31000,226,train,eikonal,0.005487645044922829
31000,226,train,render,0.2611520290374756
31000,226,train,total,0.2617007791996002
31100,227,train,eikonal,0.010321542620658875
31100,227,train,render,0.2907034158706665
31100,227,train,total,0.29173555970191956
31200,227,train,eikonal,0.008429011330008507
31200,227,train,render,0.2742775082588196
31200,227,train,total,0.27512040734291077
31300,228,train,eikonal,0.005770307965576649
31300,228,train,render,0.3060184717178345
31300,228,train,total,0.30659550428390503
31400,229,train,eikonal,0.007146320305764675
31400,229,train,render,0.22795236110687256
31400,229,train,total,0.2286669909954071
31500,229,train,eikonal,0.016567450016736984
31500,229,train,render,0.31636232137680054
31500,229,train,total,0.3180190622806549
31600,230,train,eikonal,0.004848333075642586
31600,230,train,render,0.30769526958465576
31600,230,train,total,0.3081800937652588
31700,231,train,eikonal,0.010303141549229622
31700,231,train,render,0.29970651865005493
31700,231,train,total,0.30073684453964233
31800,232,train,eikonal,0.012423448264598846
31800,232,train,render,0.2973789572715759
31800,232,train,total,0.2986212968826294
31900,232,train,eikonal,0.005611788481473923
31900,232,train,render,0.30668574571609497
31900,232,train,total,0.3072469234466553
32000,233,train,eikonal,0.004527690354734659
32000,233,train,render,0.26743248105049133
32000,233,train,total,0.2678852379322052
32100,234,train,eikonal,0.008330822922289371
32100,234,train,render,0.2462737262248993
32100,234,train,total,0.24710680544376373
32200,235,train,eikonal,0.01029958762228489
32200,235,train,render,0.2905431389808655
32200,235,train,total,0.29157310724258423
32300,235,train,eikonal,0.004107238724827766
32300,235,train,render,0.28774333000183105
32300,235,train,total,0.28815406560897827
32400,236,train,eikonal,0.004016331396996975
32400,236,train,render,0.283841073513031
32400,236,train,total,0.28424271941185
32500,237,train,eikonal,0.009982019662857056
32500,237,train,render,0.3192618489265442
32500,237,train,total,0.32026004791259766
32600,237,train,eikonal,0.009343917481601238
32600,237,train,render,0.2924002408981323
32600,237,train,total,0.29333463311195374
32700,238,train,eikonal,0.009044984355568886
32700,238,train,render,0.28262802958488464
32700,238,train,total,0.2835325300693512
32800,239,train,eikonal,0.004183346405625343
32800,239,train,render,0.2840486764907837
32800,239,train,total,0.28446701169013977
32900,240,train,eikonal,0.010087337344884872
32900,240,train,render,0.28098583221435547
32900,240,train,total,0.2819945514202118
33000,240,train,eikonal,0.012134525924921036
33000,240,train,render,0.3186555504798889
33000,240,train,total,0.3198690116405487
33100,241,train,eikonal,0.013898792676627636
33100,241,train,render,0.29264193773269653
33100,241,train,total,0.2940318286418915
33200,242,train,eikonal,0.0034905800130218267
33200,242,train,render,0.2937040328979492
33200,242,train,total,0.2940530776977539
33300,243,train,eikonal,0.012005284428596497
33300,243,train,render,0.2918415665626526
33300,243,train,total,0.2930420935153961
33400,243,train,eikonal,0.004881290253251791
33400,243,train,render,0.28928232192993164
33400,243,train,total,0.2897704541683197
33500,244,train,eikonal,0.010043074376881123
33500,244,train,render,0.29697054624557495
33500,244,train,total,0.2979748547077179
33600,245,train,eikonal,0.00869636982679367
33600,245,train,render,0.29228657484054565
33600,245,train,total,0.2931562066078186
33700,245,train,eikonal,0.009509249590337276
33700,245,train,render,0.3177828788757324
33700,245,train,total,0.318733811378479
33800,246,train,eikonal,0.013062890619039536
33800,246,train,render,0.2938133478164673
33800,246,train,total,0.29511964321136475
33900,247,train,eikonal,0.00618811696767807
33900,247,train,render,0.3040463328361511
33900,247,train,total,0.30466514825820923
34000,248,train,eikonal,0.009883463382720947
34000,248,train,render,0.27031731605529785
34000,248,train,total,0.271305650472641
34100,248,train,eikonal,0.004821057431399822
34100,248,train,render,0.27779603004455566
34100,248,train,total,0.2782781422138214
34200,249,train,eikonal,0.0033809724263846874
34200,249,train,render,0.3009800612926483
34200,249,train,total,0.3013181686401367
34300,250,train,eikonal,0.0096940528601408
34300,250,train,render,0.30773043632507324
34300,250,train,total,0.3086998462677002
34400,251,train,eikonal,0.008847774006426334
34400,251,train,render,0.28531521558761597
34400,251,train,total,0.28619998693466187
34500,251,train,eikonal,0.008523242548108101
34500,251,train,render,0.28561753034591675
34500,251,train,total,0.28646984696388245
34600,252,train,eikonal,0.010257456451654434
34600,252,train,render,0.27786433696746826
34600,252,train,total,0.27889007329940796
34700,253,train,eikonal,0.013061488047242165
34700,253,train,render,0.30196553468704224
34700,253,train,total,0.30327168107032776
34800,254,train,eikonal,0.00902140699326992
34800,254,train,render,0.25718575716018677
34800,254,train,total,0.2580879032611847
34900,254,train,eikonal,0.003944407217204571
34900,254,train,render,0.2715529799461365
34900,254,train,total,0.2719474136829376
35000,255,train,eikonal,0.01017671637237072
35000,255,train,render,0.2961122393608093
35000,255,train,total,0.29712989926338196
35100,256,train,eikonal,0.011197427287697792
35100,256,train,render,0.304659903049469
35100,256,train,total,0.3057796359062195
35200,256,train,eikonal,0.01781032234430313
35200,256,train,render,0.31161320209503174
35200,256,train,total,0.3133942484855652
35300,257,train,eikonal,0.009189323522150517
35300,257,train,render,0.28604865074157715
35300,257,train,total,0.28696757555007935
35400,258,train,eikonal,0.016329962760210037
35400,258,train,render,0.2973939776420593
35400,258,train,total,0.2990269660949707
35500,259,train,eikonal,0.004509598482400179
35500,259,train,render,0.2738945484161377
35500,259,train,total,0.2743455171585083
35600,259,train,eikonal,0.004653118085116148
35600,259,train,render,0.29183200001716614
35600,259,train,total,0.2922973036766052
35700,260,train,eikonal,0.012353062629699707
35700,260,train,render,0.24525552988052368
35700,260,train,total,0.24649083614349365
35800,261,train,eikonal,0.015608551912009716
35800,261,train,render,0.32665354013442993
35800,261,train,total,0.3282144069671631
35900,262,train,eikonal,0.009269175119698048
35900,262,train,render,0.29996562004089355
35900,262,train,total,0.30089253187179565
36000,262,train,eikonal,0.01076494436711073
36000,262,train,render,0.32057470083236694
36000,262,train,total,0.3216511905193329
36100,263,train,eikonal,0.0074574705213308334
36100,263,train,render,0.25769510865211487
36100,263,train,total,0.25844085216522217
36200,264,train,eikonal,0.014749204739928246
36200,264,train,render,0.2831747233867645
36200,264,train,total,0.28464964032173157
36300,264,train,eikonal,0.012855076231062412
36300,264,train,render,0.30852609872817993
36300,264,train,total,0.3098115921020508
36400,265,train,eikonal,0.009867755696177483
36400,265,train,render,0.28668469190597534
36400,265,train,total,0.2876714766025543
36500,266,train,eikonal,0.004029097035527229
36500,266,train,render,0.2846193015575409
36500,266,train,total,0.28502219915390015
36600,267,train,eikonal,0.005648483522236347
36600,267,train,render,0.2966081500053406
36600,267,train,total,0.29717299342155457
36700,267,train,eikonal,0.010961391031742096
36700,267,train,render,0.3095027208328247
36700,267,train,total,0.31059885025024414
36800,268,train,eikonal,0.008406332693994045
36800,268,train,render,0.2739126682281494
36800,268,train,total,0.27475330233573914
36900,269,train,eikonal,0.01432715728878975
36900,269,train,render,0.32289600372314453
36900,269,train,total,0.3243287205696106
37000,270,train,eikonal,0.016435738652944565
37000,270,train,render,0.2993716895580292
37000,270,train,total,0.3010152578353882
37100,270,train,eikonal,0.012822198681533337
37100,270,train,render,0.27523165941238403
37100,270,train,total,0.27651387453079224
37200,271,train,eikonal,0.009047886356711388
37200,271,train,render,0.273878276348114
37200,271,train,total,0.27478307485580444
37300,272,train,eikonal,0.0037210064474493265
37300,272,train,render,0.29366129636764526
37300,272,train,total,0.294033408164978
37400,272,train,eikonal,0.01052672229707241
37400,272,train,render,0.3001902103424072
37400,272,train,total,0.3012428879737854
37500,273,train,eikonal,0.0063939448446035385
37500,273,train,render,0.2740734815597534
37500,273,train,total,0.2747128903865814
37600,274,train,eikonal,0.01595211774110794
37600,274,train,render,0.31533941626548767
37600,274,train,total,0.31693461537361145
37700,275,train,eikonal,0.004289096686989069
37700,275,train,render,0.2924956679344177
37700,275,train,total,0.29292458295822144
37800,275,train,eikonal,0.0109449103474617
37800,275,train,render,0.2878381013870239
37800,275,train,total,0.28893259167671204
37900,276,train,eikonal,0.011430805549025536
37900,276,train,render,0.3093642592430115
37900,276,train,total,0.31050732731819153
38000,277,train,eikonal,0.008858589455485344
38000,277,train,render,0.305814266204834
38000,277,train,total,0.30670011043548584
38100,278,train,eikonal,0.009561705403029919
38100,278,train,render,0.297311007976532
38100,278,train,total,0.2982671856880188
38200,278,train,eikonal,0.01521126739680767
38200,278,train,render,0.3051445186138153
38200,278,train,total,0.30666565895080566
38300,279,train,eikonal,0.01144492905586958
38300,279,train,render,0.26305586099624634
38300,279,train,total,0.264200359582901
38400,280,train,eikonal,0.016432521864771843
38400,280,train,render,0.3126065731048584
38400,280,train,total,0.31424981355667114
38500,281,train,eikonal,0.014147596433758736
38500,281,train,render,0.2999289631843567
38500,281,train,total,0.301343709230423
38600,281,train,eikonal,0.014417738653719425
38600,281,train,render,0.3054344952106476
38600,281,train,total,0.3068762719631195
38700,282,train,eikonal,0.015621966682374477
38700,282,train,render,0.3115326464176178
38700,282,train,total,0.3130948543548584
38800,283,train,eikonal,0.010077128186821938
38800,283,train,render,0.2672158479690552
38800,283,train,total,0.2682235538959503
38900,283,train,eikonal,0.007840363308787346
38900,283,train,render,0.28292253613471985
38900,283,train,total,0.28370657563209534
39000,284,train,eikonal,0.007974058389663696
39000,284,train,render,0.2752196788787842
39000,284,train,total,0.27601706981658936
39100,285,train,eikonal,0.004140657372772694
39100,285,train,render,0.29187506437301636
39100,285,train,total,0.292289137840271
39200,286,train,eikonal,0.005134614650160074
39200,286,train,render,0.2783085107803345
39200,286,train,total,0.2788219749927521
39300,286,train,eikonal,0.006006397306919098
39300,286,train,render,0.2772678732872009
39300,286,train,total,0.27786850929260254
39400,287,train,eikonal,0.009302026592195034
39400,287,train,render,0.27815526723861694
39400,287,train,total,0.2790854573249817
39500,288,train,eikonal,0.01387963816523552
39500,288,train,render,0.2918485999107361
39500,288,train,total,0.29323655366897583
39600,289,train,eikonal,0.008687338791787624
39600,289,train,render,0.290643572807312
39600,289,train,total,0.29151231050491333
39700,289,train,eikonal,0.009760774672031403
39700,289,train,render,0.29893046617507935
39700,289,train,total,0.29990655183792114
39800,290,train,eikonal,0.009705726057291031
39800,290,train,render,0.2860821485519409
39800,290,train,total,0.287052720785141
39900,291,train,eikonal,0.01006908155977726
39900,291,train,render,0.30433499813079834
39900,291,train,total,0.305341899394989
40000,291,train,eikonal,0.01150306686758995
40000,291,train,render,0.30222606658935547
40000,291,train,total,0.30337637662887573
40100,292,train,eikonal,0.012572558596730232
40100,292,train,render,0.3426297605037689
40100,292,train,total,0.3438870310783386
40200,293,train,eikonal,0.004420723300427198
40200,293,train,render,0.28995561599731445
40200,293,train,total,0.29039767384529114
40300,294,train,eikonal,0.006547548808157444
40300,294,train,render,0.31690067052841187
40300,294,train,total,0.31755542755126953
40400,294,train,eikonal,0.004352407529950142
40400,294,train,render,0.289789617061615
40400,294,train,total,0.2902248501777649
40500,295,train,eikonal,0.015156224370002747
40500,295,train,render,0.2856100797653198
40500,295,train,total,0.28712570667266846
40600,296,train,eikonal,0.0051798694767057896
40600,296,train,render,0.272872656583786
40600,296,train,total,0.27339065074920654
40700,297,train,eikonal,0.014744486659765244
40700,297,train,render,0.3111903965473175
40700,297,train,total,0.31266483664512634
40800,297,train,eikonal,0.007352049462497234
40800,297,train,render,0.2978922724723816
40800,297,train,total,0.29862746596336365
40900,298,train,eikonal,0.015357118099927902
40900,298,train,render,0.2875010371208191
40900,298,train,total,0.28903675079345703
41000,299,train,eikonal,0.01607772707939148
41000,299,train,render,0.2937448024749756
41000,299,train,total,0.295352578163147
41100,300,train,eikonal,0.010444283485412598
41100,300,train,render,0.272009015083313
41100,300,train,total,0.27305343747138977
41200,300,train,eikonal,0.007764945272356272
41200,300,train,render,0.2941429615020752
41200,300,train,total,0.2949194610118866
41300,301,train,eikonal,0.003910260275006294
41300,301,train,render,0.25952425599098206
41300,301,train,total,0.259915292263031
41400,302,train,eikonal,0.00974220409989357
41400,302,train,render,0.3035723567008972
41400,302,train,total,0.3045465648174286
41500,302,train,eikonal,0.01075473241508007
41500,302,train,render,0.28387725353240967
41500,302,train,total,0.28495272994041443
41600,303,train,eikonal,0.004142841789871454
41600,303,train,render,0.29088538885116577
41600,303,train,total,0.2912996709346771
41700,304,train,eikonal,0.004533903673291206
41700,304,train,render,0.24996842443943024
41700,304,train,total,0.25042182207107544
41800,305,train,eikonal,0.009322550147771835
41800,305,train,render,0.29836636781692505
41800,305,train,total,0.29929861426353455
41900,305,train,eikonal,0.00914699211716652
41900,305,train,render,0.2516910433769226
41900,305,train,total,0.25260573625564575
42000,306,train,eikonal,0.008600573986768723
42000,306,train,render,0.3122815489768982
42000,306,train,total,0.3131416141986847
42100,307,train,eikonal,0.004934576340019703
42100,307,train,render,0.2861824035644531
42100,307,train,total,0.2866758704185486
42200,308,train,eikonal,0.004174334462732077
42200,308,train,render,0.3045610785484314
42200,308,train,total,0.30497851967811584
42300,308,train,eikonal,0.010590724647045135
42300,308,train,render,0.2797662615776062
42300,308,train,total,0.28082534670829773
42400,309,train,eikonal,0.0034839841537177563
42400,309,train,render,0.2546526789665222
42400,309,train,total,0.2550010681152344
42500,310,train,eikonal,0.008070647716522217
42500,310,train,render,0.29709863662719727
42500,310,train,total,0.29790571331977844
42600,310,train,eikonal,0.006364993751049042
42600,310,train,render,0.248355433344841
42600,310,train,total,0.2489919364452362
42700,311,train,eikonal,0.00952678918838501
42700,311,train,render,0.2882843315601349
42700,311,train,total,0.28923702239990234
42800,312,train,eikonal,0.010378284379839897
42800,312,train,render,0.2732771039009094
42800,312,train,total,0.2743149399757385
42900,313,train,eikonal,0.004517551511526108
42900,313,train,render,0.2567479610443115
42900,313,train,total,0.2571997046470642
43000,313,train,eikonal,0.015140078961849213
43000,313,train,render,0.3063834309577942
43000,313,train,total,0.3078974485397339
43100,314,train,eikonal,0.004888592753559351
43100,314,train,render,0.28426477313041687
43100,314,train,total,0.28475362062454224
43200,315,train,eikonal,0.003590482287108898
43200,315,train,render,0.27680546045303345
43200,315,train,total,0.2771645188331604
43300,316,train,eikonal,0.00644307304173708
43300,316,train,render,0.2258973866701126
43300,316,train,total,0.2265416979789734
43400,316,train,eikonal,0.012446677312254906
43400,316,train,render,0.26233941316604614
43400,316,train,total,0.26358407735824585
43500,317,train,eikonal,0.004973295144736767
43500,317,train,render,0.2774508595466614
43500,317,train,total,0.27794820070266724
43600,318,train,eikonal,0.003601348027586937
43600,318,train,render,0.2920719385147095
43600,318,train,total,0.2924320697784424
43700,318,train,eikonal,0.010262560099363327
43700,318,train,render,0.2633053958415985
43700,318,train,total,0.2643316388130188
43800,319,train,eikonal,0.008447205647826195
43800,319,train,render,0.2986793518066406
43800,319,train,total,0.29952406883239746
43900,320,train,eikonal,0.007897138595581055
43900,320,train,render,0.27942246198654175
43900,320,train,total,0.2802121639251709
44000,321,train,eikonal,0.005606809630990028
44000,321,train,render,0.334236741065979
44000,321,train,total,0.3347974121570587
44100,321,train,eikonal,0.003385711694136262
44100,321,train,render,0.2714693546295166
44100,321,train,total,0.2718079388141632
44200,322,train,eikonal,0.008830714970827103
44200,322,train,render,0.29771891236305237
44200,322,train,total,0.29860198497772217
44300,323,train,eikonal,0.007297332398593426
44300,323,train,render,0.32269811630249023
44300,323,train,total,0.32342785596847534
44400,324,train,eikonal,0.005822551902383566
44400,324,train,render,0.2730780839920044
44400,324,train,total,0.2736603319644928
44500,324,train,eikonal,0.0029659848660230637
44500,324,train,render,0.26720717549324036
44500,324,train,total,0.2675037682056427
44600,325,train,eikonal,0.004068595822900534
44600,325,train,render,0.27937209606170654
44600,325,train,total,0.27977895736694336
44700,326,train,eikonal,0.01364381704479456
44700,326,train,render,0.3188648223876953
44700,326,train,total,0.3202292025089264
44800,327,train,eikonal,0.0037100864574313164
44800,327,train,render,0.2707279324531555
44800,327,train,total,0.27109894156455994
44900,327,train,eikonal,0.0024261479265987873
44900,327,train,render,0.2646213471889496
44900,327,train,total,0.2648639678955078
45000,328,train,eikonal,0.01008029468357563
45000,328,train,render,0.2944909334182739
45000,328,train,total,0.29549896717071533
45100,329,train,eikonal,0.014311758801341057
45100,329,train,render,0.3193461298942566
45100,329,train,total,0.3207772970199585
45200,329,train,eikonal,0.0056646233424544334
45200,329,train,render,0.24494925141334534
45200,329,train,total,0.24551571905612946
45300,330,train,eikonal,0.0054407427087426186
45300,330,train,render,0.2173013687133789
45300,330,train,total,0.21784543991088867
45400,331,train,eikonal,0.004165310878306627
45400,331,train,render,0.2877677381038666
45400,331,train,total,0.288184255361557
45500,332,train,eikonal,0.004224724136292934
45500,332,train,render,0.2974349856376648
45500,332,train,total,0.29785746335983276
45600,332,train,eikonal,0.01329023763537407
45600,332,train,render,0.2752079367637634
45600,332,train,total,0.2765369713306427
45700,333,train,eikonal,0.006087637506425381
45700,333,train,render,0.29572513699531555
45700,333,train,total,0.296333909034729
45800,334,train,eikonal,0.00985038559883833
45800,334,train,render,0.2936828136444092
45800,334,train,total,0.2946678400039673
45900,335,train,eikonal,0.0041264863684773445
45900,335,train,render,0.3061891794204712
45900,335,train,total,0.3066018223762512
46000,335,train,eikonal,0.004098325036466122
46000,335,train,render,0.2728685736656189
46000,335,train,total,0.2732784152030945
46100,336,train,eikonal,0.009666161611676216
46100,336,train,render,0.28404295444488525
46100,336,train,total,0.28500956296920776
46200,337,train,eikonal,0.01138507854193449
46200,337,train,render,0.3034147620201111
46200,337,train,total,0.3045532703399658
46300,337,train,eikonal,0.009463401511311531
46300,337,train,render,0.2863016724586487
46300,337,train,total,0.28724801540374756
46400,338,train,eikonal,0.01582942344248295
46400,338,train,render,0.3019426465034485
46400,338,train,total,0.3035255968570709
46500,339,train,eikonal,0.009706723503768444
46500,339,train,render,0.2902480661869049
46500,339,train,total,0.29121872782707214
46600,340,train,eikonal,0.009100239723920822
46600,340,train,render,0.2817155718803406
46600,340,train,total,0.28262558579444885
46700,340,train,eikonal,0.00471293181180954
46700,340,train,render,0.25692492723464966
46700,340,train,total,0.25739622116088867
46800,341,train,eikonal,0.004533091560006142
46800,341,train,render,0.2794308662414551
46800,341,train,total,0.2798841893672943
46900,342,train,eikonal,0.0045510753989219666
46900,342,train,render,0.2990454435348511
46900,342,train,total,0.29950055480003357
47000,343,train,eikonal,0.004528085235506296
47000,343,train,render,0.2864763140678406
47000,343,train,total,0.2869291305541992
47100,343,train,eikonal,0.010086052119731903
47100,343,train,render,0.310353547334671
47100,343,train,total,0.3113621473312378
47200,344,train,eikonal,0.013278004713356495
47200,344,train,render,0.26324212551116943
47200,344,train,total,0.2645699381828308
47300,345,train,eikonal,0.004725933540612459
47300,345,train,render,0.29502326250076294
47300,345,train,total,0.295495867729187
47400,345,train,eikonal,0.011877547949552536
47400,345,train,render,0.2950095534324646
47400,345,train,total,0.2961972951889038
47500,346,train,eikonal,0.004042435437440872
47500,346,train,render,0.2786950469017029
47500,346,train,total,0.2790992856025696
47600,347,train,eikonal,0.01061391644179821
47600,347,train,render,0.27776795625686646
47600,347,train,total,0.27882933616638184
47700,348,train,eikonal,0.006669634487479925
47700,348,train,render,0.24146707355976105
47700,348,train,total,0.24213403463363647
47800,348,train,eikonal,0.00900416448712349
47800,348,train,render,0.28995275497436523
47800,348,train,total,0.2908531725406647
47900,349,train,eikonal,0.006832863204181194
47900,349,train,render,0.26172196865081787
47900,349,train,total,0.26240524649620056
48000,350,train,eikonal,0.008800150826573372
48000,350,train,render,0.29806238412857056
48000,350,train,total,0.2989423871040344
48100,351,train,eikonal,0.007479559630155563
48100,351,train,render,0.27400118112564087
48100,351,train,total,0.27474913001060486
48200,351,train,eikonal,0.009971898049116135
48200,351,train,render,0.3129354417324066
48200,351,train,total,0.3139326274394989
48300,352,train,eikonal,0.009210513904690742
48300,352,train,render,0.28841254115104675
48300,352,train,total,0.2893335819244385
48400,353,train,eikonal,0.010914049111306667
48400,353,train,render,0.29861441254615784
48400,353,train,total,0.2997058033943176
48500,354,train,eikonal,0.004726751707494259
48500,354,train,render,0.28967544436454773
48500,354,train,total,0.2901481091976166
48600,354,train,eikonal,0.010171339847147465
48600,354,train,render,0.30532342195510864
48600,354,train,total,0.3063405454158783
48700,355,train,eikonal,0.00468247476965189
48700,355,train,render,0.2868849039077759
48700,355,train,total,0.28735315799713135
48800,356,train,eikonal,0.012833676300942898
48800,356,train,render,0.3052242696285248
48800,356,train,total,0.3065076470375061
48900,356,train,eikonal,0.009312556125223637
48900,356,train,render,0.27520281076431274
48900,356,train,total,0.27613407373428345
49000,357,train,eikonal,0.01026676595211029
49000,357,train,render,0.28413236141204834
49000,357,train,total,0.28515905141830444
49100,358,train,eikonal,0.014208018779754639
49100,358,train,render,0.3074098229408264
49100,358,train,total,0.3088306188583374
49200,359,train,eikonal,0.009963415563106537
49200,359,train,render,0.29920896887779236
49200,359,train,total,0.3002053201198578
49300,359,train,eikonal,0.010142762213945389
49300,359,train,render,0.28151875734329224
49300,359,train,total,0.28253301978111267
49400,360,train,eikonal,0.015568966045975685
49400,360,train,render,0.3185562789440155
49400,360,train,total,0.3201131820678711
49500,361,train,eikonal,0.0066138263791799545
49500,361,train,render,0.29372555017471313
49500,361,train,total,0.29438692331314087
49600,362,train,eikonal,0.010110696777701378
49600,362,train,render,0.30482417345046997
49600,362,train,total,0.3058352470397949
49700,362,train,eikonal,0.004120081663131714
49700,362,train,render,0.2735791504383087
49700,362,train,total,0.2739911675453186
49800,363,train,eikonal,0.007003990933299065
49800,363,train,render,0.29578933119773865
49800,363,train,total,0.2964897155761719
49900,364,train,eikonal,0.013558574952185154
49900,364,train,render,0.32671090960502625
49900,364,train,total,0.32806676626205444
50000,364,train,eikonal,0.01065373420715332
50000,364,train,render,0.30872875452041626
50000,364,train,total,0.3097941279411316
50100,365,train,eikonal,0.010781049728393555
50100,365,train,render,0.2810053825378418
50100,365,train,total,0.2820834815502167
50200,366,train,eikonal,0.012256443500518799
50200,366,train,render,0.2979831099510193
50200,366,train,total,0.29920876026153564
50300,367,train,eikonal,0.008234981447458267
50300,367,train,render,0.3034669756889343
50300,367,train,total,0.3042904734611511
50400,367,train,eikonal,0.0046011656522750854
50400,367,train,render,0.2781258821487427
50400,367,train,total,0.2785860002040863
50500,368,train,eikonal,0.0050981310196220875
50500,368,train,render,0.2903907001018524
50500,368,train,total,0.29090049862861633
50600,369,train,eikonal,0.010868486948311329
50600,369,train,render,0.29699385166168213
50600,369,train,total,0.298080712556839
50700,370,train,eikonal,0.004747090861201286
50700,370,train,render,0.28433459997177124
50700,370,train,total,0.28480932116508484
50800,370,train,eikonal,0.015412744134664536
50800,370,train,render,0.3068462014198303
50800,370,train,total,0.30838748812675476
50900,371,train,eikonal,0.009239567443728447
50900,371,train,render,0.2901199758052826
50900,371,train,total,0.2910439372062683
51000,372,train,eikonal,0.008619710803031921
51000,372,train,render,0.274336576461792
51000,372,train,total,0.2751985490322113
51100,372,train,eikonal,0.009857435710728168
51100,372,train,render,0.27861565351486206
51100,372,train,total,0.27960139513015747
51200,373,train,eikonal,0.004194637294858694
51200,373,train,render,0.27672794461250305
51200,373,train,total,0.27714741230010986
51300,374,train,eikonal,0.006781452335417271
51300,374,train,render,0.26234012842178345
51300,374,train,total,0.26301828026771545
51400,375,train,eikonal,0.004168182611465454
51400,375,train,render,0.2656528651714325
51400,375,train,total,0.2660696804523468
51500,375,train,eikonal,0.005478330422192812
51500,375,train,render,0.26426962018013
51500,375,train,total,0.2648174464702606
51600,376,train,eikonal,0.009025584906339645
51600,376,train,render,0.32641705870628357
51600,376,train,total,0.3273196220397949
51700,377,train,eikonal,0.004580443259328604
51700,377,train,render,0.24201786518096924
51700,377,train,total,0.24247591197490692
51800,378,train,eikonal,0.009722227230668068
51800,378,train,render,0.3107122480869293
51800,378,train,total,0.3116844594478607
51900,378,train,eikonal,0.006508582271635532
51900,378,train,render,0.2620871663093567
51900,378,train,total,0.26273801922798157
52000,379,train,eikonal,0.008980258367955685
52000,379,train,render,0.2745157480239868
52000,379,train,total,0.27541378140449524
52100,380,train,eikonal,0.008787414990365505
52100,380,train,render,0.3200101852416992
52100,380,train,total,0.3208889365196228
52200,381,train,eikonal,0.009454609826207161
52200,381,train,render,0.297719269990921
52200,381,train,total,0.29866471886634827
52300,381,train,eikonal,0.010955829173326492
52300,381,train,render,0.3021070063114166
52300,381,train,total,0.3032025992870331
52400,382,train,eikonal,0.014297164976596832
52400,382,train,render,0.31130415201187134
52400,382,train,total,0.31273385882377625
52500,383,train,eikonal,0.01416248083114624
52500,383,train,render,0.3120384216308594
52500,383,train,total,0.31345465779304504
52600,383,train,eikonal,0.014276769012212753
52600,383,train,render,0.3175598382949829
52600,383,train,total,0.31898751854896545
52700,384,train,eikonal,0.007985402829945087
52700,384,train,render,0.289916455745697
52700,384,train,total,0.2907150089740753
52800,385,train,eikonal,0.0038639786653220654
52800,385,train,render,0.3027597665786743
52800,385,train,total,0.3031461536884308
52900,386,train,eikonal,0.013769281096756458
52900,386,train,render,0.3086168169975281
52900,386,train,total,0.3099937438964844
53000,386,train,eikonal,0.011212723329663277
53000,386,train,render,0.26357921957969666
53000,386,train,total,0.2647005021572113
53100,387,train,eikonal,0.008423367515206337
53100,387,train,render,0.30296793580055237
53100,387,train,total,0.3038102686405182
53200,388,train,eikonal,0.0035500205121934414
53200,388,train,render,0.2688748240470886
53200,388,train,total,0.26922982931137085
53300,389,train,eikonal,0.016298631206154823
53300,389,train,render,0.31122422218322754
53300,389,train,total,0.3128540813922882
53400,389,train,eikonal,0.0052885254845023155
53400,389,train,render,0.28693461418151855
53400,389,train,total,0.2874634563922882
53500,390,train,eikonal,0.005501841194927692
53500,390,train,render,0.29353582859039307
53500,390,train,total,0.2940860092639923
53600,391,train,eikonal,0.008562073111534119
53600,391,train,render,0.2794910669326782
53600,391,train,total,0.2803472876548767
53700,391,train,eikonal,0.004052367992699146
53700,391,train,render,0.2555418610572815
53700,391,train,total,0.255947083234787
53800,392,train,eikonal,0.009578768163919449
53800,392,train,render,0.30854350328445435
53800,392,train,total,0.30950137972831726
53900,393,train,eikonal,0.00884205847978592
53900,393,train,render,0.27952009439468384
53900,393,train,total,0.28040429949760437
54000,394,train,eikonal,0.003004803555086255
54000,394,train,render,0.27020692825317383
54000,394,train,total,0.2705073952674866
54100,394,train,eikonal,0.008245978504419327
54100,394,train,render,0.2922371029853821
54100,394,train,total,0.2930617034435272
54200,395,train,eikonal,0.0038515920750796795
54200,395,train,render,0.3020437955856323
54200,395,train,total,0.3024289608001709
54300,396,train,eikonal,0.008598165586590767
54300,396,train,render,0.29910069704055786
54300,396,train,total,0.29996052384376526
54400,397,train,eikonal,0.008978118188679218
54400,397,train,render,0.2994254529476166
54400,397,train,total,0.3003232777118683
54500,397,train,eikonal,0.0037673693150281906
54500,397,train,render,0.3016049265861511
54500,397,train,total,0.301981657743454
54600,398,train,eikonal,0.009212183766067028
54600,398,train,render,0.27503010630607605
54600,398,train,total,0.2759513258934021
54700,399,train,eikonal,0.010172195732593536
54700,399,train,render,0.30363714694976807
54700,399,train,total,0.3046543598175049
54800,400,train,eikonal,0.008426672779023647
54800,400,train,render,0.3182402551174164
54800,400,train,total,0.31908291578292847
54900,400,train,eikonal,0.00859753880649805
54900,400,train,render,0.27734696865081787
54900,400,train,total,0.2782067358493805
55000,401,train,eikonal,0.009416532702744007
55000,401,train,render,0.3190821409225464
55000,401,train,total,0.3200238049030304
55100,402,train,eikonal,0.011249635368585587
55100,402,train,render,0.28690236806869507
55100,402,train,total,0.2880273461341858
55200,402,train,eikonal,0.010079901665449142
55200,402,train,render,0.2879314422607422
55200,402,train,total,0.2889394462108612
55300,403,train,eikonal,0.011887766420841217
55300,403,train,render,0.2761119306087494
55300,403,train,total,0.27730071544647217
55400,404,train,eikonal,0.006537129171192646
55400,404,train,render,0.28491902351379395
55400,404,train,total,0.28557273745536804
55500,405,train,eikonal,0.012228121049702168
55500,405,train,render,0.321955144405365
55500,405,train,total,0.3231779634952545
55600,405,train,eikonal,0.0055216895416378975
55600,405,train,render,0.28909820318222046
55600,405,train,total,0.2896503806114197
55700,406,train,eikonal,0.010355903767049313
55700,406,train,render,0.2846522927284241
55700,406,train,total,0.2856878936290741
55800,407,train,eikonal,0.00512800132855773
55800,407,train,render,0.3209207057952881
55800,407,train,total,0.32143351435661316
55900,408,train,eikonal,0.008680308237671852
55900,408,train,render,0.3014025092124939
55900,408,train,total,0.3022705316543579
56000,408,train,eikonal,0.005277635995298624
56000,408,train,render,0.29843753576278687
56000,408,train,total,0.29896530508995056
56100,409,train,eikonal,0.010343281552195549
56100,409,train,render,0.2720741629600525
56100,409,train,total,0.27310848236083984
56200,410,train,eikonal,0.007344037294387817
56200,410,train,render,0.29405415058135986
56200,410,train,total,0.29478853940963745
56300,410,train,eikonal,0.004679513163864613
56300,410,train,render,0.2370980679988861
56300,410,train,total,0.2375660240650177
56400,411,train,eikonal,0.0043351128697395325
56400,411,train,render,0.2700444161891937
56400,411,train,total,0.27047792077064514
56500,412,train,eikonal,0.013790066353976727
56500,412,train,render,0.2967783510684967
56500,412,train,total,0.29815736413002014
56600,413,train,eikonal,0.004918851889669895
56600,413,train,render,0.27183997631073
56600,413,train,total,0.2723318636417389
56700,413,train,eikonal,0.00916251726448536
56700,413,train,render,0.27008962631225586
56700,413,train,total,0.27100586891174316
56800,414,train,eikonal,0.00570131279528141
56800,414,train,render,0.2684963345527649
56800,414,train,total,0.2690664529800415
56900,415,train,eikonal,0.009440637193620205
56900,415,train,render,0.2517578601837158
56900,415,train,total,0.25270193815231323
57000,416,train,eikonal,0.00984908826649189
57000,416,train,render,0.29377901554107666
57000,416,train,total,0.2947639226913452
57100,416,train,eikonal,0.009461985900998116
57100,416,train,render,0.2740413546562195
57100,416,train,total,0.2749875485897064
57200,417,train,eikonal,0.005593451205641031
57200,417,train,render,0.2602132260799408
57200,417,train,total,0.26077258586883545
57300,418,train,eikonal,0.006046648137271404
57300,418,train,render,0.28668466210365295
57300,418,train,total,0.2872893214225769
57400,418,train,eikonal,0.008473447524011135
57400,418,train,render,0.2384878545999527
57400,418,train,total,0.23933519423007965
57500,419,train,eikonal,0.005903097800910473
57500,419,train,render,0.27779680490493774
57500,419,train,total,0.2783871293067932
57600,420,train,eikonal,0.010705539956688881
57600,420,train,render,0.2758601903915405
57600,420,train,total,0.2769307494163513
57700,421,train,eikonal,0.004149136133491993
57700,421,train,render,0.27064067125320435
57700,421,train,total,0.27105557918548584
57800,421,train,eikonal,0.004770671017467976
57800,421,train,render,0.2987375259399414
57800,421,train,total,0.29921460151672363
57900,422,train,eikonal,0.007984369993209839
57900,422,train,render,0.26957184076309204
57900,422,train,total,0.2703702747821808
58000,423,train,eikonal,0.012128500267863274
58000,423,train,render,0.31332337856292725
58000,423,train,total,0.3145362138748169
58100,424,train,eikonal,0.014574713073670864
58100,424,train,render,0.27336645126342773
58100,424,train,total,0.274823933839798
58200,424,train,eikonal,0.012276495806872845
58200,424,train,render,0.2933439612388611
58200,424,train,total,0.2945716083049774
58300,425,train,eikonal,0.004601209424436092
58300,425,train,render,0.2754437029361725
58300,425,train,total,0.2759038209915161
58400,426,train,eikonal,0.005584121681749821
58400,426,train,render,0.29680103063583374
58400,426,train,total,0.297359436750412
58500,427,train,eikonal,0.005108390003442764
58500,427,train,render,0.30911046266555786
58500,427,train,total,0.30962130427360535
58600,427,train,eikonal,0.01118258386850357
58600,427,train,render,0.2870672941207886
58600,427,train,total,0.28818556666374207
58700,428,train,eikonal,0.009925449267029762
58700,428,train,render,0.29732877016067505
58700,428,train,total,0.29832130670547485
58800,429,train,eikonal,0.011487978510558605
58800,429,train,render,0.2602055072784424
58800,429,train,total,0.2613542973995209
58900,429,train,eikonal,0.008565710857510567
58900,429,train,render,0.2928173542022705
58900,429,train,total,0.29367393255233765
59000,430,train,eikonal,0.005407210439443588
59000,430,train,render,0.2855737805366516
59000,430,train,total,0.28611451387405396
59100,431,train,eikonal,0.009277332574129105
59100,431,train,render,0.29321229457855225
59100,431,train,total,0.2941400408744812
59200,432,train,eikonal,0.0088792834430933
59200,432,train,render,0.3137044906616211
59200,432,train,total,0.3145924210548401
59300,432,train,eikonal,0.010931258089840412
59300,432,train,render,0.30452531576156616
59300,432,train,total,0.30561843514442444
59400,433,train,eikonal,0.011848626658320427
59400,433,train,render,0.30493593215942383
59400,433,train,total,0.30612078309059143
59500,434,train,eikonal,0.006993123330175877
59500,434,train,render,0.2918297052383423
59500,434,train,total,0.29252901673316956
59600,435,train,eikonal,0.015845628455281258
59600,435,train,render,0.32019397616386414
59600,435,train,total,0.3217785358428955
59700,435,train,eikonal,0.008929505944252014
59700,435,train,render,0.29346418380737305
59700,435,train,total,0.2943571209907532
59800,436,train,eikonal,0.012557128444314003
59800,436,train,render,0.2936718165874481
59800,436,train,total,0.29492753744125366
59900,437,train,eikonal,0.006588701158761978
59900,437,train,render,0.2220839560031891
59900,437,train,total,0.22274282574653625
60000,437,train,eikonal,0.010574950836598873
60000,437,train,render,0.26598864793777466
60000,437,train,total,0.26704615354537964
60100,438,train,eikonal,0.008844936266541481
60100,438,train,render,0.2716714143753052
60100,438,train,total,0.2725559175014496
60200,439,train,eikonal,0.01159193180501461
60200,439,train,render,0.2593899667263031
60200,439,train,total,0.2605491578578949
60300,440,train,eikonal,0.010686306282877922
60300,440,train,render,0.2923520803451538
60300,440,train,total,0.2934207022190094
60400,440,train,eikonal,0.012722129002213478
60400,440,train,render,0.24927015602588654
60400,440,train,total,0.25054237246513367
60500,441,train,eikonal,0.007115853950381279
60500,441,train,render,0.28402596712112427
60500,441,train,total,0.28473755717277527
60600,442,train,eikonal,0.008495599962770939
60600,442,train,render,0.2731105089187622
60600,442,train,total,0.27396008372306824
60700,443,train,eikonal,0.008894190192222595
60700,443,train,render,0.28037333488464355
60700,443,train,total,0.28126275539398193
60800,443,train,eikonal,0.012769343331456184
60800,443,train,render,0.2693752646446228
60800,443,train,total,0.2706522047519684
60900,444,train,eikonal,0.0070459796115756035
60900,444,train,render,0.28820687532424927
60900,444,train,total,0.28891146183013916
61000,445,train,eikonal,0.008362120017409325
61000,445,train,render,0.2891749143600464
61000,445,train,total,0.29001113772392273
61100,445,train,eikonal,0.011870203539729118
61100,445,train,render,0.2839047908782959
61100,445,train,total,0.2850918173789978
61200,446,train,eikonal,0.012559640221297741
61200,446,train,render,0.3153753876686096
61200,446,train,total,0.31663134694099426
61300,447,train,eikonal,0.016077985987067223
61300,447,train,render,0.3122265338897705
61300,447,train,total,0.3138343393802643
61400,448,train,eikonal,0.01038756500929594
61400,448,train,render,0.2852720618247986
61400,448,train,total,0.2863108217716217
61500,448,train,eikonal,0.010442590340971947
61500,448,train,render,0.3036952614784241
61500,448,train,total,0.3047395348548889
61600,449,train,eikonal,0.010590482503175735
61600,449,train,render,0.2529466152191162
61600,449,train,total,0.25400567054748535
61700,450,train,eikonal,0.013839558698236942
61700,450,train,render,0.3059574365615845
61700,450,train,total,0.30734139680862427
61800,451,train,eikonal,0.007159311790019274
61800,451,train,render,0.25012874603271484
61800,451,train,total,0.25084468722343445
61900,451,train,eikonal,0.008729862049221992
61900,451,train,render,0.28602850437164307
61900,451,train,total,0.2869015038013458
62000,452,train,eikonal,0.008433527313172817
62000,452,train,render,0.2902126908302307
62000,452,train,total,0.2910560369491577
62100,453,train,eikonal,0.006254787091165781
62100,453,train,render,0.2435668706893921
62100,453,train,total,0.24419234693050385
62200,454,train,eikonal,0.009716393426060677
62200,454,train,render,0.2681599259376526
62200,454,train,total,0.2691315710544586
62300,454,train,eikonal,0.01540695782750845
62300,454,train,render,0.31929272413253784
62300,454,train,total,0.3208334147930145
62400,455,train,eikonal,0.009443329647183418
62400,455,train,render,0.2678373456001282
62400,455,train,total,0.2687816917896271
62500,456,train,eikonal,0.011779053136706352
62500,456,train,render,0.2942042350769043
62500,456,train,total,0.29538214206695557
62600,456,train,eikonal,0.01655706763267517
62600,456,train,render,0.2922968566417694
62600,456,train,total,0.2939525544643402
62700,457,train,eikonal,0.008725514635443687
62700,457,train,render,0.2810782492160797
62700,457,train,total,0.28195080161094666
62800,458,train,eikonal,0.010389884933829308
62800,458,train,render,0.2694650888442993
62800,458,train,total,0.27050408720970154
62900,459,train,eikonal,0.013531049713492393
62900,459,train,render,0.27891063690185547
62900,459,train,total,0.280263751745224
63000,459,train,eikonal,0.014805043116211891
63000,459,train,render,0.31177377700805664
63000,459,train,total,0.3132542669773102
63100,460,train,eikonal,0.013822488486766815
63100,460,train,render,0.28042590618133545
63100,460,train,total,0.28180816769599915
63200,461,train,eikonal,0.011233076453208923
63200,461,train,render,0.28489190340042114
63200,461,train,total,0.28601521253585815
63300,462,train,eikonal,0.015794266015291214
63300,462,train,render,0.2832574248313904
63300,462,train,total,0.28483685851097107
63400,462,train,eikonal,0.013503164984285831
63400,462,train,render,0.2611136734485626
63400,462,train,total,0.2624639868736267
63500,463,train,eikonal,0.013461981900036335
63500,463,train,render,0.27173155546188354
63500,463,train,total,0.27307775616645813
63600,464,train,eikonal,0.010808178223669529
63600,464,train,render,0.2783125638961792
63600,464,train,total,0.27939337491989136
63700,464,train,eikonal,0.007927333936095238
63700,464,train,render,0.2784661054611206
63700,464,train,total,0.2792588472366333
63800,465,train,eikonal,0.008790838532149792
63800,465,train,render,0.2847670912742615
63800,465,train,total,0.2856461703777313
63900,466,train,eikonal,0.014208786189556122
63900,466,train,render,0.31349068880081177
63900,466,train,total,0.3149115741252899
64000,467,train,eikonal,0.009773647412657738
64000,467,train,render,0.25986963510513306
64000,467,train,total,0.2608470022678375
64100,467,train,eikonal,0.009323573671281338
64100,467,train,render,0.2543874979019165
64100,467,train,total,0.25531986355781555
64200,468,train,eikonal,0.009615479968488216
64200,468,train,render,0.29845595359802246
64200,468,train,total,0.29941749572753906
64300,469,train,eikonal,0.010003810748457909
64300,469,train,render,0.280986487865448
64300,469,train,total,0.28198686242103577
64400,470,train,eikonal,0.013256585225462914
64400,470,train,render,0.3160537779331207
64400,470,train,total,0.3173794448375702
64500,470,train,eikonal,0.012558141723275185
64500,470,train,render,0.3211614489555359
64500,470,train,total,0.3224172592163086
64600,471,train,eikonal,0.014262638986110687
64600,471,train,render,0.27348440885543823
64600,471,train,total,0.27491065859794617
64700,472,train,eikonal,0.012088371440768242
64700,472,train,render,0.27769434452056885
64700,472,train,total,0.27890318632125854
64800,472,train,eikonal,0.007272123359143734
64800,472,train,render,0.25905174016952515
64800,472,train,total,0.2597789466381073
64900,473,train,eikonal,0.010386645793914795
64900,473,train,render,0.2409595102071762
64900,473,train,total,0.24199818074703217
65000,474,train,eikonal,0.008298469707369804
65000,474,train,render,0.27479755878448486
65000,474,train,total,0.27562740445137024
65100,475,train,eikonal,0.01715296134352684
65100,475,train,render,0.2872388958930969
65100,475,train,total,0.2889541983604431
65200,475,train,eikonal,0.014350024983286858
65200,475,train,render,0.27197039127349854
65200,475,train,total,0.27340540289878845
65300,476,train,eikonal,0.015899306163191795
65300,476,train,render,0.2951924800872803
65300,476,train,total,0.29678240418434143
65400,477,train,eikonal,0.016748594120144844
65400,477,train,render,0.31273213028907776
65400,477,train,total,0.31440699100494385
65500,478,train,eikonal,0.014425370842218399
65500,478,train,render,0.27521243691444397
65500,478,train,total,0.276654988527298
65600,478,train,eikonal,0.013737890869379044
65600,478,train,render,0.29368656873703003
65600,478,train,total,0.2950603663921356
65700,479,train,eikonal,0.01566571556031704
65700,479,train,render,0.2823498845100403
65700,479,train,total,0.2839164435863495
65800,480,train,eikonal,0.01561913825571537
65800,480,train,render,0.27206283807754517
65800,480,train,total,0.2736247479915619
65900,481,train,eikonal,0.013656990602612495
65900,481,train,render,0.3058072328567505
65900,481,train,total,0.3071729242801666
66000,481,train,eikonal,0.01304479781538248
66000,481,train,render,0.27543121576309204
66000,481,train,total,0.27673569321632385
66100,482,train,eikonal,0.012788986787199974
66100,482,train,render,0.28966307640075684
66100,482,train,total,0.29094198346138
66200,483,train,eikonal,0.010721264407038689
66200,483,train,render,0.27355536818504333
66200,483,train,total,0.2746275067329407
66300,483,train,eikonal,0.016747627407312393
66300,483,train,render,0.2972962260246277
66300,483,train,total,0.2989709973335266
66400,484,train,eikonal,0.015840377658605576
66400,484,train,render,0.3013407588005066
66400,484,train,total,0.302924782037735
66500,485,train,eikonal,0.009943608194589615
66500,485,train,render,0.2318217158317566
66500,485,train,total,0.23281607031822205
66600,486,train,eikonal,0.009079888463020325
66600,486,train,render,0.31412386894226074
66600,486,train,total,0.31503185629844666
66700,486,train,eikonal,0.011629075743258
66700,486,train,render,0.2957233488559723
66700,486,train,total,0.29688626527786255
66800,487,train,eikonal,0.01540403626859188
66800,487,train,render,0.30360448360443115
66800,487,train,total,0.30514487624168396
66900,488,train,eikonal,0.009501288644969463
66900,488,train,render,0.3169301152229309
66900,488,train,total,0.317880243062973
67000,489,train,eikonal,0.011100907810032368
67000,489,train,render,0.28264838457107544
67000,489,train,total,0.2837584614753723
67100,489,train,eikonal,0.01315194834023714
67100,489,train,render,0.28814512491226196
67100,489,train,total,0.28946033120155334
67200,490,train,eikonal,0.011677948758006096
67200,490,train,render,0.29447096586227417
67200,490,train,total,0.295638769865036
67300,491,train,eikonal,0.008695865049958229
67300,491,train,render,0.29485827684402466
67300,491,train,total,0.29572784900665283
67400,491,train,eikonal,0.012612853199243546
67400,491,train,render,0.24611060321331024
67400,491,train,total,0.2473718822002411
67500,492,train,eikonal,0.01260752510279417
67500,492,train,render,0.30498629808425903
67500,492,train,total,0.3062470555305481
67600,493,train,eikonal,0.016180720180273056
67600,493,train,render,0.27961498498916626
67600,493,train,total,0.2812330424785614
67700,494,train,eikonal,0.016783956438302994
67700,494,train,render,0.29549747705459595
67700,494,train,total,0.29717588424682617
67800,494,train,eikonal,0.010087965056300163
67800,494,train,render,0.2891814112663269
67800,494,train,total,0.2901902198791504
67900,495,train,eikonal,0.014760603196918964
67900,495,train,render,0.28280895948410034
67900,495,train,total,0.2842850089073181
68000,496,train,eikonal,0.011323584243655205
68000,496,train,render,0.2876853942871094
68000,496,train,total,0.28881776332855225
68100,497,train,eikonal,0.015364931896328926
68100,497,train,render,0.2838769555091858
68100,497,train,total,0.2854134440422058
68200,497,train,eikonal,0.008378313854336739
68200,497,train,render,0.29426583647727966
68200,497,train,total,0.29510366916656494
68300,498,train,eikonal,0.012967570684850216
68300,498,train,render,0.27738654613494873
68300,498,train,total,0.27868330478668213
68400,499,train,eikonal,0.01425255835056305
68400,499,train,render,0.2777075171470642
68400,499,train,total,0.27913278341293335
68500,500,train,eikonal,0.012099646031856537
68500,500,train,render,0.28760474920272827
68500,500,train,total,0.2888147234916687
68600,500,train,eikonal,0.008619646541774273
68600,500,train,render,0.22854188084602356
68600,500,train,total,0.22940383851528168
68700,501,train,eikonal,0.010545151308178902
68700,501,train,render,0.24840399622917175
68700,501,train,total,0.24945850670337677
68800,502,train,eikonal,0.009375568479299545
68800,502,train,render,0.27862972021102905
68800,502,train,total,0.27956727147102356
68900,502,train,eikonal,0.012885719537734985
68900,502,train,render,0.29456979036331177
68900,502,train,total,0.29585835337638855
69000,503,train,eikonal,0.013974688947200775
69000,503,train,render,0.2671644687652588
69000,503,train,total,0.2685619294643402
69100,504,train,eikonal,0.00928325392305851
69100,504,train,render,0.25364363193511963
69100,504,train,total,0.25457194447517395
69200,505,train,eikonal,0.00982113741338253
69200,505,train,render,0.3127613067626953
69200,505,train,total,0.3137434124946594
69300,505,train,eikonal,0.008859725669026375
69300,505,train,render,0.2459283024072647
69300,505,train,total,0.2468142807483673
69400,506,train,eikonal,0.007699206471443176
69400,506,train,render,0.265441358089447
69400,506,train,total,0.26621127128601074
69500,507,train,eikonal,0.012576725333929062
69500,507,train,render,0.2882041931152344
69500,507,train,total,0.2894618511199951
69600,508,train,eikonal,0.014130901545286179
69600,508,train,render,0.28093814849853516
69600,508,train,total,0.28235122561454773
69700,508,train,eikonal,0.015545242466032505
69700,508,train,render,0.2764829695224762
69700,508,train,total,0.27803748846054077
69800,509,train,eikonal,0.014218661934137344
69800,509,train,render,0.2728781998157501
69800,509,train,total,0.27430006861686707
69900,510,train,eikonal,0.014362320303916931
69900,510,train,render,0.2625569701194763
69900,510,train,total,0.26399320363998413
70000,510,train,eikonal,0.014776024967432022
70000,510,train,render,0.2750093638896942
70000,510,train,total,0.27648696303367615
70100,511,train,eikonal,0.015085018239915371
70100,511,train,render,0.29909375309944153
70100,511,train,total,0.3006022572517395
70200,512,train,eikonal,0.016344280913472176
70200,512,train,render,0.30869996547698975
70200,512,train,total,0.31033438444137573
70300,513,train,eikonal,0.010898349806666374
70300,513,train,render,0.2781674861907959
70300,513,train,total,0.27925732731819153
70400,513,train,eikonal,0.02059994265437126
70400,513,train,render,0.30229538679122925
70400,513,train,total,0.3043553829193115
70500,514,train,eikonal,0.019369103014469147
70500,514,train,render,0.28211092948913574
70500,514,train,total,0.28404784202575684
70600,515,train,eikonal,0.014136884361505508
70600,515,train,render,0.25289395451545715
70600,515,train,total,0.25430765748023987
70700,516,train,eikonal,0.010718023404479027
70700,516,train,render,0.2637341618537903
70700,516,train,total,0.26480597257614136
70800,516,train,eikonal,0.015435321256518364
70800,516,train,render,0.27801287174224854
70800,516,train,total,0.27955639362335205
70900,517,train,eikonal,0.0162782184779644
70900,517,train,render,0.3068629205226898
70900,517,train,total,0.3084907531738281
71000,518,train,eikonal,0.011708486825227737
71000,518,train,render,0.2727288603782654
71000,518,train,total,0.27389970421791077
71100,518,train,eikonal,0.016100149601697922
71100,518,train,render,0.30618682503700256
71100,518,train,total,0.307796835899353
71200,519,train,eikonal,0.012426515109837055
71200,519,train,render,0.29405152797698975
71200,519,train,total,0.2952941656112671
71300,520,train,eikonal,0.021691519767045975
71300,520,train,render,0.2756919860839844
71300,520,train,total,0.2778611481189728
71400,521,train,eikonal,0.014113730750977993
71400,521,train,render,0.29175060987472534
71400,521,train,total,0.2931619882583618
71500,521,train,eikonal,0.013489879667758942
71500,521,train,render,0.28442156314849854
71500,521,train,total,0.28577056527137756
71600,522,train,eikonal,0.013594643212854862
71600,522,train,render,0.2796624004840851
71600,522,train,total,0.2810218632221222
71700,523,train,eikonal,0.019144171848893166
71700,523,train,render,0.29387378692626953
71700,523,train,total,0.2957881987094879
71800,524,train,eikonal,0.0171378031373024
71800,524,train,render,0.29787492752075195
71800,524,train,total,0.29958871006965637
71900,524,train,eikonal,0.014934483915567398
71900,524,train,render,0.29502665996551514
71900,524,train,total,0.2965201139450073
72000,525,train,eikonal,0.011374481953680515
72000,525,train,render,0.2697303891181946
72000,525,train,total,0.27086782455444336
72100,526,train,eikonal,0.01831653341650963
72100,526,train,render,0.23732560873031616
72100,526,train,total,0.23915725946426392
72200,527,train,eikonal,0.01943657174706459
72200,527,train,render,0.2958865165710449
72200,527,train,total,0.29783016443252563
72300,527,train,eikonal,0.014501717872917652
72300,527,train,render,0.2610294818878174
72300,527,train,total,0.26247966289520264
72400,528,train,eikonal,0.015357728116214275
72400,528,train,render,0.2667384445667267
72400,528,train,total,0.2682742178440094
72500,529,train,eikonal,0.018688097596168518
72500,529,train,render,0.2577431797981262
72500,529,train,total,0.25961199402809143
72600,529,train,eikonal,0.015323236584663391
72600,529,train,render,0.28009575605392456
72600,529,train,total,0.2816280722618103
72700,530,train,eikonal,0.015357153490185738
72700,530,train,render,0.3111523985862732
72700,530,train,total,0.31268811225891113
72800,531,train,eikonal,0.013658495619893074
72800,531,train,render,0.279541015625
72800,531,train,total,0.2809068560600281
72900,532,train,eikonal,0.013459963724017143
72900,532,train,render,0.23748980462551117
72900,532,train,total,0.23883579671382904
73000,532,train,eikonal,0.014387106522917747
73000,532,train,render,0.3028841018676758
73000,532,train,total,0.3043228089809418
73100,533,train,eikonal,0.016496211290359497
73100,533,train,render,0.29668012261390686
73100,533,train,total,0.29832974076271057
73200,534,train,eikonal,0.014510981738567352
73200,534,train,render,0.267037034034729
73200,534,train,total,0.2684881389141083
73300,535,train,eikonal,0.013555647805333138
73300,535,train,render,0.28280147910118103
73300,535,train,total,0.28415703773498535
73400,535,train,eikonal,0.014689158648252487
73400,535,train,render,0.2665485143661499
73400,535,train,total,0.268017441034317
73500,536,train,eikonal,0.015073126181960106
73500,536,train,render,0.2922254204750061
73500,536,train,total,0.29373273253440857
73600,537,train,eikonal,0.011101099662482738
73600,537,train,render,0.3091925084590912
73600,537,train,total,0.31030261516571045
73700,537,train,eikonal,0.015041118487715721
73700,537,train,render,0.285145103931427
73700,537,train,total,0.286649227142334
73800,538,train,eikonal,0.013993095606565475
73800,538,train,render,0.29028481245040894
73800,538,train,total,0.2916841208934784
73900,539,train,eikonal,0.016076356172561646
73900,539,train,render,0.28780344128608704
73900,539,train,total,0.2894110679626465
74000,540,train,eikonal,0.011740523390471935
74000,540,train,render,0.3011181354522705
74000,540,train,total,0.30229219794273376
74100,540,train,eikonal,0.017166398465633392
74100,540,train,render,0.2806524634361267
74100,540,train,total,0.28236910700798035
74200,541,train,eikonal,0.015482940711081028
74200,541,train,render,0.2984021306037903
74200,541,train,total,0.29995042085647583
74300,542,train,eikonal,0.014287721365690231
74300,542,train,render,0.279042512178421
74300,542,train,total,0.2804712951183319
74400,543,train,eikonal,0.016936540603637695
74400,543,train,render,0.2852567434310913
74400,543,train,total,0.28695040941238403
74500,543,train,eikonal,0.017385289072990417
74500,543,train,render,0.2871949076652527
74500,543,train,total,0.2889334261417389
74600,544,train,eikonal,0.012720972299575806
74600,544,train,render,0.26054489612579346
74600,544,train,total,0.26181697845458984
74700,545,train,eikonal,0.01683186925947666
74700,545,train,render,0.2997913956642151
74700,545,train,total,0.30147457122802734
74800,545,train,eikonal,0.011552933603525162
74800,545,train,render,0.27822473645210266
74800,545,train,total,0.27938002347946167
74900,546,train,eikonal,0.01809513568878174
74900,546,train,render,0.28305625915527344
74900,546,train,total,0.28486576676368713
75000,547,train,eikonal,0.01341779064387083
75000,547,train,render,0.2930513620376587
75000,547,train,total,0.2943931519985199
75100,548,train,eikonal,0.011817270889878273
75100,548,train,render,0.276763379573822
75100,548,train,total,0.2779451012611389
75200,548,train,eikonal,0.015484045259654522
75200,548,train,render,0.24790526926517487
75200,548,train,total,0.24945367872714996
75300,549,train,eikonal,0.016372624784708023
75300,549,train,render,0.2948072552680969
75300,549,train,total,0.29644450545310974
75400,550,train,eikonal,0.01611647941172123
75400,550,train,render,0.2624605596065521
75400,550,train,total,0.2640722095966339
75500,551,train,eikonal,0.013996911235153675
75500,551,train,render,0.269256055355072
75500,551,train,total,0.2706557512283325
75600,551,train,eikonal,0.017098579555749893
75600,551,train,render,0.28433364629745483
75600,551,train,total,0.2860434949398041
75700,552,train,eikonal,0.01869085058569908
75700,552,train,render,0.2548251152038574
75700,552,train,total,0.2566941976547241
75800,553,train,eikonal,0.014640534296631813
75800,553,train,render,0.26447635889053345
75800,553,train,total,0.265940397977829
75900,554,train,eikonal,0.015385697595775127
75900,554,train,render,0.28804922103881836
75900,554,train,total,0.2895877957344055
76000,554,train,eikonal,0.010935919359326363
76000,554,train,render,0.290730357170105
76000,554,train,total,0.29182395339012146
76100,555,train,eikonal,0.01894635334610939
76100,555,train,render,0.3063085675239563
76100,555,train,total,0.30820319056510925
76200,556,train,eikonal,0.011715289205312729
76200,556,train,render,0.2924123704433441
76200,556,train,total,0.2935838997364044
76300,556,train,eikonal,0.014234483242034912
76300,556,train,render,0.2894971966743469
76300,556,train,total,0.2909206449985504
76400,557,train,eikonal,0.01843634992837906
76400,557,train,render,0.30437394976615906
76400,557,train,total,0.30621758103370667
76500,558,train,eikonal,0.0164186954498291
76500,558,train,render,0.246762216091156
76500,558,train,total,0.24840408563613892
76600,559,train,eikonal,0.010529141873121262
76600,559,train,render,0.2942603826522827
76600,559,train,total,0.29531329870224
76700,559,train,eikonal,0.022183343768119812
76700,559,train,render,0.28343069553375244
76700,559,train,total,0.28564903140068054
76800,560,train,eikonal,0.016200227662920952
76800,560,train,render,0.28826430439949036
76800,560,train,total,0.2898843288421631
76900,561,train,eikonal,0.012376213446259499
76900,561,train,render,0.2673938274383545
76900,561,train,total,0.2686314582824707
77000,562,train,eikonal,0.014099049381911755
77000,562,train,render,0.28266239166259766
77000,562,train,total,0.28407230973243713
77100,562,train,eikonal,0.015551386401057243
77100,562,train,render,0.2772040367126465
77100,562,train,total,0.2787591814994812
77200,563,train,eikonal,0.012590129859745502
77200,563,train,render,0.2333517074584961
77200,563,train,total,0.23461072146892548
77300,564,train,eikonal,0.016071302816271782
77300,564,train,render,0.2673909664154053
77300,564,train,total,0.26899808645248413
77400,564,train,eikonal,0.01205844059586525
77400,564,train,render,0.2909310460090637
77400,564,train,total,0.29213687777519226
77500,565,train,eikonal,0.014777831733226776
77500,565,train,render,0.30231523513793945
77500,565,train,total,0.3037930130958557
77600,566,train,eikonal,0.012906305491924286
77600,566,train,render,0.27870047092437744
77600,566,train,total,0.279991090297699
77700,567,train,eikonal,0.017579572275280952
77700,567,train,render,0.30379194021224976
77700,567,train,total,0.30554988980293274
77800,567,train,eikonal,0.017660509794950485
77800,567,train,render,0.2870527505874634
77800,567,train,total,0.2888188064098358
77900,568,train,eikonal,0.015024334192276001
77900,568,train,render,0.2778565287590027
77900,568,train,total,0.27935895323753357
78000,569,train,eikonal,0.013901092112064362
78000,569,train,render,0.28105875849723816
78000,569,train,total,0.2824488580226898
78100,570,train,eikonal,0.01277515571564436
78100,570,train,render,0.2774727940559387
78100,570,train,total,0.27875030040740967
78200,570,train,eikonal,0.019205356016755104
78200,570,train,render,0.2935754656791687
78200,570,train,total,0.29549598693847656
78300,571,train,eikonal,0.01549508422613144
78300,571,train,render,0.29628872871398926
78300,571,train,total,0.2978382408618927
78400,572,train,eikonal,0.015367268584668636
78400,572,train,render,0.30088484287261963
78400,572,train,total,0.30242156982421875
78500,572,train,eikonal,0.018833626061677933
78500,572,train,render,0.2927522659301758
78500,572,train,total,0.2946356236934662
78600,573,train,eikonal,0.018648305907845497
78600,573,train,render,0.28546786308288574
78600,573,train,total,0.287332683801651
78700,574,train,eikonal,0.014612995088100433
78700,574,train,render,0.30153322219848633
78700,574,train,total,0.3029945194721222
78800,575,train,eikonal,0.015763577073812485
78800,575,train,render,0.24651874601840973
78800,575,train,total,0.24809511005878448
78900,575,train,eikonal,0.014606267213821411
78900,575,train,render,0.273262619972229
78900,575,train,total,0.27472323179244995
79000,576,train,eikonal,0.011883906088769436
79000,576,train,render,0.26096034049987793
79000,576,train,total,0.26214873790740967
79100,577,train,eikonal,0.013037256896495819
79100,577,train,render,0.2899465560913086
79100,577,train,total,0.2912502884864807
79200,578,train,eikonal,0.014992544427514076
79200,578,train,render,0.2822785973548889
79200,578,train,total,0.2837778627872467
79300,578,train,eikonal,0.017940031364560127
79300,578,train,render,0.2771841883659363
79300,578,train,total,0.2789781987667084
79400,579,train,eikonal,0.02110520377755165
79400,579,train,render,0.2996635138988495
79400,579,train,total,0.3017740249633789
79500,580,train,eikonal,0.01634073816239834
79500,580,train,render,0.2833980917930603
79500,580,train,total,0.28503215312957764
79600,581,train,eikonal,0.014102519489824772
79600,581,train,render,0.28185829520225525
79600,581,train,total,0.283268541097641
79700,581,train,eikonal,0.020471476018428802
79700,581,train,render,0.28598302602767944
79700,581,train,total,0.2880301773548126
79800,582,train,eikonal,0.021875133737921715
79800,582,train,render,0.3032088875770569
79800,582,train,total,0.3053964078426361
79900,583,train,eikonal,0.012518647126853466
79900,583,train,render,0.221957266330719
79900,583,train,total,0.22320912778377533
80000,583,train,eikonal,0.018501538783311844
80000,583,train,render,0.27209359407424927
80000,583,train,total,0.2739437520503998
80100,584,train,eikonal,0.025259383022785187
80100,584,train,render,0.27300578355789185
80100,584,train,total,0.27553170919418335
80200,585,train,eikonal,0.0253619235008955
80200,585,train,render,0.2854505181312561
80200,585,train,total,0.287986695766449
80300,586,train,eikonal,0.020449604839086533
80300,586,train,render,0.2581043839454651
80300,586,train,total,0.2601493299007416
80400,586,train,eikonal,0.023389924317598343
80400,586,train,render,0.2747584879398346
80400,586,train,total,0.2770974934101105
80500,587,train,eikonal,0.022349849343299866
80500,587,train,render,0.27679601311683655
80500,587,train,total,0.27903100848197937
80600,588,train,eikonal,0.02397182770073414
80600,588,train,render,0.2859865725040436
80600,588,train,total,0.28838375210762024
80700,589,train,eikonal,0.022843416780233383
80700,589,train,render,0.27168190479278564
80700,589,train,total,0.2739662528038025
80800,589,train,eikonal,0.020473480224609375
80800,589,train,render,0.2899792790412903
80800,589,train,total,0.2920266389846802
80900,590,train,eikonal,0.02098514884710312
80900,590,train,render,0.2993137836456299
80900,590,train,total,0.30141228437423706
81000,591,train,eikonal,0.02360375225543976
81000,591,train,render,0.2791696786880493
81000,591,train,total,0.2815300524234772
81100,591,train,eikonal,0.02272428199648857
81100,591,train,render,0.2857092022895813
81100,591,train,total,0.28798162937164307
81200,592,train,eikonal,0.02087763324379921
81200,592,train,render,0.29176926612854004
81200,592,train,total,0.29385703802108765
81300,593,train,eikonal,0.020814862102270126
81300,593,train,render,0.3047228753566742
81300,593,train,total,0.306804358959198
81400,594,train,eikonal,0.023230580613017082
81400,594,train,render,0.28775668144226074
81400,594,train,total,0.2900797426700592
81500,594,train,eikonal,0.02224241942167282
81500,594,train,render,0.2584710717201233
81500,594,train,total,0.26069530844688416
81600,595,train,eikonal,0.020682398229837418
81600,595,train,render,0.2754943370819092
81600,595,train,total,0.27756258845329285
81700,596,train,eikonal,0.02133387327194214
81700,596,train,render,0.30262309312820435
81700,596,train,total,0.3047564923763275
81800,597,train,eikonal,0.021158503368496895
81800,597,train,render,0.2907123863697052
81800,597,train,total,0.292828232049942
81900,597,train,eikonal,0.022765381261706352
81900,597,train,render,0.2854360342025757
81900,597,train,total,0.28771257400512695
82000,598,train,eikonal,0.023524843156337738
82000,598,train,render,0.28689855337142944
82000,598,train,total,0.28925102949142456
82100,599,train,eikonal,0.021048232913017273
82100,599,train,render,0.2613760828971863
82100,599,train,total,0.26348090171813965
82200,600,train,eikonal,0.02435445412993431
82200,600,train,render,0.26869505643844604
82200,600,train,total,0.2711305022239685
82300,600,train,eikonal,0.027076316997408867
82300,600,train,render,0.3121933341026306
82300,600,train,total,0.3149009644985199
82400,601,train,eikonal,0.02159775048494339
82400,601,train,render,0.2966706156730652
82400,601,train,total,0.29883038997650146
82500,602,train,eikonal,0.018719907850027084
82500,602,train,render,0.27049392461776733
82500,602,train,total,0.272365927696228
82600,602,train,eikonal,0.02173316478729248
82600,602,train,render,0.3334351181983948
82600,602,train,total,0.33560842275619507
82700,603,train,eikonal,0.025750376284122467
82700,603,train,render,0.28755348920822144
82700,603,train,total,0.29012852907180786
82800,604,train,eikonal,0.025457438081502914
82800,604,train,render,0.2768735885620117
82800,604,train,total,0.27941933274269104
82900,605,train,eikonal,0.023134533315896988
82900,605,train,render,0.28317564725875854
82900,605,train,total,0.28548911213874817
83000,605,train,eikonal,0.02429572306573391
83000,605,train,render,0.2874642312526703
83000,605,train,total,0.2898938059806824
83100,606,train,eikonal,0.02106655016541481
83100,606,train,render,0.2725977301597595
83100,606,train,total,0.2747043967247009
83200,607,train,eikonal,0.025490548461675644
83200,607,train,render,0.2687547206878662
83200,607,train,total,0.27130377292633057
83300,608,train,eikonal,0.02695155143737793
83300,608,train,render,0.29374879598617554
83300,608,train,total,0.2964439392089844
83400,608,train,eikonal,0.02155890315771103
83400,608,train,render,0.2725904583930969
83400,608,train,total,0.2747463583946228
83500,609,train,eikonal,0.027832355350255966
83500,609,train,render,0.30364990234375
83500,609,train,total,0.30643314123153687
83600,610,train,eikonal,0.01891227811574936
83600,610,train,render,0.2474977970123291
83600,610,train,total,0.24938902258872986
83700,610,train,eikonal,0.020462485030293465
83700,610,train,render,0.26677626371383667
83700,610,train,total,0.2688225209712982
83800,611,train,eikonal,0.029296327382326126
83800,611,train,render,0.2983860969543457
83800,611,train,total,0.3013157248497009
83900,612,train,eikonal,0.019823221489787102
83900,612,train,render,0.2568983733654022
83900,612,train,total,0.25888070464134216
84000,613,train,eikonal,0.03397124260663986
84000,613,train,render,0.2845606207847595
84000,613,train,total,0.2879577577114105
84100,613,train,eikonal,0.024895399808883667
84100,613,train,render,0.2693878412246704
84100,613,train,total,0.27187737822532654
84200,614,train,eikonal,0.020961318165063858
84200,614,train,render,0.29149702191352844
84200,614,train,total,0.293593168258667
84300,615,train,eikonal,0.02850300446152687
84300,615,train,render,0.28113794326782227
84300,615,train,total,0.28398823738098145
84400,616,train,eikonal,0.023551560938358307
84400,616,train,render,0.3038523197174072
84400,616,train,total,0.30620747804641724
84500,616,train,eikonal,0.021327123045921326
84500,616,train,render,0.26669013500213623
84500,616,train,total,0.2688228487968445
84600,617,train,eikonal,0.016249332576990128
84600,617,train,render,0.24917134642601013
84600,617,train,total,0.25079628825187683
84700,618,train,eikonal,0.028188414871692657
84700,618,train,render,0.26935261487960815
84700,618,train,total,0.2721714675426483
84800,618,train,eikonal,0.023041144013404846
84800,618,train,render,0.27884000539779663
84800,618,train,total,0.2811441123485565
84900,619,train,eikonal,0.016542788594961166
84900,619,train,render,0.2592572867870331
84900,619,train,total,0.2609115540981293
85000,620,train,eikonal,0.022514265030622482
85000,620,train,render,0.28651851415634155
85000,620,train,total,0.28876993060112
85100,621,train,eikonal,0.023702770471572876
85100,621,train,render,0.29118549823760986
85100,621,train,total,0.29355576634407043
85200,621,train,eikonal,0.032008543610572815
85200,621,train,render,0.26997897028923035
85200,621,train,total,0.273179829120636
