iteration,epoch,mode,loss,value
0,0,val,render,0.17717434465885162
0,0,val,total,0.17717434465885162
100,0,train,eikonal,0.00446967501193285
100,0,train,render,0.5517297983169556
100,0,train,total,0.5521767735481262
200,0,train,eikonal,0.00598424207419157
200,0,train,render,0.6029154062271118
200,0,train,total,0.6035138368606567
0,0,val,render,0.30584022402763367
0,0,val,total,0.30584022402763367
100,0,train,eikonal,0.004209284204989672
100,0,train,render,0.887836754322052
100,0,train,total,0.8882576823234558
200,0,train,eikonal,0.004441596567630768
200,0,train,render,0.6987332701683044
200,0,train,total,0.6991774439811707
300,0,train,eikonal,0.00326218968257308
300,0,train,render,0.23316724598407745
300,0,train,total,0.23349346220493317
400,0,train,eikonal,0.001358616165816784
400,0,train,render,0.14995920658111572
400,0,train,total,0.15009507536888123
500,1,train,eikonal,0.009835716336965561
500,1,train,render,0.1423824429512024
500,1,train,total,0.1433660089969635
600,1,train,eikonal,0.013809261843562126
600,1,train,render,0.23922814428806305
600,1,train,total,0.2406090646982193
700,1,train,eikonal,0.006823611445724964
700,1,train,render,0.16305986046791077
700,1,train,total,0.16374221444129944
800,1,train,eikonal,0.0065447427332401276
800,1,train,render,0.1343400478363037
800,1,train,total,0.1349945217370987
900,1,train,eikonal,0.007545135449618101
900,1,train,render,0.14373379945755005
900,1,train,total,0.14448831975460052
1000,2,train,eikonal,0.004948891699314117
1000,2,train,render,0.110721655189991
1000,2,train,total,0.11121654510498047
1100,2,train,eikonal,0.009492679499089718
1100,2,train,render,0.14973041415214539
1100,2,train,total,0.15067967772483826
1200,2,train,eikonal,0.011081915348768234
1200,2,train,render,0.1686076670885086
1200,2,train,total,0.16971585154533386
1300,2,train,eikonal,0.012812934815883636
1300,2,train,render,0.1783953607082367
1300,2,train,total,0.17967665195465088
1400,2,train,eikonal,0.01473301276564598
1400,2,train,render,0.19192399084568024
1400,2,train,total,0.19339729845523834
1500,3,train,eikonal,0.010566978715360165
1500,3,train,render,0.13785453140735626
1500,3,train,total,0.13891123235225677
1600,3,train,eikonal,0.013405969366431236
1600,3,train,render,0.165276437997818
1600,3,train,total,0.1666170358657837
1700,3,train,eikonal,0.01578289270401001
1700,3,train,render,0.18392792344093323
1700,3,train,total,0.185506209731102
1800,3,train,eikonal,0.005742753855884075
1800,3,train,render,0.11169922351837158
1800,3,train,total,0.11227349936962128
1900,3,train,eikonal,0.009768128395080566
1900,3,train,render,0.12190892547369003
1900,3,train,total,0.12288574129343033
2000,4,train,eikonal,0.011442841961979866
2000,4,train,render,0.14444419741630554
2000,4,train,total,0.1455884873867035
2100,4,train,eikonal,0.013760397210717201
2100,4,train,render,0.13191452622413635
2100,4,train,total,0.13329055905342102
2200,4,train,eikonal,0.014015654101967812
2200,4,train,render,0.16065654158592224
2200,4,train,total,0.16205810010433197
2300,4,train,eikonal,0.017075087875127792
2300,4,train,render,0.1518830806016922
2300,4,train,total,0.153590589761734
2400,5,train,eikonal,0.010486774146556854
2400,5,train,render,0.12108033895492554
2400,5,train,total,0.12212901562452316
2500,5,train,eikonal,0.01771751046180725
2500,5,train,render,0.16181939840316772
2500,5,train,total,0.1635911464691162
2600,5,train,eikonal,0.017317961901426315
2600,5,train,render,0.1486661732196808
2600,5,train,total,0.15039797127246857
2700,5,train,eikonal,0.02174200490117073
2700,5,train,render,0.14512547850608826
2700,5,train,total,0.14729967713356018
2800,5,train,eikonal,0.007991508580744267
2800,5,train,render,0.11107531189918518
2800,5,train,total,0.11187446117401123
2900,6,train,eikonal,0.018671046942472458
2900,6,train,render,0.1308954656124115
2900,6,train,total,0.13276256620883942
3000,6,train,eikonal,0.02236545830965042
3000,6,train,render,0.15218248963356018
3000,6,train,total,0.15441903471946716
3100,6,train,eikonal,0.014800943434238434
3100,6,train,render,0.11257560551166534
3100,6,train,total,0.11405570060014725
3200,6,train,eikonal,0.0092115867882967
3200,6,train,render,0.1203526183962822
3200,6,train,total,0.12127377837896347
3300,6,train,eikonal,0.00835114624351263
3300,6,train,render,0.10242515802383423
3300,6,train,total,0.10326027125120163
3400,7,train,eikonal,0.007805740460753441
3400,7,train,render,0.10518477112054825
3400,7,train,total,0.10596534609794617
3500,7,train,eikonal,0.02322385460138321
3500,7,train,render,0.15219345688819885
3500,7,train,total,0.1545158475637436
3600,7,train,eikonal,0.014857953414320946
3600,7,train,render,0.1271410435438156
3600,7,train,total,0.12862683832645416
3700,7,train,eikonal,0.015220686793327332
3700,7,train,render,0.1804865598678589
3700,7,train,total,0.18200862407684326
3800,7,train,eikonal,0.01585884392261505
3800,7,train,render,0.1155296266078949
3800,7,train,total,0.11711551249027252
3900,8,train,eikonal,0.02254985086619854
3900,8,train,render,0.14732232689857483
3900,8,train,total,0.1495773047208786
4000,8,train,eikonal,0.018571004271507263
4000,8,train,render,0.1544772982597351
4000,8,train,total,0.15633440017700195
4100,8,train,eikonal,0.015078824013471603
4100,8,train,render,0.12671023607254028
4100,8,train,total,0.12821811437606812
4200,8,train,eikonal,0.01384170725941658
4200,8,train,render,0.16677850484848022
4200,8,train,total,0.16816267371177673
4300,9,train,eikonal,0.011205039918422699
4300,9,train,render,0.1129552572965622
4300,9,train,total,0.11407576501369476
4400,9,train,eikonal,0.022073017433285713
4400,9,train,render,0.17821374535560608
4400,9,train,total,0.18042105436325073
4500,9,train,eikonal,0.017830289900302887
4500,9,train,render,0.15431249141693115
4500,9,train,total,0.15609551966190338
4600,9,train,eikonal,0.009465508162975311
4600,9,train,render,0.10986484587192535
4600,9,train,total,0.11081139743328094
4700,9,train,eikonal,0.01775490492582321
4700,9,train,render,0.14815658330917358
4700,9,train,total,0.14993207156658173
4800,10,train,eikonal,0.01354124303907156
4800,10,train,render,0.11854232847690582
4800,10,train,total,0.11989644914865494
4900,10,train,eikonal,0.018957994878292084
4900,10,train,render,0.12962916493415833
4900,10,train,total,0.1315249651670456
5000,10,train,eikonal,0.013558270409703255
5000,10,train,render,0.12940117716789246
5000,10,train,total,0.13075700402259827
5100,10,train,eikonal,0.018473640084266663
5100,10,train,render,0.13962194323539734
5100,10,train,total,0.1414692997932434
5200,10,train,eikonal,0.011876894161105156
5200,10,train,render,0.11727502942085266
5200,10,train,total,0.11846271902322769
5300,11,train,eikonal,0.014348776079714298
5300,11,train,render,0.12329109013080597
5300,11,train,total,0.12472596764564514
5400,11,train,eikonal,0.0209356639534235
5400,11,train,render,0.16941384971141815
5400,11,train,total,0.17150741815567017
5500,11,train,eikonal,0.018000144511461258
5500,11,train,render,0.14894643425941467
5500,11,train,total,0.1507464498281479
5600,11,train,eikonal,0.011519454419612885
5600,11,train,render,0.10898063331842422
5600,11,train,total,0.11013257503509521
5700,11,train,eikonal,0.012649500742554665
5700,11,train,render,0.1654505729675293
5700,11,train,total,0.16671551764011383
5800,12,train,eikonal,0.021677523851394653
5800,12,train,render,0.16586214303970337
5800,12,train,total,0.16802988946437836
5900,12,train,eikonal,0.025053661316633224
5900,12,train,render,0.17039737105369568
5900,12,train,total,0.17290273308753967
6000,12,train,eikonal,0.015167766250669956
6000,12,train,render,0.12806883454322815
6000,12,train,total,0.1295856088399887
6100,12,train,eikonal,0.010964175686240196
6100,12,train,render,0.13362976908683777
6100,12,train,total,0.13472618162631989
6200,12,train,eikonal,0.015862813219428062
6200,12,train,render,0.1894131302833557
6200,12,train,total,0.19099941849708557
6300,13,train,eikonal,0.010099298320710659
6300,13,train,render,0.11018888652324677
6300,13,train,total,0.11119881272315979
6400,13,train,eikonal,0.009957143105566502
6400,13,train,render,0.11527428030967712
6400,13,train,total,0.11626999825239182
6500,13,train,eikonal,0.011712291277945042
6500,13,train,render,0.12343273311853409
6500,13,train,total,0.12460396438837051
6600,13,train,eikonal,0.017269637435674667
6600,13,train,render,0.15431493520736694
6600,13,train,total,0.15604190528392792
6700,14,train,eikonal,0.014892596751451492
6700,14,train,render,0.13234734535217285
6700,14,train,total,0.13383661210536957
6800,14,train,eikonal,0.00923144817352295
6800,14,train,render,0.11769357323646545
6800,14,train,total,0.11861671507358551
6900,14,train,eikonal,0.013216839171946049
6900,14,train,render,0.13331842422485352
6900,14,train,total,0.13464011251926422
7000,14,train,eikonal,0.007441420573741198
7000,14,train,render,0.09456309676170349
7000,14,train,total,0.09530723839998245
7100,14,train,eikonal,0.016576945781707764
7100,14,train,render,0.13691160082817078
7100,14,train,total,0.13856929540634155
7200,15,train,eikonal,0.015035878866910934
7200,15,train,render,0.12242916226387024
7200,15,train,total,0.12393274903297424
7300,15,train,eikonal,0.0177769772708416
7300,15,train,render,0.139600932598114
7300,15,train,total,0.14137862622737885
7400,15,train,eikonal,0.012299691326916218
7400,15,train,render,0.14469867944717407
7400,15,train,total,0.14592865109443665
7500,15,train,eikonal,0.013476426713168621
7500,15,train,render,0.1391572654247284
7500,15,train,total,0.14050491154193878
7600,15,train,eikonal,0.017973721027374268
7600,15,train,render,0.1541171669960022
7600,15,train,total,0.1559145450592041
7700,16,train,eikonal,0.02025013603270054
7700,16,train,render,0.17071577906608582
7700,16,train,total,0.17274078726768494
7800,16,train,eikonal,0.017153646796941757
7800,16,train,render,0.1439553201198578
7800,16,train,total,0.14567068219184875
7900,16,train,eikonal,0.01014639064669609
7900,16,train,render,0.11345719546079636
7900,16,train,total,0.11447183787822723
8000,16,train,eikonal,0.02384338155388832
8000,16,train,render,0.1521781086921692
8000,16,train,total,0.15456244349479675
8100,16,train,eikonal,0.014872328378260136
8100,16,train,render,0.11268024891614914
8100,16,train,total,0.1141674816608429
8200,17,train,eikonal,0.018384341150522232
8200,17,train,render,0.13379189372062683
8200,17,train,total,0.13563032448291779
8300,17,train,eikonal,0.012229738757014275
8300,17,train,render,0.12208215892314911
8300,17,train,total,0.12330513447523117
8400,17,train,eikonal,0.009886491112411022
8400,17,train,render,0.10903866589069366
8400,17,train,total,0.11002731323242188
8500,17,train,eikonal,0.010214718990027905
8500,17,train,render,0.11314114183187485
8500,17,train,total,0.1141626164317131
8600,18,train,eikonal,0.012106922455132008
8600,18,train,render,0.11525646597146988
8600,18,train,total,0.11646715551614761
8700,18,train,eikonal,0.007487975060939789
8700,18,train,render,0.1063971072435379
8700,18,train,total,0.10714590549468994
8800,18,train,eikonal,0.012332506477832794
8800,18,train,render,0.12163293361663818
8800,18,train,total,0.1228661835193634
8900,18,train,eikonal,0.011978496797382832
8900,18,train,render,0.1207757443189621
8900,18,train,total,0.12197359651327133
9000,18,train,eikonal,0.010601852089166641
9000,18,train,render,0.11456955224275589
9000,18,train,total,0.11562974005937576
9100,19,train,eikonal,0.008134936913847923
9100,19,train,render,0.12648889422416687
9100,19,train,total,0.1273023933172226
9200,19,train,eikonal,0.010396236553788185
9200,19,train,render,0.11082623898983002
9200,19,train,total,0.11186586320400238
9300,19,train,eikonal,0.01109042577445507
9300,19,train,render,0.12009159475564957
9300,19,train,total,0.12120063602924347
9400,19,train,eikonal,0.015677254647016525
9400,19,train,render,0.16112366318702698
9400,19,train,total,0.1626913845539093
9500,19,train,eikonal,0.010957969352602959
9500,19,train,render,0.11949091404676437
9500,19,train,total,0.12058670818805695
9600,20,train,eikonal,0.017079956829547882
9600,20,train,render,0.12083327025175095
9600,20,train,total,0.12254126369953156
9700,20,train,eikonal,0.014975231140851974
9700,20,train,render,0.1107492446899414
9700,20,train,total,0.11224676668643951
9800,20,train,eikonal,0.012446925044059753
9800,20,train,render,0.14556556940078735
9800,20,train,total,0.14681026339530945
9900,20,train,eikonal,0.014306915923953056
9900,20,train,render,0.14990544319152832
9900,20,train,total,0.15133613348007202
10000,20,train,eikonal,0.014208175241947174
10000,20,train,render,0.1338605433702469
10000,20,train,total,0.13528135418891907
10100,21,train,eikonal,0.011323314160108566
10100,21,train,render,0.11846742779016495
10100,21,train,total,0.11959975957870483
10200,21,train,eikonal,0.01494966633617878
10200,21,train,render,0.14908108115196228
10200,21,train,total,0.15057605504989624
10300,21,train,eikonal,0.0085808876901865
10300,21,train,render,0.10940158367156982
10300,21,train,total,0.11025967448949814
10400,21,train,eikonal,0.015476441010832787
10400,21,train,render,0.1551295518875122
10400,21,train,total,0.15667720139026642
10500,22,train,eikonal,0.013311239890754223
10500,22,train,render,0.14862531423568726
10500,22,train,total,0.14995643496513367
10600,22,train,eikonal,0.012747369706630707
10600,22,train,render,0.1400884985923767
10600,22,train,total,0.1413632333278656
10700,22,train,eikonal,0.011371848173439503
10700,22,train,render,0.12258686125278473
10700,22,train,total,0.12372404336929321
10800,22,train,eikonal,0.017127830535173416
10800,22,train,render,0.14047718048095703
10800,22,train,total,0.14218996465206146
10900,22,train,eikonal,0.01961873099207878
10900,22,train,render,0.15375354886054993
10900,22,train,total,0.15571542084217072
11000,23,train,eikonal,0.010626320727169514
11000,23,train,render,0.11155052483081818
11000,23,train,total,0.11261315643787384
11100,23,train,eikonal,0.012250363826751709
11100,23,train,render,0.10482776910066605
11100,23,train,total,0.10605280846357346
11200,23,train,eikonal,0.008266037330031395
11200,23,train,render,0.09527023136615753
11200,23,train,total,0.09609683603048325
11300,23,train,eikonal,0.015272516757249832
11300,23,train,render,0.12695886194705963
11300,23,train,total,0.12848611176013947
11400,23,train,eikonal,0.01964591071009636
11400,23,train,render,0.166026309132576
11400,23,train,total,0.16799089312553406
11500,24,train,eikonal,0.017396915704011917
11500,24,train,render,0.1314125657081604
11500,24,train,total,0.13315226137638092
11600,24,train,eikonal,0.01354069635272026
11600,24,train,render,0.11129578202962875
11600,24,train,total,0.11264985054731369
11700,24,train,eikonal,0.013406919315457344
11700,24,train,render,0.12990380823612213
11700,24,train,total,0.131244495511055
11800,24,train,eikonal,0.012760700657963753
11800,24,train,render,0.12551122903823853
11800,24,train,total,0.12678730487823486
11900,24,train,eikonal,0.012548855505883694
11900,24,train,render,0.1334228217601776
11900,24,train,total,0.1346777081489563
12000,25,train,eikonal,0.017851363867521286
12000,25,train,render,0.15733596682548523
12000,25,train,total,0.1591210961341858
12100,25,train,eikonal,0.01336707267910242
12100,25,train,render,0.13865351676940918
12100,25,train,total,0.13999022543430328
12200,25,train,eikonal,0.010930784046649933
12200,25,train,render,0.12361787259578705
12200,25,train,total,0.12471094727516174
12300,25,train,eikonal,0.01057562418282032
12300,25,train,render,0.11345447599887848
12300,25,train,total,0.11451204121112823
12400,25,train,eikonal,0.011186093091964722
12400,25,train,render,0.12512516975402832
12400,25,train,total,0.12624378502368927
12500,26,train,eikonal,0.010905943810939789
12500,26,train,render,0.11266452074050903
12500,26,train,total,0.11375511437654495
12600,26,train,eikonal,0.012295764870941639
12600,26,train,render,0.1312658190727234
12600,26,train,total,0.13249538838863373
12700,26,train,eikonal,0.010779847390949726
12700,26,train,render,0.12952417135238647
12700,26,train,total,0.1306021511554718
12800,26,train,eikonal,0.012334806844592094
12800,26,train,render,0.12653657793998718
12800,26,train,total,0.1277700513601303
12900,27,train,eikonal,0.011514494195580482
12900,27,train,render,0.1258411705493927
12900,27,train,total,0.1269926130771637
13000,27,train,eikonal,0.011376654729247093
13000,27,train,render,0.11237145960330963
13000,27,train,total,0.11350912600755692
13100,27,train,eikonal,0.010487925261259079
13100,27,train,render,0.13286909461021423
13100,27,train,total,0.1339178830385208
13200,27,train,eikonal,0.01940556801855564
13200,27,train,render,0.15793368220329285
13200,27,train,total,0.15987424552440643
13300,27,train,eikonal,0.007192943245172501
13300,27,train,render,0.11416315287351608
13300,27,train,total,0.1148824468255043
13400,28,train,eikonal,0.008432706817984581
13400,28,train,render,0.11036518961191177
13400,28,train,total,0.1112084612250328
13500,28,train,eikonal,0.01864311471581459
13500,28,train,render,0.14001351594924927
13500,28,train,total,0.14187783002853394
13600,28,train,eikonal,0.008123361505568027
13600,28,train,render,0.11763764172792435
13600,28,train,total,0.11844997853040695
13700,28,train,eikonal,0.011985201388597488
13700,28,train,render,0.13414441049098969
13700,28,train,total,0.13534292578697205
13800,28,train,eikonal,0.012864393182098866
13800,28,train,render,0.18429087102413177
13800,28,train,total,0.18557730317115784
13900,29,train,eikonal,0.011710166931152344
13900,29,train,render,0.11768051236867905
13900,29,train,total,0.11885152757167816
14000,29,train,eikonal,0.012133067473769188
14000,29,train,render,0.1195296198129654
14000,29,train,total,0.12074292451143265
14100,29,train,eikonal,0.013886664062738419
14100,29,train,render,0.13908150792121887
14100,29,train,total,0.14047017693519592
14200,29,train,eikonal,0.012429069727659225
14200,29,train,render,0.12749060988426208
14200,29,train,total,0.12873351573944092
14300,29,train,eikonal,0.006943205371499062
14300,29,train,render,0.11573664844036102
14300,29,train,total,0.11643096804618835
14400,30,train,eikonal,0.00991759728640318
14400,30,train,render,0.11383167654275894
14400,30,train,total,0.11482343822717667
14500,30,train,eikonal,0.006004081107676029
14500,30,train,render,0.10629776120185852
14500,30,train,total,0.10689816623926163
14600,30,train,eikonal,0.006535972002893686
14600,30,train,render,0.09928234666585922
14600,30,train,total,0.09993594139814377
14700,30,train,eikonal,0.012561972253024578
14700,30,train,render,0.1338280737400055
14700,30,train,total,0.13508427143096924
14800,31,train,eikonal,0.00806452240794897
14800,31,train,render,0.11100137233734131
14800,31,train,total,0.11180782318115234
14900,31,train,eikonal,0.009963112883269787
14900,31,train,render,0.11448148638010025
14900,31,train,total,0.1154778003692627
15000,31,train,eikonal,0.014328599907457829
15000,31,train,render,0.16895391047000885
15000,31,train,total,0.17038677632808685
15100,31,train,eikonal,0.017926907166838646
15100,31,train,render,0.17665527760982513
15100,31,train,total,0.17844796180725098
15200,31,train,eikonal,0.006969960872083902
15200,31,train,render,0.09684352576732635
15200,31,train,total,0.09754052013158798
15300,32,train,eikonal,0.011326989158987999
15300,32,train,render,0.13592718541622162
15300,32,train,total,0.13705988228321075
15400,32,train,eikonal,0.010976344347000122
15400,32,train,render,0.11357668787240982
15400,32,train,total,0.11467432230710983
15500,32,train,eikonal,0.008079585619270802
15500,32,train,render,0.10538911074399948
15500,32,train,total,0.1061970666050911
15600,32,train,eikonal,0.010195753537118435
15600,32,train,render,0.13013236224651337
15600,32,train,total,0.13115194439888
15700,32,train,eikonal,0.011135533452033997
15700,32,train,render,0.11445285379886627
15700,32,train,total,0.11556641012430191
15800,33,train,eikonal,0.009692022576928139
15800,33,train,render,0.15836983919143677
15800,33,train,total,0.159339040517807
15900,33,train,eikonal,0.012615533545613289
15900,33,train,render,0.12721937894821167
15900,33,train,total,0.128480926156044
16000,33,train,eikonal,0.010596550069749355
16000,33,train,render,0.13313910365104675
16000,33,train,total,0.13419875502586365
16100,33,train,eikonal,0.011286815628409386
16100,33,train,render,0.1401495635509491
16100,33,train,total,0.1412782520055771
16200,33,train,eikonal,0.00720564741641283
16200,33,train,render,0.09382065385580063
16200,33,train,total,0.09454122185707092
16300,34,train,eikonal,0.011007674038410187
16300,34,train,render,0.12697425484657288
16300,34,train,total,0.1280750185251236
16400,34,train,eikonal,0.012033224105834961
16400,34,train,render,0.14518681168556213
16400,34,train,total,0.1463901400566101
16500,34,train,eikonal,0.013074392452836037
16500,34,train,render,0.14185751974582672
16500,34,train,total,0.1431649625301361
16600,34,train,eikonal,0.007495341822504997
16600,34,train,render,0.11266829073429108
16600,34,train,total,0.11341782659292221
16700,35,train,eikonal,0.009561464190483093
16700,35,train,render,0.08895047008991241
16700,35,train,total,0.08990661799907684
16800,35,train,eikonal,0.012154169380664825
16800,35,train,render,0.1576063632965088
16800,35,train,total,0.15882177650928497
16900,35,train,eikonal,0.009755359031260014
16900,35,train,render,0.1112559512257576
16900,35,train,total,0.11223148554563522
17000,35,train,eikonal,0.010273837484419346
17000,35,train,render,0.15281862020492554
17000,35,train,total,0.15384601056575775
17100,35,train,eikonal,0.011229606345295906
17100,35,train,render,0.1264994740486145
17100,35,train,total,0.12762244045734406
17200,36,train,eikonal,0.009299714118242264
17200,36,train,render,0.11188764870166779
17200,36,train,total,0.11281762272119522
17300,36,train,eikonal,0.00607141200453043
17300,36,train,render,0.10534827411174774
17300,36,train,total,0.10595541447401047
17400,36,train,eikonal,0.011255264282226562
17400,36,train,render,0.11544632911682129
17400,36,train,total,0.11657185852527618
17500,36,train,eikonal,0.01134822703897953
17500,36,train,render,0.1244446337223053
17500,36,train,total,0.12557946145534515
17600,36,train,eikonal,0.007910454645752907
17600,36,train,render,0.12179814279079437
17600,36,train,total,0.12258918583393097
17700,37,train,eikonal,0.01180330477654934
17700,37,train,render,0.11585558950901031
17700,37,train,total,0.11703591793775558
17800,37,train,eikonal,0.00916374009102583
17800,37,train,render,0.11118286848068237
17800,37,train,total,0.11209924519062042
17900,37,train,eikonal,0.008999265730381012
17900,37,train,render,0.13066063821315765
17900,37,train,total,0.1315605640411377
18000,37,train,eikonal,0.012613137252628803
18000,37,train,render,0.13401450216770172
18000,37,train,total,0.13527581095695496
18100,37,train,eikonal,0.008817091584205627
18100,37,train,render,0.11363625526428223
18100,37,train,total,0.11451796442270279
18200,38,train,eikonal,0.010493239387869835
18200,38,train,render,0.11148591339588165
18200,38,train,total,0.11253523826599121
18300,38,train,eikonal,0.011724423617124557
18300,38,train,render,0.11902952939271927
18300,38,train,total,0.120201975107193
18400,38,train,eikonal,0.012087836861610413
18400,38,train,render,0.12486797571182251
18400,38,train,total,0.12607675790786743
18500,38,train,eikonal,0.006999011617153883
18500,38,train,render,0.0941474586725235
18500,38,train,total,0.09484735876321793
18600,38,train,eikonal,0.01099682878702879
18600,38,train,render,0.13746167719364166
18600,38,train,total,0.13856135308742523
18700,39,train,eikonal,0.008112650364637375
18700,39,train,render,0.11652662605047226
18700,39,train,total,0.11733788996934891
18800,39,train,eikonal,0.008489389903843403
18800,39,train,render,0.12667056918144226
18800,39,train,total,0.12751950323581696
18900,39,train,eikonal,0.010411939583718777
18900,39,train,render,0.14207293093204498
18900,39,train,total,0.1431141197681427
19000,39,train,eikonal,0.008454613387584686
19000,39,train,render,0.10938182473182678
19000,39,train,total,0.11022728681564331
19100,40,train,eikonal,0.006197982933372259
19100,40,train,render,0.10388436913490295
19100,40,train,total,0.10450416803359985
19200,40,train,eikonal,0.012839732691645622
19200,40,train,render,0.13764023780822754
19200,40,train,total,0.13892421126365662
19300,40,train,eikonal,0.0086179468780756
19300,40,train,render,0.11506692320108414
19300,40,train,total,0.11592871695756912
19400,40,train,eikonal,0.009340236894786358
19400,40,train,render,0.13193455338478088
19400,40,train,total,0.13286857306957245
19500,40,train,eikonal,0.009810499846935272
19500,40,train,render,0.11240840703248978
19500,40,train,total,0.11338945478200912
19600,41,train,eikonal,0.009154841303825378
19600,41,train,render,0.15199151635169983
19600,41,train,total,0.15290699899196625
19700,41,train,eikonal,0.008416257798671722
19700,41,train,render,0.10258396714925766
19700,41,train,total,0.10342559218406677
19800,41,train,eikonal,0.0076257637701928616
19800,41,train,render,0.11000074446201324
19800,41,train,total,0.110763318836689
19900,41,train,eikonal,0.01077335886657238
19900,41,train,render,0.1542033851146698
19900,41,train,total,0.1552807241678238
20000,41,train,eikonal,0.00809338316321373
20000,41,train,render,0.13622841238975525
20000,41,train,total,0.1370377540588379
20100,42,train,eikonal,0.007611948996782303
20100,42,train,render,0.10399248450994492
20100,42,train,total,0.10475368052721024
20200,42,train,eikonal,0.008095864206552505
20200,42,train,render,0.1055474504828453
20200,42,train,total,0.10635703802108765
20300,42,train,eikonal,0.006891944445669651
20300,42,train,render,0.12047061324119568
20300,42,train,total,0.12115980684757233
20400,42,train,eikonal,0.007051406893879175
20400,42,train,render,0.11442890763282776
20400,42,train,total,0.11513404548168182
20500,42,train,eikonal,0.00861299131065607
20500,42,train,render,0.1455802023410797
20500,42,train,total,0.1464415043592453
20600,43,train,eikonal,0.005449292249977589
20600,43,train,render,0.10144497454166412
20600,43,train,total,0.10198990255594254
20700,43,train,eikonal,0.00988720078021288
20700,43,train,render,0.12590396404266357
20700,43,train,total,0.12689268589019775
20800,43,train,eikonal,0.008195358328521252
20800,43,train,render,0.11962254345417023
20800,43,train,total,0.12044207751750946
20900,43,train,eikonal,0.011456663720309734
20900,43,train,render,0.1334155797958374
20900,43,train,total,0.13456124067306519
21000,44,train,eikonal,0.011283421888947487
21000,44,train,render,0.12553080916404724
21000,44,train,total,0.12665915489196777
21100,44,train,eikonal,0.008159969002008438
21100,44,train,render,0.11076182126998901
21100,44,train,total,0.11157781630754471
21200,44,train,eikonal,0.008253602311015129
21200,44,train,render,0.14984013140201569
21200,44,train,total,0.1506654918193817
21300,44,train,eikonal,0.005476169288158417
21300,44,train,render,0.09582258760929108
21300,44,train,total,0.09637020528316498
21400,44,train,eikonal,0.009238477796316147
21400,44,train,render,0.12386796623468399
21400,44,train,total,0.12479181587696075
21500,45,train,eikonal,0.009103828109800816
21500,45,train,render,0.12884530425071716
21500,45,train,total,0.12975569069385529
21600,45,train,eikonal,0.009929398074746132
21600,45,train,render,0.13737910985946655
21600,45,train,total,0.1383720487356186
21700,45,train,eikonal,0.005593081470578909
21700,45,train,render,0.11505954712629318
21700,45,train,total,0.11561885476112366
21800,45,train,eikonal,0.009712371043860912
21800,45,train,render,0.1260358691215515
21800,45,train,total,0.1270071119070053
21900,45,train,eikonal,0.005978502333164215
21900,45,train,render,0.10072320699691772
21900,45,train,total,0.10132105648517609
22000,46,train,eikonal,0.006277188658714294
22000,46,train,render,0.10773198306560516
22000,46,train,total,0.10835970193147659
22100,46,train,eikonal,0.008080833591520786
22100,46,train,render,0.1135513037443161
22100,46,train,total,0.11435938626527786
22200,46,train,eikonal,0.00772284809499979
22200,46,train,render,0.12817829847335815
22200,46,train,total,0.1289505809545517
22300,46,train,eikonal,0.006865520030260086
22300,46,train,render,0.11071866005659103
22300,46,train,total,0.11140520870685577
22400,46,train,eikonal,0.004407496191561222
22400,46,train,render,0.1027703583240509
22400,46,train,total,0.10321110486984253
22500,47,train,eikonal,0.004940961487591267
22500,47,train,render,0.09938091039657593
22500,47,train,total,0.09987500309944153
22600,47,train,eikonal,0.009785383008420467
22600,47,train,render,0.11504475027322769
22600,47,train,total,0.11602328717708588
22700,47,train,eikonal,0.008579276502132416
22700,47,train,render,0.11211271584033966
22700,47,train,total,0.11297064274549484
22800,47,train,eikonal,0.007680341601371765
22800,47,train,render,0.10351964831352234
22800,47,train,total,0.10428768396377563
22900,48,train,eikonal,0.009581591002643108
22900,48,train,render,0.12774676084518433
22900,48,train,total,0.12870492041110992
23000,48,train,eikonal,0.008050289005041122
23000,48,train,render,0.11805271357297897
23000,48,train,total,0.118857741355896
23100,48,train,eikonal,0.006253136321902275
23100,48,train,render,0.10719942301511765
23100,48,train,total,0.10782473534345627
23200,48,train,eikonal,0.009709471836686134
23200,48,train,render,0.13926196098327637
23200,48,train,total,0.1402329057455063
23300,48,train,eikonal,0.012311354279518127
23300,48,train,render,0.1655791997909546
23300,48,train,total,0.16681033372879028
23400,49,train,eikonal,0.007522564381361008
23400,49,train,render,0.12754890322685242
23400,49,train,total,0.12830115854740143
23500,49,train,eikonal,0.004063708707690239
23500,49,train,render,0.09429044276475906
23500,49,train,total,0.09469681233167648
23600,49,train,eikonal,0.007150673773139715
23600,49,train,render,0.12009362876415253
23600,49,train,total,0.12080869823694229
23700,49,train,eikonal,0.006214530672878027
23700,49,train,render,0.10205646604299545
23700,49,train,total,0.10267791897058487
23800,49,train,eikonal,0.007470918353646994
23800,49,train,render,0.117385134100914
23800,49,train,total,0.11813222616910934
23900,50,train,eikonal,0.007588493172079325
23900,50,train,render,0.10169491171836853
23900,50,train,total,0.10245376080274582
24000,50,train,eikonal,0.0070680296048521996
24000,50,train,render,0.10448209941387177
24000,50,train,total,0.10518889874219894
24100,50,train,eikonal,0.008517565205693245
24100,50,train,render,0.1099822148680687
24100,50,train,total,0.11083397269248962
24200,50,train,eikonal,0.006844479124993086
24200,50,train,render,0.14803025126457214
24200,50,train,total,0.14871470630168915
24300,50,train,eikonal,0.0078682079911232
24300,50,train,render,0.1166282445192337
24300,50,train,total,0.11741506308317184
24400,51,train,eikonal,0.009115109220147133
24400,51,train,render,0.12233240157365799
24400,51,train,total,0.12324391305446625
24500,51,train,eikonal,0.00501476414501667
24500,51,train,render,0.1002940684556961
24500,51,train,total,0.10079554468393326
24600,51,train,eikonal,0.009961217641830444
24600,51,train,render,0.1200750544667244
24600,51,train,total,0.12107117474079132
24700,51,train,eikonal,0.005632772110402584
24700,51,train,render,0.10295325517654419
24700,51,train,total,0.10351653397083282
24800,51,train,eikonal,0.009404156357049942
24800,51,train,render,0.13651934266090393
24800,51,train,total,0.13745975494384766
24900,52,train,eikonal,0.004823104478418827
24900,52,train,render,0.09282797574996948
24900,52,train,total,0.09331028908491135
25000,52,train,eikonal,0.005795209668576717
25000,52,train,render,0.10546158254146576
25000,52,train,total,0.10604110360145569
25100,52,train,eikonal,0.00843796692788601
25100,52,train,render,0.12001727521419525
25100,52,train,total,0.12086106836795807
25200,52,train,eikonal,0.009444454684853554
25200,52,train,render,0.16210931539535522
25200,52,train,total,0.16305376589298248
25300,53,train,eikonal,0.011717318557202816
25300,53,train,render,0.14586102962493896
25300,53,train,total,0.14703276753425598
25400,53,train,eikonal,0.007862895727157593
25400,53,train,render,0.11028485745191574
25400,53,train,total,0.1110711470246315
25500,53,train,eikonal,0.006134179420769215
25500,53,train,render,0.11191711574792862
25500,53,train,total,0.11253053694963455
25600,53,train,eikonal,0.006456814706325531
25600,53,train,render,0.13646194338798523
25600,53,train,total,0.13710762560367584
25700,53,train,eikonal,0.006915089674293995
25700,53,train,render,0.11615756154060364
25700,53,train,total,0.11684907227754593
25800,54,train,eikonal,0.007407795172184706
25800,54,train,render,0.11415908485651016
25800,54,train,total,0.11489986628293991
25900,54,train,eikonal,0.009824926033616066
25900,54,train,render,0.15293198823928833
25900,54,train,total,0.15391448140144348
26000,54,train,eikonal,0.006617351435124874
26000,54,train,render,0.13085652887821198
26000,54,train,total,0.13151825964450836
26100,54,train,eikonal,0.009610512293875217
26100,54,train,render,0.12808947265148163
26100,54,train,total,0.12905052304267883
26200,54,train,eikonal,0.009518878534436226
26200,54,train,render,0.14125123620033264
26200,54,train,total,0.14220312237739563
26300,55,train,eikonal,0.007908070459961891
26300,55,train,render,0.12432774156332016
26300,55,train,total,0.12511855363845825
26400,55,train,eikonal,0.0066758133471012115
26400,55,train,render,0.1404404640197754
26400,55,train,total,0.14110805094242096
26500,55,train,eikonal,0.009428977966308594
26500,55,train,render,0.11728884279727936
26500,55,train,total,0.11823174357414246
26600,55,train,eikonal,0.012193802744150162
26600,55,train,render,0.14958029985427856
26600,55,train,total,0.1507996767759323
26700,55,train,eikonal,0.0067807408049702644
26700,55,train,render,0.09678490459918976
26700,55,train,total,0.0974629819393158
26800,56,train,eikonal,0.007135822903364897
26800,56,train,render,0.11623258888721466
26800,56,train,total,0.11694616824388504
26900,56,train,eikonal,0.01007761713117361
26900,56,train,render,0.12259170413017273
26900,56,train,total,0.12359946221113205
27000,56,train,eikonal,0.005545235238969326
27000,56,train,render,0.11099519580602646
27000,56,train,total,0.11154972016811371
27100,56,train,eikonal,0.008371301926672459
27100,56,train,render,0.12535646557807922
27100,56,train,total,0.1261935979127884
27200,57,train,eikonal,0.00798022747039795
27200,57,train,render,0.11103607714176178
27200,57,train,total,0.1118341013789177
27300,57,train,eikonal,0.006948141381144524
27300,57,train,render,0.1320720911026001
27300,57,train,total,0.13276690244674683
27400,57,train,eikonal,0.008979352191090584
27400,57,train,render,0.15201663970947266
27400,57,train,total,0.15291456878185272
27500,57,train,eikonal,0.006298192776739597
27500,57,train,render,0.10628698021173477
27500,57,train,total,0.10691680014133453
27600,57,train,eikonal,0.005068882368505001
27600,57,train,render,0.11412610113620758
27600,57,train,total,0.1146329864859581
27700,58,train,eikonal,0.0070175901055336
27700,58,train,render,0.10923640429973602
27700,58,train,total,0.10993815958499908
27800,58,train,eikonal,0.00683505367487669
27800,58,train,render,0.12729133665561676
27800,58,train,total,0.12797483801841736
27900,58,train,eikonal,0.007718994282186031
27900,58,train,render,0.10535988211631775
27900,58,train,total,0.10613178461790085
28000,58,train,eikonal,0.006059693638235331
28000,58,train,render,0.12573447823524475
28000,58,train,total,0.12634044885635376
28100,58,train,eikonal,0.00792374275624752
28100,58,train,render,0.16690710186958313
28100,58,train,total,0.16769947111606598
28200,59,train,eikonal,0.007766859605908394
28200,59,train,render,0.1172327846288681
28200,59,train,total,0.11800947040319443
28300,59,train,eikonal,0.008579321205615997
28300,59,train,render,0.11732199788093567
28300,59,train,total,0.11817993223667145
28400,59,train,eikonal,0.007492427714169025
28400,59,train,render,0.14623552560806274
28400,59,train,total,0.1469847708940506
28500,59,train,eikonal,0.009070049971342087
28500,59,train,render,0.12242664396762848
28500,59,train,total,0.1233336478471756
28600,59,train,eikonal,0.0072394851595163345
28600,59,train,render,0.1250745952129364
28600,59,train,total,0.1257985383272171
28700,60,train,eikonal,0.006343310698866844
28700,60,train,render,0.14059627056121826
28700,60,train,total,0.14123059809207916
28800,60,train,eikonal,0.009002489037811756
28800,60,train,render,0.14971542358398438
28800,60,train,total,0.15061567723751068
28900,60,train,eikonal,0.008561600930988789
28900,60,train,render,0.12776081264019012
28900,60,train,total,0.12861697375774384
29000,60,train,eikonal,0.004697373136878014
29000,60,train,render,0.11362693458795547
29000,60,train,total,0.11409667134284973
29100,61,train,eikonal,0.006177935283631086
29100,61,train,render,0.12302199751138687
29100,61,train,total,0.1236397922039032
29200,61,train,eikonal,0.0056321388110518456
29200,61,train,render,0.09408469498157501
29200,61,train,total,0.09464790672063828
29300,61,train,eikonal,0.008709952235221863
29300,61,train,render,0.10806256532669067
29300,61,train,total,0.10893356055021286
29400,61,train,eikonal,0.007696761749684811
29400,61,train,render,0.1283523440361023
29400,61,train,total,0.12912201881408691
29500,61,train,eikonal,0.007256918586790562
29500,61,train,render,0.1642729490995407
29500,61,train,total,0.1649986356496811
29600,62,train,eikonal,0.007289400789886713
29600,62,train,render,0.1164809837937355
29600,62,train,total,0.11720992624759674
29700,62,train,eikonal,0.005731211043894291
29700,62,train,render,0.11970696598291397
29700,62,train,total,0.12028008699417114
29800,62,train,eikonal,0.0061990125104784966
29800,62,train,render,0.12131302803754807
29800,62,train,total,0.12193293124437332
29900,62,train,eikonal,0.004871041513979435
29900,62,train,render,0.09872820228338242
29900,62,train,total,0.0992153063416481
30000,62,train,eikonal,0.007949058897793293
30000,62,train,render,0.10319392383098602
30000,62,train,total,0.10398882627487183
30100,63,train,eikonal,0.004094576463103294
30100,63,train,render,0.10240381211042404
30100,63,train,total,0.10281326621770859
30200,63,train,eikonal,0.0035862664226442575
30200,63,train,render,0.10945409536361694
30200,63,train,total,0.10981272161006927
30300,63,train,eikonal,0.007241976447403431
30300,63,train,render,0.13884574174880981
30300,63,train,total,0.1395699381828308
30400,63,train,eikonal,0.009783593006432056
30400,63,train,render,0.15018720924854279
30400,63,train,total,0.15116557478904724
30500,63,train,eikonal,0.009425919502973557
30500,63,train,render,0.1465439647436142
30500,63,train,total,0.14748655259609222
30600,64,train,eikonal,0.006677566096186638
30600,64,train,render,0.1029326319694519
30600,64,train,total,0.1036003902554512
30700,64,train,eikonal,0.007290782872587442
30700,64,train,render,0.1102125346660614
30700,64,train,total,0.11094161123037338
30800,64,train,eikonal,0.008860424160957336
30800,64,train,render,0.12356330454349518
30800,64,train,total,0.12444934993982315
30900,64,train,eikonal,0.007463570684194565
30900,64,train,render,0.13898494839668274
30900,64,train,total,0.139731302857399
31000,64,train,eikonal,0.011031009256839752
31000,64,train,render,0.15409702062606812
31000,64,train,total,0.15520012378692627
31100,65,train,eikonal,0.006297164596617222
31100,65,train,render,0.11233864724636078
31100,65,train,total,0.11296836286783218
31200,65,train,eikonal,0.0071980999782681465
31200,65,train,render,0.12078796327114105
31200,65,train,total,0.12150777131319046
31300,65,train,eikonal,0.007010930217802525
31300,65,train,render,0.12964960932731628
31300,65,train,total,0.13035070896148682
31400,65,train,eikonal,0.005285716615617275
31400,65,train,render,0.10696059465408325
31400,65,train,total,0.10748916864395142
31500,66,train,eikonal,0.006602066569030285
31500,66,train,render,0.11211340874433517
31500,66,train,total,0.11277361214160919
31600,66,train,eikonal,0.006104897242039442
31600,66,train,render,0.12116627395153046
31600,66,train,total,0.1217767670750618
31700,66,train,eikonal,0.007064403034746647
31700,66,train,render,0.12699833512306213
31700,66,train,total,0.12770476937294006
31800,66,train,eikonal,0.007417119108140469
31800,66,train,render,0.12415281683206558
31800,66,train,total,0.12489452958106995
31900,66,train,eikonal,0.006016947329044342
31900,66,train,render,0.10352886468172073
31900,66,train,total,0.10413055866956711
32000,67,train,eikonal,0.007817515172064304
32000,67,train,render,0.14246246218681335
32000,67,train,total,0.143244206905365
32100,67,train,eikonal,0.0037318214308470488
32100,67,train,render,0.10331021249294281
32100,67,train,total,0.10368339717388153
32200,67,train,eikonal,0.007626284845173359
32200,67,train,render,0.13562315702438354
32200,67,train,total,0.13638578355312347
32300,67,train,eikonal,0.0060570212081074715
32300,67,train,render,0.11530179530382156
32300,67,train,total,0.11590749770402908
32400,67,train,eikonal,0.00876665860414505
32400,67,train,render,0.13184669613838196
32400,67,train,total,0.1327233612537384
32500,68,train,eikonal,0.0071149240247905254
32500,68,train,render,0.11609890311956406
32500,68,train,total,0.1168103963136673
32600,68,train,eikonal,0.006083434447646141
32600,68,train,render,0.12511193752288818
32600,68,train,total,0.12572027742862701
32700,68,train,eikonal,0.0066309706307947636
32700,68,train,render,0.10039104521274567
32700,68,train,total,0.10105413943529129
32800,68,train,eikonal,0.004327758215367794
32800,68,train,render,0.09939964860677719
32800,68,train,total,0.09983242303133011
32900,68,train,eikonal,0.004371930845081806
32900,68,train,render,0.115608349442482
32900,68,train,total,0.11604554206132889
33000,69,train,eikonal,0.0056868139654397964
33000,69,train,render,0.12237945199012756
33000,69,train,total,0.12294813245534897
33100,69,train,eikonal,0.007740914821624756
33100,69,train,render,0.13186198472976685
33100,69,train,total,0.13263607025146484
33200,69,train,eikonal,0.005461049731820822
33200,69,train,render,0.10759907960891724
33200,69,train,total,0.10814518481492996
33300,69,train,eikonal,0.005381966009736061
33300,69,train,render,0.10443802177906036
33300,69,train,total,0.10497622191905975
33400,70,train,eikonal,0.0065683722496032715
33400,70,train,render,0.10611967742443085
33400,70,train,total,0.10677651315927505
33500,70,train,eikonal,0.004869038704782724
33500,70,train,render,0.10800310969352722
33500,70,train,total,0.10849001258611679
33600,70,train,eikonal,0.006374558433890343
33600,70,train,render,0.10861699283123016
33600,70,train,total,0.10925444960594177
33700,70,train,eikonal,0.007761791348457336
33700,70,train,render,0.132625550031662
33700,70,train,total,0.13340172171592712
33800,70,train,eikonal,0.0042250435799360275
33800,70,train,render,0.09112071990966797
33800,70,train,total,0.09154322743415833
33900,71,train,eikonal,0.0056594242341816425
33900,71,train,render,0.12182953208684921
33900,71,train,total,0.12239547818899155
34000,71,train,eikonal,0.0057013798505067825
34000,71,train,render,0.10061357170343399
34000,71,train,total,0.10118371248245239
34100,71,train,eikonal,0.006047825329005718
34100,71,train,render,0.11482221633195877
34100,71,train,total,0.11542700231075287
34200,71,train,eikonal,0.004506286233663559
34200,71,train,render,0.10829854756593704
34200,71,train,total,0.10874917358160019
34300,71,train,eikonal,0.00945325754582882
34300,71,train,render,0.15978634357452393
34300,71,train,total,0.16073167324066162
34400,72,train,eikonal,0.0073316870257258415
34400,72,train,render,0.14621439576148987
34400,72,train,total,0.14694756269454956
34500,72,train,eikonal,0.0037476022262126207
34500,72,train,render,0.09580408036708832
34500,72,train,total,0.09617883712053299
34600,72,train,eikonal,0.008163262158632278
34600,72,train,render,0.13368752598762512
34600,72,train,total,0.13450385630130768
34700,72,train,eikonal,0.006177556235343218
34700,72,train,render,0.14480441808700562
34700,72,train,total,0.14542217552661896
34800,72,train,eikonal,0.008573701605200768
34800,72,train,render,0.17636854946613312
34800,72,train,total,0.17722591757774353
34900,73,train,eikonal,0.006350509822368622
34900,73,train,render,0.09928694367408752
34900,73,train,total,0.09992199391126633
35000,73,train,eikonal,0.004603145644068718
35000,73,train,render,0.11822305619716644
35000,73,train,total,0.11868336796760559
35100,73,train,eikonal,0.005420915316790342
35100,73,train,render,0.12101118266582489
35100,73,train,total,0.12155327200889587
35200,73,train,eikonal,0.004663688596338034
35200,73,train,render,0.10180778056383133
35200,73,train,total,0.10227414965629578
35300,74,train,eikonal,0.004138474352657795
35300,74,train,render,0.08959345519542694
35300,74,train,total,0.09000730514526367
35400,74,train,eikonal,0.006245399825274944
35400,74,train,render,0.10743541270494461
35400,74,train,total,0.10805995017290115
35500,74,train,eikonal,0.006042586639523506
35500,74,train,render,0.10520268976688385
35500,74,train,total,0.10580694675445557
35600,74,train,eikonal,0.005914885085076094
35600,74,train,render,0.1178036704659462
35600,74,train,total,0.11839515715837479
35700,74,train,eikonal,0.005612049251794815
35700,74,train,render,0.10916351526975632
35700,74,train,total,0.10972472280263901
35800,75,train,eikonal,0.005930834449827671
35800,75,train,render,0.10948294401168823
35800,75,train,total,0.11007602512836456
35900,75,train,eikonal,0.005056366324424744
35900,75,train,render,0.09796592593193054
35900,75,train,total,0.09847155958414078
36000,75,train,eikonal,0.00621686689555645
36000,75,train,render,0.11374115198850632
36000,75,train,total,0.11436283588409424
36100,75,train,eikonal,0.006595142651349306
36100,75,train,render,0.13774017989635468
36100,75,train,total,0.13839969038963318
36200,75,train,eikonal,0.007034776732325554
36200,75,train,render,0.12872634828090668
36200,75,train,total,0.12942983210086823
36300,76,train,eikonal,0.005259553901851177
36300,76,train,render,0.11452919244766235
36300,76,train,total,0.115055151283741
36400,76,train,eikonal,0.004555711522698402
36400,76,train,render,0.10416556894779205
36400,76,train,total,0.10462114214897156
36500,76,train,eikonal,0.006537816021591425
36500,76,train,render,0.13279259204864502
36500,76,train,total,0.13344638049602509
36600,76,train,eikonal,0.004310281947255135
36600,76,train,render,0.10641221702098846
36600,76,train,total,0.1068432480096817
36700,76,train,eikonal,0.0054407683201134205
36700,76,train,render,0.1284131407737732
36700,76,train,total,0.12895721197128296
36800,77,train,eikonal,0.006321907974779606
36800,77,train,render,0.2074347734451294
36800,77,train,total,0.20806697010993958
36900,77,train,eikonal,0.004719489254057407
36900,77,train,render,0.10342442989349365
36900,77,train,total,0.1038963794708252
37000,77,train,eikonal,0.003889960702508688
37000,77,train,render,0.10587528347969055
37000,77,train,total,0.10626427829265594
37100,77,train,eikonal,0.006138783413916826
37100,77,train,render,0.10395319014787674
37100,77,train,total,0.10456706583499908
37200,77,train,eikonal,0.004439679905772209
37200,77,train,render,0.11958633363246918
37200,77,train,total,0.12003029882907867
37300,78,train,eikonal,0.007437460590153933
37300,78,train,render,0.13405247032642365
37300,78,train,total,0.13479621708393097
37400,78,train,eikonal,0.0072997319512069225
37400,78,train,render,0.14195135235786438
37400,78,train,total,0.1426813304424286
37500,78,train,eikonal,0.0065757716074585915
37500,78,train,render,0.1391187608242035
37500,78,train,total,0.1397763341665268
37600,78,train,eikonal,0.006362933199852705
37600,78,train,render,0.13989990949630737
37600,78,train,total,0.14053620398044586
37700,79,train,eikonal,0.006298203021287918
37700,79,train,render,0.11016250401735306
37700,79,train,total,0.11079232394695282
37800,79,train,eikonal,0.005993661470711231
37800,79,train,render,0.13347940146923065
37800,79,train,total,0.1340787708759308
37900,79,train,eikonal,0.005342770367860794
37900,79,train,render,0.10328850150108337
37900,79,train,total,0.10382277518510818
38000,79,train,eikonal,0.005513464100658894
38000,79,train,render,0.12113785743713379
38000,79,train,total,0.12168920040130615
38100,79,train,eikonal,0.0032755699940025806
38100,79,train,render,0.10048823058605194
38100,79,train,total,0.1008157879114151
38200,80,train,eikonal,0.008261851966381073
38200,80,train,render,0.1565757691860199
38200,80,train,total,0.1574019491672516
38300,80,train,eikonal,0.004990496672689915
38300,80,train,render,0.10080999881029129
38300,80,train,total,0.10130904614925385
38400,80,train,eikonal,0.0037159938365221024
38400,80,train,render,0.1008794903755188
38400,80,train,total,0.10125108808279037
38500,80,train,eikonal,0.006246852222830057
38500,80,train,render,0.13171854615211487
38500,80,train,total,0.13234323263168335
38600,80,train,eikonal,0.005762406624853611
38600,80,train,render,0.1574041247367859
38600,80,train,total,0.15798036754131317
38700,81,train,eikonal,0.007358177099376917
38700,81,train,render,0.13050347566604614
38700,81,train,total,0.13123929500579834
38800,81,train,eikonal,0.006655048578977585
38800,81,train,render,0.12333934754133224
38800,81,train,total,0.12400485575199127
38900,81,train,eikonal,0.004082927946001291
38900,81,train,render,0.09659403562545776
38900,81,train,total,0.09700232744216919
39000,81,train,eikonal,0.006089417263865471
39000,81,train,render,0.11327042430639267
39000,81,train,total,0.11387936770915985
39100,81,train,eikonal,0.009076866321265697
39100,81,train,render,0.15664935111999512
39100,81,train,total,0.15755704045295715
39200,82,train,eikonal,0.005171108990907669
39200,82,train,render,0.09783820062875748
39200,82,train,total,0.09835530817508698
39300,82,train,eikonal,0.0055317506194114685
39300,82,train,render,0.10539751499891281
39300,82,train,total,0.10595069080591202
39400,82,train,eikonal,0.0051140859723091125
39400,82,train,render,0.10780701041221619
39400,82,train,total,0.10831841826438904
39500,82,train,eikonal,0.006888595409691334
39500,82,train,render,0.1381499469280243
39500,82,train,total,0.13883881270885468
39600,83,train,eikonal,0.005358425434678793
39600,83,train,render,0.11164218932390213
39600,83,train,total,0.11217803508043289
39700,83,train,eikonal,0.004934879019856453
39700,83,train,render,0.1114056184887886
39700,83,train,total,0.11189910769462585
39800,83,train,eikonal,0.006300690583884716
39800,83,train,render,0.10351889580488205
39800,83,train,total,0.10414896160364151
39900,83,train,eikonal,0.004202950745820999
39900,83,train,render,0.10805665701627731
39900,83,train,total,0.10847695171833038
40000,83,train,eikonal,0.003382069058716297
40000,83,train,render,0.09904633462429047
40000,83,train,total,0.09938453882932663
40100,84,train,eikonal,0.006855220068246126
40100,84,train,render,0.1334758996963501
40100,84,train,total,0.13416142761707306
40200,84,train,eikonal,0.005798347759991884
40200,84,train,render,0.1300734281539917
40200,84,train,total,0.1306532621383667
40300,84,train,eikonal,0.004390643443912268
40300,84,train,render,0.10909034311771393
40300,84,train,total,0.10952940583229065
40400,84,train,eikonal,0.00697264913469553
40400,84,train,render,0.14535722136497498
40400,84,train,total,0.1460544914007187
40500,84,train,eikonal,0.006987364497035742
40500,84,train,render,0.13121414184570312
40500,84,train,total,0.13191287219524384
40600,85,train,eikonal,0.006875200197100639
40600,85,train,render,0.13175778090953827
40600,85,train,total,0.1324453055858612
40700,85,train,eikonal,0.0051251742988824844
40700,85,train,render,0.12410426884889603
40700,85,train,total,0.12461678683757782
40800,85,train,eikonal,0.005688026547431946
40800,85,train,render,0.1186680793762207
40800,85,train,total,0.11923687905073166
40900,85,train,eikonal,0.005931255407631397
40900,85,train,render,0.11122101545333862
40900,85,train,total,0.11181414127349854
41000,85,train,eikonal,0.003636327339336276
41000,85,train,render,0.09885384142398834
41000,85,train,total,0.0992174744606018
41100,86,train,eikonal,0.008203689008951187
41100,86,train,render,0.14242228865623474
41100,86,train,total,0.14324265718460083
41200,86,train,eikonal,0.002787900622934103
41200,86,train,render,0.0812811478972435
41200,86,train,total,0.08155994117259979
41300,86,train,eikonal,0.0076853567734360695
41300,86,train,render,0.1290895938873291
41300,86,train,total,0.129858136177063
41400,86,train,eikonal,0.0047449031844735146
41400,86,train,render,0.14357146620750427
41400,86,train,total,0.14404596388339996
41500,87,train,eikonal,0.004090222530066967
41500,87,train,render,0.09629124402999878
41500,87,train,total,0.0967002660036087
41600,87,train,eikonal,0.007449657656252384
41600,87,train,render,0.13745412230491638
41600,87,train,total,0.1381990909576416
41700,87,train,eikonal,0.006949278060346842
41700,87,train,render,0.09879016131162643
41700,87,train,total,0.09948509186506271
41800,87,train,eikonal,0.0031484183855354786
41800,87,train,render,0.10383103787899017
41800,87,train,total,0.10414587706327438
41900,87,train,eikonal,0.006218583323061466
41900,87,train,render,0.11487261950969696
41900,87,train,total,0.11549447476863861
42000,88,train,eikonal,0.006774731446057558
42000,88,train,render,0.11022133380174637
42000,88,train,total,0.11089880764484406
42100,88,train,eikonal,0.0073085143230855465
42100,88,train,render,0.16488206386566162
42100,88,train,total,0.16561292111873627
42200,88,train,eikonal,0.0065530212596058846
42200,88,train,render,0.1217358335852623
42200,88,train,total,0.12239113450050354
42300,88,train,eikonal,0.006180615164339542
42300,88,train,render,0.10260307788848877
42300,88,train,total,0.10322114080190659
42400,88,train,eikonal,0.007407288067042828
42400,88,train,render,0.13956975936889648
42400,88,train,total,0.14031048119068146
42500,89,train,eikonal,0.0066360230557620525
42500,89,train,render,0.12251094728708267
42500,89,train,total,0.12317454814910889
42600,89,train,eikonal,0.004830816760659218
42600,89,train,render,0.11583537608385086
42600,89,train,total,0.11631845682859421
42700,89,train,eikonal,0.005602811463177204
42700,89,train,render,0.1365683674812317
42700,89,train,total,0.13712865114212036
42800,89,train,eikonal,0.004367568530142307
42800,89,train,render,0.11454977095127106
42800,89,train,total,0.11498653143644333
42900,89,train,eikonal,0.005041223485022783
42900,89,train,render,0.09879899024963379
42900,89,train,total,0.09930311143398285
43000,90,train,eikonal,0.0034566004760563374
43000,90,train,render,0.1285909116268158
43000,90,train,total,0.12893657386302948
43100,90,train,eikonal,0.0033834194764494896
43100,90,train,render,0.10597175359725952
43100,90,train,total,0.10631009191274643
43200,90,train,eikonal,0.003404555842280388
43200,90,train,render,0.09590379893779755
43200,90,train,total,0.09624425321817398
43300,90,train,eikonal,0.004835501313209534
43300,90,train,render,0.0984339639544487
43300,90,train,total,0.09891751408576965
43400,90,train,eikonal,0.007064747158437967
43400,90,train,render,0.14810064435005188
43400,90,train,total,0.1488071233034134
43500,91,train,eikonal,0.00750137772411108
43500,91,train,render,0.14149223268032074
43500,91,train,total,0.14224237203598022
43600,91,train,eikonal,0.004726355895400047
43600,91,train,render,0.10103566199541092
43600,91,train,total,0.10150829702615738
43700,91,train,eikonal,0.00432861503213644
43700,91,train,render,0.10097714513540268
43700,91,train,total,0.10141000896692276
43800,91,train,eikonal,0.005450628697872162
43800,91,train,render,0.11134551465511322
43800,91,train,total,0.11189057677984238
43900,92,train,eikonal,0.007647290360182524
43900,92,train,render,0.15974783897399902
43900,92,train,total,0.16051256656646729
44000,92,train,eikonal,0.005369172431528568
44000,92,train,render,0.09913882613182068
44000,92,train,total,0.0996757447719574
44100,92,train,eikonal,0.0070545063354074955
44100,92,train,render,0.149236261844635
44100,92,train,total,0.14994171261787415
44200,92,train,eikonal,0.00555416801944375
44200,92,train,render,0.1307879090309143
44200,92,train,total,0.1313433200120926
44300,92,train,eikonal,0.005830845329910517
44300,92,train,render,0.11216823756694794
44300,92,train,total,0.1127513200044632
44400,93,train,eikonal,0.005915266461670399
44400,93,train,render,0.10602175444364548
44400,93,train,total,0.10661327838897705
44500,93,train,eikonal,0.0065001752227544785
44500,93,train,render,0.10354207456111908
44500,93,train,total,0.1041920930147171
44600,93,train,eikonal,0.006854676175862551
44600,93,train,render,0.13254740834236145
44600,93,train,total,0.13323287665843964
44700,93,train,eikonal,0.008453454822301865
44700,93,train,render,0.14151525497436523
44700,93,train,total,0.1423605978488922
44800,93,train,eikonal,0.0062662167474627495
44800,93,train,render,0.12154964357614517
44800,93,train,total,0.12217626720666885
44900,94,train,eikonal,0.0063604083843529224
44900,94,train,render,0.13699322938919067
44900,94,train,total,0.13762927055358887
45000,94,train,eikonal,0.004991272464394569
45000,94,train,render,0.10437595099210739
45000,94,train,total,0.10487508028745651
45100,94,train,eikonal,0.008660698309540749
45100,94,train,render,0.11761459708213806
45100,94,train,total,0.11848066747188568
45200,94,train,eikonal,0.006676043383777142
45200,94,train,render,0.12311502546072006
45200,94,train,total,0.12378262728452682
45300,94,train,eikonal,0.005666031502187252
45300,94,train,render,0.12345509231090546
45300,94,train,total,0.12402169406414032
45400,95,train,eikonal,0.00657935906201601
45400,95,train,render,0.11233290284872055
45400,95,train,total,0.1129908412694931
45500,95,train,eikonal,0.005937744397670031
45500,95,train,render,0.10084451735019684
45500,95,train,total,0.10143829137086868
45600,95,train,eikonal,0.007938310503959656
45600,95,train,render,0.13162922859191895
45600,95,train,total,0.1324230581521988
45700,95,train,eikonal,0.00801528338342905
45700,95,train,render,0.10997352004051208
45700,95,train,total,0.11077504605054855
45800,96,train,eikonal,0.005037246737629175
45800,96,train,render,0.10055471956729889
45800,96,train,total,0.10105844587087631
45900,96,train,eikonal,0.005332088563591242
45900,96,train,render,0.11989712715148926
45900,96,train,total,0.12043033540248871
46000,96,train,eikonal,0.00715126097202301
46000,96,train,render,0.11996689438819885
46000,96,train,total,0.12068202346563339
46100,96,train,eikonal,0.007883529178798199
46100,96,train,render,0.1359117180109024
46100,96,train,total,0.13670006394386292
46200,96,train,eikonal,0.007822798565030098
46200,96,train,render,0.12248945236206055
46200,96,train,total,0.12327173352241516
46300,97,train,eikonal,0.005380664952099323
46300,97,train,render,0.10184591263532639
46300,97,train,total,0.10238397866487503
46400,97,train,eikonal,0.005529323592782021
46400,97,train,render,0.11842001974582672
46400,97,train,total,0.11897294968366623
46500,97,train,eikonal,0.00514866691082716
46500,97,train,render,0.09911048412322998
46500,97,train,total,0.0996253490447998
46600,97,train,eikonal,0.007293542847037315
46600,97,train,render,0.10313200950622559
46600,97,train,total,0.10386136174201965
46700,97,train,eikonal,0.008787502534687519
46700,97,train,render,0.1385890245437622
46700,97,train,total,0.1394677758216858
46800,98,train,eikonal,0.0061864061281085014
46800,98,train,render,0.11217746883630753
46800,98,train,total,0.1127961128950119
46900,98,train,eikonal,0.005686793476343155
46900,98,train,render,0.10627777129411697
46900,98,train,total,0.10684645175933838
47000,98,train,eikonal,0.007722263224422932
47000,98,train,render,0.12178868055343628
47000,98,train,total,0.12256090342998505
47100,98,train,eikonal,0.007870124652981758
47100,98,train,render,0.12994322180747986
47100,98,train,total,0.13073024153709412
47200,98,train,eikonal,0.007934917695820332
47200,98,train,render,0.15429285168647766
47200,98,train,total,0.15508633852005005
47300,99,train,eikonal,0.008908362127840519
47300,99,train,render,0.14942336082458496
47300,99,train,total,0.15031419694423676
47400,99,train,eikonal,0.007586759515106678
47400,99,train,render,0.1155654639005661
47400,99,train,total,0.11632414162158966
47500,99,train,eikonal,0.006560172885656357
47500,99,train,render,0.10160449147224426
47500,99,train,total,0.10226050764322281
47600,99,train,eikonal,0.009306349791586399
47600,99,train,render,0.12978939712047577
47600,99,train,total,0.13072003424167633
47700,100,train,eikonal,0.0071054366417229176
47700,100,train,render,0.13177207112312317
47700,100,train,total,0.1324826180934906
47800,100,train,eikonal,0.006820893846452236
47800,100,train,render,0.13679270446300507
47800,100,train,total,0.13747479021549225
47900,100,train,eikonal,0.008069905452430248
47900,100,train,render,0.14507368206977844
47900,100,train,total,0.14588066935539246
48000,100,train,eikonal,0.007755925878882408
48000,100,train,render,0.10757626593112946
48000,100,train,total,0.10835185647010803
48100,100,train,eikonal,0.006031737197190523
48100,100,train,render,0.12290145456790924
48100,100,train,total,0.1235046312212944
48200,101,train,eikonal,0.005481890868395567
48200,101,train,render,0.11849983781576157
48200,101,train,total,0.11904802918434143
48300,101,train,eikonal,0.006852795835584402
48300,101,train,render,0.11182596534490585
48300,101,train,total,0.11251124739646912
48400,101,train,eikonal,0.006685515865683556
48400,101,train,render,0.10487385839223862
48400,101,train,total,0.10554240643978119
48500,101,train,eikonal,0.004994792863726616
48500,101,train,render,0.10365099459886551
48500,101,train,total,0.10415047407150269
48600,101,train,eikonal,0.007121675182133913
48600,101,train,render,0.11742345988750458
48600,101,train,total,0.11813563108444214
48700,102,train,eikonal,0.005292617715895176
48700,102,train,render,0.10539928078651428
48700,102,train,total,0.10592854022979736
48800,102,train,eikonal,0.006029436364769936
48800,102,train,render,0.10461212694644928
48800,102,train,total,0.10521507263183594
48900,102,train,eikonal,0.006674422882497311
48900,102,train,render,0.13090762495994568
48900,102,train,total,0.1315750628709793
49000,102,train,eikonal,0.0035786707885563374
49000,102,train,render,0.08397980034351349
49000,102,train,total,0.08433766663074493
49100,102,train,eikonal,0.005281279794871807
49100,102,train,render,0.10417650640010834
49100,102,train,total,0.10470463335514069
49200,103,train,eikonal,0.0039191232062876225
49200,103,train,render,0.09039506316184998
49200,103,train,total,0.09078697860240936
49300,103,train,eikonal,0.0077439891174435616
49300,103,train,render,0.11385268718004227
49300,103,train,total,0.11462708562612534
49400,103,train,eikonal,0.003651850391179323
49400,103,train,render,0.08488859236240387
49400,103,train,total,0.0852537751197815
49500,103,train,eikonal,0.007607094943523407
49500,103,train,render,0.11491784453392029
49500,103,train,total,0.11567855626344681
49600,103,train,eikonal,0.005927734542638063
49600,103,train,render,0.10307577252388
49600,103,train,total,0.10366854816675186
49700,104,train,eikonal,0.0050795539282262325
49700,104,train,render,0.0906229168176651
49700,104,train,total,0.09113087505102158
49800,104,train,eikonal,0.004668595269322395
49800,104,train,render,0.10969147086143494
49800,104,train,total,0.11015833169221878
49900,104,train,eikonal,0.005428378004580736
49900,104,train,render,0.11466564238071442
49900,104,train,total,0.11520847678184509
50000,104,train,eikonal,0.006792535074055195
50000,104,train,render,0.1259596347808838
50000,104,train,total,0.12663888931274414
50100,105,train,eikonal,0.006900795269757509
50100,105,train,render,0.10651751607656479
50100,105,train,total,0.10720759630203247
50200,105,train,eikonal,0.007739034481346607
50200,105,train,render,0.1226329430937767
50200,105,train,total,0.12340684980154037
50300,105,train,eikonal,0.007781774736940861
50300,105,train,render,0.11422917991876602
50300,105,train,total,0.11500735580921173
50400,105,train,eikonal,0.008343206718564034
50400,105,train,render,0.11467261612415314
50400,105,train,total,0.11550693958997726
50500,105,train,eikonal,0.004991165362298489
50500,105,train,render,0.1035950779914856
50500,105,train,total,0.10409419238567352
50600,106,train,eikonal,0.006008746102452278
50600,106,train,render,0.10934950411319733
50600,106,train,total,0.10995037853717804
50700,106,train,eikonal,0.003108263947069645
50700,106,train,render,0.0809178575873375
50700,106,train,total,0.08122868090867996
50800,106,train,eikonal,0.0048608905635774136
50800,106,train,render,0.09446600079536438
50800,106,train,total,0.09495209157466888
50900,106,train,eikonal,0.007143348455429077
50900,106,train,render,0.12746094167232513
50900,106,train,total,0.1281752735376358
51000,106,train,eikonal,0.005292290821671486
51000,106,train,render,0.09739309549331665
51000,106,train,total,0.09792232513427734
51100,107,train,eikonal,0.005687179509550333
51100,107,train,render,0.12704601883888245
51100,107,train,total,0.12761473655700684
51200,107,train,eikonal,0.006156411021947861
51200,107,train,render,0.13525499403476715
51200,107,train,total,0.13587063550949097
51300,107,train,eikonal,0.005574132315814495
51300,107,train,render,0.11985141038894653
51300,107,train,total,0.12040882557630539
51400,107,train,eikonal,0.0066757481545209885
51400,107,train,render,0.1169251799583435
51400,107,train,total,0.11759275197982788
51500,107,train,eikonal,0.006608661729842424
51500,107,train,render,0.13198864459991455
51500,107,train,total,0.1326495110988617
51600,108,train,eikonal,0.008629657328128815
51600,108,train,render,0.14222505688667297
51600,108,train,total,0.14308802783489227
51700,108,train,eikonal,0.0045550367794930935
51700,108,train,render,0.11014895886182785
51700,108,train,total,0.11060446500778198
51800,108,train,eikonal,0.007284153718501329
51800,108,train,render,0.11692652106285095
51800,108,train,total,0.11765493452548981
51900,108,train,eikonal,0.005194162949919701
51900,108,train,render,0.12119080871343613
51900,108,train,total,0.12171022593975067
52000,109,train,eikonal,0.008499529212713242
52000,109,train,render,0.12598738074302673
52000,109,train,total,0.1268373280763626
52100,109,train,eikonal,0.007740766741335392
52100,109,train,render,0.12414240092039108
52100,109,train,total,0.12491647899150848
52200,109,train,eikonal,0.006203860510140657
52200,109,train,render,0.08744566142559052
52200,109,train,total,0.08806604892015457
52300,109,train,eikonal,0.007287492975592613
52300,109,train,render,0.09342314302921295
52300,109,train,total,0.09415189176797867
52400,109,train,eikonal,0.005994926206767559
52400,109,train,render,0.12660177052021027
52400,109,train,total,0.12720125913619995
52500,110,train,eikonal,0.006924860645085573
52500,110,train,render,0.10123203694820404
52500,110,train,total,0.10192452371120453
52600,110,train,eikonal,0.0052302246913313866
52600,110,train,render,0.099631167948246
52600,110,train,total,0.10015419125556946
52700,110,train,eikonal,0.007694739382714033
52700,110,train,render,0.12119440734386444
52700,110,train,total,0.12196388095617294
52800,110,train,eikonal,0.005747695453464985
52800,110,train,render,0.10094067454338074
52800,110,train,total,0.10151544213294983
52900,110,train,eikonal,0.006675027310848236
52900,110,train,render,0.12678256630897522
52900,110,train,total,0.12745006382465363
53000,111,train,eikonal,0.0065308259800076485
53000,111,train,render,0.11290404200553894
53000,111,train,total,0.1135571226477623
53100,111,train,eikonal,0.003941163420677185
53100,111,train,render,0.09669142216444016
53100,111,train,total,0.09708553552627563
53200,111,train,eikonal,0.007596597075462341
53200,111,train,render,0.11244730651378632
53200,111,train,total,0.11320696771144867
53300,111,train,eikonal,0.008039137348532677
53300,111,train,render,0.10439211130142212
53300,111,train,total,0.1051960214972496
53400,111,train,eikonal,0.0039773560129106045
53400,111,train,render,0.10687585920095444
53400,111,train,total,0.10727359354496002
53500,112,train,eikonal,0.006241145543754101
53500,112,train,render,0.10477399080991745
53500,112,train,total,0.10539810359477997
53600,112,train,eikonal,0.006880548782646656
53600,112,train,render,0.15639057755470276
53600,112,train,total,0.15707863867282867
53700,112,train,eikonal,0.0040894197300076485
53700,112,train,render,0.10108676552772522
53700,112,train,total,0.10149570554494858
53800,112,train,eikonal,0.00512299407273531
53800,112,train,render,0.15542782843112946
53800,112,train,total,0.15594013035297394
53900,112,train,eikonal,0.005947539582848549
53900,112,train,render,0.10145628452301025
53900,112,train,total,0.10205104202032089
54000,113,train,eikonal,0.003391517326235771
54000,113,train,render,0.09435172379016876
54000,113,train,total,0.09469087421894073
54100,113,train,eikonal,0.007587371859699488
54100,113,train,render,0.1260645091533661
54100,113,train,total,0.12682324647903442
54200,113,train,eikonal,0.006774517707526684
54200,113,train,render,0.12639689445495605
54200,113,train,total,0.12707434594631195
54300,113,train,eikonal,0.006020217668265104
54300,113,train,render,0.10061948001384735
54300,113,train,total,0.10122150182723999
54400,114,train,eikonal,0.008359719067811966
54400,114,train,render,0.1183704286813736
54400,114,train,total,0.11920639872550964
54500,114,train,eikonal,0.00566224567592144
54500,114,train,render,0.09726627171039581
54500,114,train,total,0.09783249348402023
54600,114,train,eikonal,0.007291091606020927
54600,114,train,render,0.11159670352935791
54600,114,train,total,0.11232580989599228
54700,114,train,eikonal,0.00712466798722744
54700,114,train,render,0.1198241114616394
54700,114,train,total,0.12053658068180084
54800,114,train,eikonal,0.005838652141392231
54800,114,train,render,0.10701200366020203
54800,114,train,total,0.10759586840867996
54900,115,train,eikonal,0.005520075559616089
54900,115,train,render,0.10432715713977814
54900,115,train,total,0.10487916320562363
55000,115,train,eikonal,0.005899539217352867
55000,115,train,render,0.09964607656002045
55000,115,train,total,0.10023602843284607
55100,115,train,eikonal,0.007469928823411465
55100,115,train,render,0.12847501039505005
55100,115,train,total,0.12922200560569763
55200,115,train,eikonal,0.008620254695415497
55200,115,train,render,0.1352241039276123
55200,115,train,total,0.1360861361026764
55300,115,train,eikonal,0.006506684236228466
55300,115,train,render,0.0979851484298706
55300,115,train,total,0.09863581508398056
55400,116,train,eikonal,0.004765794612467289
55400,116,train,render,0.09268255531787872
55400,116,train,total,0.09315913170576096
55500,116,train,eikonal,0.007066948339343071
55500,116,train,render,0.11450754851102829
55500,116,train,total,0.11521424353122711
55600,116,train,eikonal,0.006536315195262432
55600,116,train,render,0.11800332367420197
55600,116,train,total,0.1186569556593895
55700,116,train,eikonal,0.007130127400159836
55700,116,train,render,0.11032010614871979
55700,116,train,total,0.1110331192612648
55800,116,train,eikonal,0.008129006251692772
55800,116,train,render,0.14422839879989624
55800,116,train,total,0.1450413018465042
55900,117,train,eikonal,0.0060364073142409325
55900,117,train,render,0.10354853421449661
55900,117,train,total,0.10415217280387878
56000,117,train,eikonal,0.0053605493158102036
56000,117,train,render,0.08873039484024048
56000,117,train,total,0.08926644921302795
56100,117,train,eikonal,0.007668547332286835
56100,117,train,render,0.10405542701482773
56100,117,train,total,0.10482227802276611
56200,117,train,eikonal,0.00758845079690218
56200,117,train,render,0.10285209864377975
56200,117,train,total,0.10361094027757645
56300,118,train,eikonal,0.004308986943215132
56300,118,train,render,0.09198760241270065
56300,118,train,total,0.09241849929094315
56400,118,train,eikonal,0.005143982358276844
56400,118,train,render,0.10124503076076508
56400,118,train,total,0.1017594262957573
56500,118,train,eikonal,0.0065684206783771515
56500,118,train,render,0.09742526710033417
56500,118,train,total,0.09808211028575897
56600,118,train,eikonal,0.00616767443716526
56600,118,train,render,0.0912100076675415
56600,118,train,total,0.09182677417993546
56700,118,train,eikonal,0.008662733249366283
56700,118,train,render,0.112589992582798
56700,118,train,total,0.11345626413822174
56800,119,train,eikonal,0.0048729777336120605
56800,119,train,render,0.08804303407669067
56800,119,train,total,0.08853033185005188
56900,119,train,eikonal,0.007626566104590893
56900,119,train,render,0.10901066660881042
56900,119,train,total,0.10977332293987274
57000,119,train,eikonal,0.005877473391592503
57000,119,train,render,0.10659070312976837
57000,119,train,total,0.1071784496307373
57100,119,train,eikonal,0.0045682815834879875
57100,119,train,render,0.10098691284656525
57100,119,train,total,0.10144373774528503
57200,119,train,eikonal,0.006066709756851196
57200,119,train,render,0.09139343351125717
57200,119,train,total,0.09200010448694229
57300,120,train,eikonal,0.004197548143565655
57300,120,train,render,0.10863534361124039
57300,120,train,total,0.10905510187149048
57400,120,train,eikonal,0.008646905422210693
57400,120,train,render,0.11523137986660004
57400,120,train,total,0.11609607189893723
57500,120,train,eikonal,0.007862218655645847
57500,120,train,render,0.11502459645271301
57500,120,train,total,0.1158108189702034
57600,120,train,eikonal,0.004659101366996765
57600,120,train,render,0.0888717919588089
57600,120,train,total,0.08933769911527634
57700,120,train,eikonal,0.007281123660504818
57700,120,train,render,0.0936196818947792
57700,120,train,total,0.09434779733419418
57800,121,train,eikonal,0.007832689210772514
57800,121,train,render,0.10464569181203842
57800,121,train,total,0.10542896389961243
57900,121,train,eikonal,0.005899435840547085
57900,121,train,render,0.09626264870166779
57900,121,train,total,0.09685259312391281
58000,121,train,eikonal,0.009284064173698425
58000,121,train,render,0.10908132791519165
58000,121,train,total,0.11000973731279373
58100,121,train,eikonal,0.005943962838500738
58100,121,train,render,0.10193013399839401
58100,121,train,total,0.102524533867836
58200,122,train,eikonal,0.009670495055615902
58200,122,train,render,0.13426312804222107
58200,122,train,total,0.1352301836013794
58300,122,train,eikonal,0.0076520382426679134
58300,122,train,render,0.1004401445388794
58300,122,train,total,0.10120534896850586
58400,122,train,eikonal,0.006333822384476662
58400,122,train,render,0.09222670644521713
58400,122,train,total,0.09286008775234222
58500,122,train,eikonal,0.008404592983424664
58500,122,train,render,0.13332831859588623
58500,122,train,total,0.13416877388954163
58600,122,train,eikonal,0.00670319888740778
58600,122,train,render,0.12477187067270279
58600,122,train,total,0.12544219195842743
58700,123,train,eikonal,0.005310107953846455
58700,123,train,render,0.09669584780931473
58700,123,train,total,0.09722685813903809
58800,123,train,eikonal,0.006222181022167206
58800,123,train,render,0.10641887784004211
58800,123,train,total,0.10704109817743301
58900,123,train,eikonal,0.005332621745765209
58900,123,train,render,0.09767898917198181
58900,123,train,total,0.09821224957704544
59000,123,train,eikonal,0.007768397685140371
59000,123,train,render,0.13236579298973083
59000,123,train,total,0.1331426352262497
59100,123,train,eikonal,0.007992825470864773
59100,123,train,render,0.1291591227054596
59100,123,train,total,0.1299584060907364
59200,124,train,eikonal,0.007854287512600422
59200,124,train,render,0.11051943898200989
59200,124,train,total,0.1113048642873764
59300,124,train,eikonal,0.00728128245100379
59300,124,train,render,0.11926545202732086
59300,124,train,total,0.11999358236789703
59400,124,train,eikonal,0.006810166873037815
59400,124,train,render,0.11676064878702164
59400,124,train,total,0.11744166910648346
59500,124,train,eikonal,0.007198960520327091
59500,124,train,render,0.09941837936639786
59500,124,train,total,0.10013827681541443
59600,124,train,eikonal,0.008431792259216309
59600,124,train,render,0.11647607386112213
59600,124,train,total,0.117319256067276
59700,125,train,eikonal,0.0038762695621699095
59700,125,train,render,0.13712605834007263
59700,125,train,total,0.1375136822462082
59800,125,train,eikonal,0.005796435289084911
59800,125,train,render,0.09545838832855225
59800,125,train,total,0.09603802859783173
59900,125,train,eikonal,0.007415834814310074
59900,125,train,render,0.10204730182886124
59900,125,train,total,0.10278888791799545
60000,125,train,eikonal,0.0063672615215182304
60000,125,train,render,0.10074272751808167
60000,125,train,total,0.10137945413589478
60100,125,train,eikonal,0.009700171649456024
60100,125,train,render,0.10354945063591003
60100,125,train,total,0.10451947152614594
60200,126,train,eikonal,0.007605466991662979
60200,126,train,render,0.09983260929584503
60200,126,train,total,0.10059315711259842
60300,126,train,eikonal,0.009736800566315651
60300,126,train,render,0.1369503140449524
60300,126,train,total,0.13792400062084198
60400,126,train,eikonal,0.00983708631247282
60400,126,train,render,0.11827234923839569
60400,126,train,total,0.11925605684518814
60500,126,train,eikonal,0.00817620288580656
60500,126,train,render,0.09686648100614548
60500,126,train,total,0.0976841002702713
60600,127,train,eikonal,0.009037712588906288
60600,127,train,render,0.1143663078546524
60600,127,train,total,0.11527007818222046
60700,127,train,eikonal,0.008206609636545181
60700,127,train,render,0.1062471941113472
60700,127,train,total,0.10706785321235657
60800,127,train,eikonal,0.005208146758377552
60800,127,train,render,0.10370311886072159
60800,127,train,total,0.10422393679618835
60900,127,train,eikonal,0.008289824239909649
60900,127,train,render,0.09428127855062485
60900,127,train,total,0.09511025995016098
61000,127,train,eikonal,0.010211634449660778
61000,127,train,render,0.0949607640504837
61000,127,train,total,0.09598192572593689
61100,128,train,eikonal,0.007691915147006512
61100,128,train,render,0.09294603765010834
61100,128,train,total,0.09371522814035416
61200,128,train,eikonal,0.008329978212714195
61200,128,train,render,0.10067148506641388
61200,128,train,total,0.10150448232889175
61300,128,train,eikonal,0.006952641066163778
61300,128,train,render,0.09058869630098343
61300,128,train,total,0.09128396213054657
61400,128,train,eikonal,0.010249429382383823
61400,128,train,render,0.10601017624139786
61400,128,train,total,0.10703512281179428
61500,128,train,eikonal,0.006078368052840233
61500,128,train,render,0.08963635563850403
61500,128,train,total,0.09024418890476227
61600,129,train,eikonal,0.00644170306622982
61600,129,train,render,0.0939544066786766
61600,129,train,total,0.09459857642650604
61700,129,train,eikonal,0.008631434291601181
61700,129,train,render,0.10577577352523804
61700,129,train,total,0.10663891583681107
61800,129,train,eikonal,0.007950056344270706
61800,129,train,render,0.122165247797966
61800,129,train,total,0.12296025454998016
61900,129,train,eikonal,0.008575405925512314
61900,129,train,render,0.09968351572751999
61900,129,train,total,0.10054105520248413
62000,129,train,eikonal,0.00659811869263649
62000,129,train,render,0.09234265983104706
62000,129,train,total,0.09300246834754944
62100,130,train,eikonal,0.008802136406302452
62100,130,train,render,0.097010537981987
62100,130,train,total,0.09789074957370758
62200,130,train,eikonal,0.00672165909782052
62200,130,train,render,0.09973595291376114
62200,130,train,total,0.10040812194347382
62300,130,train,eikonal,0.008310423232614994
62300,130,train,render,0.09599650651216507
62300,130,train,total,0.09682755172252655
62400,130,train,eikonal,0.009361627511680126
62400,130,train,render,0.11063484847545624
62400,130,train,total,0.11157101392745972
62500,131,train,eikonal,0.00778925372287631
62500,131,train,render,0.09272268414497375
62500,131,train,total,0.09350161254405975
62600,131,train,eikonal,0.007450698874890804
62600,131,train,render,0.10121950507164001
62600,131,train,total,0.10196457803249359
62700,131,train,eikonal,0.007949469611048698
62700,131,train,render,0.09125971794128418
62700,131,train,total,0.09205466508865356
62800,131,train,eikonal,0.0071468111127614975
62800,131,train,render,0.10221469402313232
62800,131,train,total,0.10292937606573105
62900,131,train,eikonal,0.0074554430320858955
62900,131,train,render,0.08416138589382172
62900,131,train,total,0.0849069282412529
63000,132,train,eikonal,0.007111448794603348
63000,132,train,render,0.12346997112035751
63000,132,train,total,0.1241811141371727
63100,132,train,eikonal,0.010483025573194027
63100,132,train,render,0.1362135261297226
63100,132,train,total,0.13726182281970978
63200,132,train,eikonal,0.00729946605861187
63200,132,train,render,0.12360057234764099
63200,132,train,total,0.12433052062988281
63300,132,train,eikonal,0.005021698772907257
63300,132,train,render,0.09088225662708282
63300,132,train,total,0.09138442575931549
63400,132,train,eikonal,0.009256914258003235
63400,132,train,render,0.09181167185306549
63400,132,train,total,0.0927373617887497
63500,133,train,eikonal,0.007629666477441788
63500,133,train,render,0.10478906333446503
63500,133,train,total,0.10555203258991241
63600,133,train,eikonal,0.00771363964304328
63600,133,train,render,0.11384785920381546
63600,133,train,total,0.11461922526359558
63700,133,train,eikonal,0.007177426014095545
63700,133,train,render,0.10159023106098175
63700,133,train,total,0.10230797529220581
63800,133,train,eikonal,0.00980429258197546
63800,133,train,render,0.10757625102996826
63800,133,train,total,0.10855668038129807
63900,133,train,eikonal,0.009646193124353886
63900,133,train,render,0.1111932322382927
63900,133,train,total,0.11215785145759583
64000,134,train,eikonal,0.004328134469687939
64000,134,train,render,0.0849873274564743
64000,134,train,total,0.0854201391339302
64100,134,train,eikonal,0.008061346597969532
64100,134,train,render,0.11098714917898178
64100,134,train,total,0.11179328709840775
64200,134,train,eikonal,0.008327886462211609
64200,134,train,render,0.11139184981584549
64200,134,train,total,0.11222463846206665
64300,134,train,eikonal,0.008361591026186943
64300,134,train,render,0.08804446458816528
64300,134,train,total,0.08888062089681625
64400,135,train,eikonal,0.008135108277201653
64400,135,train,render,0.10178442299365997
64400,135,train,total,0.10259793698787689
64500,135,train,eikonal,0.008215922862291336
64500,135,train,render,0.10349063575267792
64500,135,train,total,0.1043122261762619
64600,135,train,eikonal,0.006045494228601456
64600,135,train,render,0.0874999612569809
64600,135,train,total,0.08810450881719589
64700,135,train,eikonal,0.006291447207331657
64700,135,train,render,0.09006626904010773
64700,135,train,total,0.09069541096687317
64800,135,train,eikonal,0.00823906622827053
64800,135,train,render,0.10553771257400513
64800,135,train,total,0.10636162012815475
64900,136,train,eikonal,0.008489379659295082
64900,136,train,render,0.11415480077266693
64900,136,train,total,0.11500374227762222
65000,136,train,eikonal,0.005452419631183147
65000,136,train,render,0.09459755569696426
65000,136,train,total,0.09514279663562775
65100,136,train,eikonal,0.007997266948223114
65100,136,train,render,0.09396103024482727
65100,136,train,total,0.09476076066493988
65200,136,train,eikonal,0.007012880407273769
65200,136,train,render,0.11395961791276932
65200,136,train,total,0.11466090381145477
65300,136,train,eikonal,0.007704060059040785
65300,136,train,render,0.09572026133537292
65300,136,train,total,0.09649066627025604
65400,137,train,eikonal,0.008798433467745781
65400,137,train,render,0.0925983190536499
65400,137,train,total,0.09347816556692123
65500,137,train,eikonal,0.01101626642048359
65500,137,train,render,0.10636983811855316
65500,137,train,total,0.10747146606445312
65600,137,train,eikonal,0.004895268939435482
65600,137,train,render,0.0805155485868454
65600,137,train,total,0.08100507408380508
65700,137,train,eikonal,0.006236723158508539
65700,137,train,render,0.09441914409399033
65700,137,train,total,0.09504281729459763
65800,137,train,eikonal,0.008668120950460434
65800,137,train,render,0.09933243691921234
65800,137,train,total,0.10019925236701965
65900,138,train,eikonal,0.009839298203587532
65900,138,train,render,0.0926172137260437
65900,138,train,total,0.09360114485025406
66000,138,train,eikonal,0.006398813799023628
66000,138,train,render,0.09215115755796432
66000,138,train,total,0.09279103577136993
66100,138,train,eikonal,0.009062213823199272
66100,138,train,render,0.09076628088951111
66100,138,train,total,0.09167250245809555
66200,138,train,eikonal,0.00797682348638773
66200,138,train,render,0.09801806509494781
66200,138,train,total,0.09881574660539627
66300,138,train,eikonal,0.00776471896097064
66300,138,train,render,0.09789915382862091
66300,138,train,total,0.09867562353610992
66400,139,train,eikonal,0.007957552559673786
66400,139,train,render,0.0949784517288208
66400,139,train,total,0.09577420353889465
66500,139,train,eikonal,0.006073116324841976
66500,139,train,render,0.08234764635562897
66500,139,train,total,0.08295495808124542
66600,139,train,eikonal,0.006715781986713409
66600,139,train,render,0.09364094585180283
66600,139,train,total,0.09431252628564835
66700,139,train,eikonal,0.011582929641008377
66700,139,train,render,0.12359333038330078
66700,139,train,total,0.12475161999464035
66800,140,train,eikonal,0.009300773963332176
66800,140,train,render,0.09997282922267914
66800,140,train,total,0.10090290755033493
66900,140,train,eikonal,0.008482705801725388
66900,140,train,render,0.0944887027144432
66900,140,train,total,0.09533697366714478
67000,140,train,eikonal,0.00843268632888794
67000,140,train,render,0.11481627821922302
67000,140,train,total,0.11565954983234406
67100,140,train,eikonal,0.0056270454078912735
67100,140,train,render,0.1030799075961113
67100,140,train,total,0.10364261269569397
67200,140,train,eikonal,0.008013790473341942
67200,140,train,render,0.08746407926082611
67200,140,train,total,0.08826545625925064
67300,141,train,eikonal,0.009804639965295792
67300,141,train,render,0.10169302672147751
67300,141,train,total,0.1026734933257103
67400,141,train,eikonal,0.009419476613402367
67400,141,train,render,0.08927300572395325
67400,141,train,total,0.09021495282649994
67500,141,train,eikonal,0.008799022063612938
67500,141,train,render,0.0941418930888176
67500,141,train,total,0.0950217917561531
67600,141,train,eikonal,0.00894113164395094
67600,141,train,render,0.10993916541337967
67600,141,train,total,0.11083327978849411
67700,141,train,eikonal,0.0070850127376616
67700,141,train,render,0.08656322956085205
67700,141,train,total,0.08727172762155533
67800,142,train,eikonal,0.011973340064287186
67800,142,train,render,0.13545897603034973
67800,142,train,total,0.13665631413459778
67900,142,train,eikonal,0.009031713008880615
67900,142,train,render,0.0975978821516037
67900,142,train,total,0.098501056432724
68000,142,train,eikonal,0.009865246713161469
68000,142,train,render,0.09275375306606293
68000,142,train,total,0.09374027699232101
68100,142,train,eikonal,0.008793888613581657
68100,142,train,render,0.08735522627830505
68100,142,train,total,0.08823461830615997
68200,142,train,eikonal,0.007818495854735374
68200,142,train,render,0.09482437372207642
68200,142,train,total,0.09560622274875641
68300,143,train,eikonal,0.00800325721502304
68300,143,train,render,0.09726885706186295
68300,143,train,total,0.09806918352842331
68400,143,train,eikonal,0.008403241634368896
68400,143,train,render,0.09927444159984589
68400,143,train,total,0.10011476278305054
68500,143,train,eikonal,0.006441459059715271
68500,143,train,render,0.09411140531301498
68500,143,train,total,0.09475555270910263
68600,143,train,eikonal,0.004994945600628853
68600,143,train,render,0.08491294831037521
68600,143,train,total,0.08541244268417358
68700,144,train,eikonal,0.005477347411215305
68700,144,train,render,0.08654177188873291
68700,144,train,total,0.08708950877189636
68800,144,train,eikonal,0.007154050748795271
68800,144,train,render,0.08517690002918243
68800,144,train,total,0.08589230477809906
68900,144,train,eikonal,0.005862277001142502
68900,144,train,render,0.09218666702508926
68900,144,train,total,0.09277289360761642
69000,144,train,eikonal,0.008855152875185013
69000,144,train,render,0.09818872809410095
69000,144,train,total,0.09907424449920654
69100,144,train,eikonal,0.006200435571372509
69100,144,train,render,0.09266398847103119
69100,144,train,total,0.09328403323888779
69200,145,train,eikonal,0.009289372712373734
69200,145,train,render,0.11017711460590363
69200,145,train,total,0.11110605299472809
69300,145,train,eikonal,0.008354000747203827
69300,145,train,render,0.09992348402738571
69300,145,train,total,0.1007588803768158
69400,145,train,eikonal,0.010018670931458473
69400,145,train,render,0.13898542523384094
69400,145,train,total,0.1399872899055481
69500,145,train,eikonal,0.005832314491271973
69500,145,train,render,0.09388530254364014
69500,145,train,total,0.09446853399276733
69600,145,train,eikonal,0.008261187933385372
69600,145,train,render,0.09749926626682281
69600,145,train,total,0.09832538664340973
69700,146,train,eikonal,0.008433516137301922
69700,146,train,render,0.09517982602119446
69700,146,train,total,0.09602317959070206
69800,146,train,eikonal,0.006967328488826752
69800,146,train,render,0.0774911493062973
69800,146,train,total,0.07818788290023804
69900,146,train,eikonal,0.009230497293174267
69900,146,train,render,0.0919346958398819
69900,146,train,total,0.09285774827003479
70000,146,train,eikonal,0.010827071964740753
70000,146,train,render,0.12394823133945465
70000,146,train,total,0.12503093481063843
70100,146,train,eikonal,0.010432388633489609
70100,146,train,render,0.09885026514530182
70100,146,train,total,0.09989350289106369
70200,147,train,eikonal,0.009709951467812061
70200,147,train,render,0.08898010849952698
70200,147,train,total,0.08995110541582108
70300,147,train,eikonal,0.010947490110993385
70300,147,train,render,0.13133645057678223
70300,147,train,total,0.13243119418621063
70400,147,train,eikonal,0.01400783658027649
70400,147,train,render,0.10248396545648575
70400,147,train,total,0.1038847491145134
70500,147,train,eikonal,0.012483915314078331
70500,147,train,render,0.10418224334716797
70500,147,train,total,0.10543063282966614
70600,148,train,eikonal,0.009818368591368198
70600,148,train,render,0.08972731232643127
70600,148,train,total,0.0907091498374939
70700,148,train,eikonal,0.006938902661204338
70700,148,train,render,0.07937932014465332
70700,148,train,total,0.08007320761680603
70800,148,train,eikonal,0.012549500912427902
70800,148,train,render,0.09594778716564178
70800,148,train,total,0.09720274060964584
70900,148,train,eikonal,0.01229965128004551
70900,148,train,render,0.09937132894992828
70900,148,train,total,0.10060129314661026
71000,148,train,eikonal,0.007365033496171236
71000,148,train,render,0.08312350511550903
71000,148,train,total,0.08386000990867615
71100,149,train,eikonal,0.00987418182194233
71100,149,train,render,0.08875055611133575
71100,149,train,total,0.08973797410726547
71200,149,train,eikonal,0.006537256762385368
71200,149,train,render,0.09100355207920074
71200,149,train,total,0.09165728092193604
71300,149,train,eikonal,0.010830778628587723
71300,149,train,render,0.08974258601665497
71300,149,train,total,0.09082566201686859
71400,149,train,eikonal,0.013098078779876232
71400,149,train,render,0.12872418761253357
71400,149,train,total,0.13003399968147278
71500,149,train,eikonal,0.008838624693453312
71500,149,train,render,0.08811509609222412
71500,149,train,total,0.0889989584684372
71600,150,train,eikonal,0.012691022828221321
71600,150,train,render,0.11982549726963043
71600,150,train,total,0.12109459936618805
71700,150,train,eikonal,0.010979404672980309
71700,150,train,render,0.17200011014938354
71700,150,train,total,0.17309805750846863
71800,150,train,eikonal,0.006264010444283485
71800,150,train,render,0.08976508677005768
71800,150,train,total,0.09039148688316345
71900,150,train,eikonal,0.012529704719781876
71900,150,train,render,0.09134477376937866
71900,150,train,total,0.09259774535894394
72000,150,train,eikonal,0.008673910051584244
72000,150,train,render,0.09153847396373749
72000,150,train,total,0.09240586310625076
72100,151,train,eikonal,0.009326068684458733
72100,151,train,render,0.09992809593677521
72100,151,train,total,0.10086070001125336
72200,151,train,eikonal,0.006659846752882004
72200,151,train,render,0.08814038336277008
72200,151,train,total,0.08880636841058731
72300,151,train,eikonal,0.009754546917974949
72300,151,train,render,0.09041355550289154
72300,151,train,total,0.0913890078663826
72400,151,train,eikonal,0.010432006791234016
72400,151,train,render,0.11238770186901093
72400,151,train,total,0.11343090236186981
72500,151,train,eikonal,0.00871715135872364
72500,151,train,render,0.09923677146434784
72500,151,train,total,0.10010848939418793
72600,152,train,eikonal,0.007365741301327944
72600,152,train,render,0.10313717275857925
72600,152,train,total,0.10387374460697174
72700,152,train,eikonal,0.008255645632743835
72700,152,train,render,0.11085645854473114
72700,152,train,total,0.11168202012777328
72800,152,train,eikonal,0.011470125056803226
72800,152,train,render,0.11095325648784637
72800,152,train,total,0.1121002659201622
72900,152,train,eikonal,0.00968720018863678
72900,152,train,render,0.09252167493104935
72900,152,train,total,0.09349039196968079
73000,153,train,eikonal,0.011833318509161472
73000,153,train,render,0.09606553614139557
73000,153,train,total,0.0972488671541214
73100,153,train,eikonal,0.010060101747512817
73100,153,train,render,0.09779917448759079
73100,153,train,total,0.09880518168210983
73200,153,train,eikonal,0.009472997859120369
73200,153,train,render,0.09898105263710022
73200,153,train,total,0.0999283492565155
73300,153,train,eikonal,0.007543585263192654
73300,153,train,render,0.09566512703895569
73300,153,train,total,0.09641948342323303
73400,153,train,eikonal,0.008031461387872696
73400,153,train,render,0.08887238800525665
73400,153,train,total,0.08967553079128265
73500,154,train,eikonal,0.009503871202468872
73500,154,train,render,0.0853552371263504
73500,154,train,total,0.08630562573671341
73600,154,train,eikonal,0.00948479026556015
73600,154,train,render,0.09203743189573288
73600,154,train,total,0.09298591315746307
73700,154,train,eikonal,0.009523682296276093
73700,154,train,render,0.09980323165655136
73700,154,train,total,0.10075560212135315
73800,154,train,eikonal,0.01035915408283472
73800,154,train,render,0.09082566201686859
73800,154,train,total,0.09186157584190369
73900,154,train,eikonal,0.012620036490261555
73900,154,train,render,0.11389024555683136
73900,154,train,total,0.11515224725008011
74000,155,train,eikonal,0.00971330888569355
74000,155,train,render,0.09106235206127167
74000,155,train,total,0.09203368425369263
74100,155,train,eikonal,0.009279843419790268
74100,155,train,render,0.10713151842355728
74100,155,train,total,0.10805950313806534
74200,155,train,eikonal,0.010115709155797958
74200,155,train,render,0.10266508162021637
74200,155,train,total,0.10367665439844131
74300,155,train,eikonal,0.010047757998108864
74300,155,train,render,0.10910232365131378
74300,155,train,total,0.11010710150003433
74400,155,train,eikonal,0.01087628211826086
74400,155,train,render,0.08665184676647186
74400,155,train,total,0.0877394750714302
74500,156,train,eikonal,0.00967605784535408
74500,156,train,render,0.10198427736759186
74500,156,train,total,0.10295188426971436
74600,156,train,eikonal,0.009915967471897602
74600,156,train,render,0.08366936445236206
74600,156,train,total,0.08466096222400665
74700,156,train,eikonal,0.005574538838118315
74700,156,train,render,0.07541767507791519
74700,156,train,total,0.07597512751817703
74800,156,train,eikonal,0.008527668192982674
74800,156,train,render,0.08815014362335205
74800,156,train,total,0.08900290727615356
74900,157,train,eikonal,0.009748447686433792
74900,157,train,render,0.11361698806285858
74900,157,train,total,0.11459182947874069
75000,157,train,eikonal,0.00914350338280201
75000,157,train,render,0.09217499196529388
75000,157,train,total,0.09308934211730957
75100,157,train,eikonal,0.007675178349018097
75100,157,train,render,0.07919953763484955
75100,157,train,total,0.07996705174446106
75200,157,train,eikonal,0.015970511361956596
75200,157,train,render,0.0886862576007843
75200,157,train,total,0.09028331190347672
75300,157,train,eikonal,0.011224974878132343
75300,157,train,render,0.08560626208782196
75300,157,train,total,0.08672875910997391
75400,158,train,eikonal,0.009247632697224617
75400,158,train,render,0.08402606844902039
75400,158,train,total,0.08495083451271057
75500,158,train,eikonal,0.015492008067667484
75500,158,train,render,0.11686123162508011
75500,158,train,total,0.11841043084859848
75600,158,train,eikonal,0.012415803037583828
75600,158,train,render,0.08605068922042847
75600,158,train,total,0.08729226887226105
75700,158,train,eikonal,0.007101231254637241
75700,158,train,render,0.08213312923908234
75700,158,train,total,0.08284325152635574
75800,158,train,eikonal,0.011546548455953598
75800,158,train,render,0.09631319344043732
75800,158,train,total,0.09746784716844559
75900,159,train,eikonal,0.015559826046228409
75900,159,train,render,0.11698736250400543
75900,159,train,total,0.118543341755867
76000,159,train,eikonal,0.016077645123004913
76000,159,train,render,0.09115193784236908
76000,159,train,total,0.09275969862937927
76100,159,train,eikonal,0.01607387140393257
76100,159,train,render,0.1180046796798706
76100,159,train,total,0.11961206793785095
76200,159,train,eikonal,0.015069374814629555
76200,159,train,render,0.09932935237884521
76200,159,train,total,0.10083629190921783
76300,159,train,eikonal,0.013963580131530762
76300,159,train,render,0.0909227728843689
76300,159,train,total,0.09231913089752197
76400,160,train,eikonal,0.015215561725199223
76400,160,train,render,0.09338927268981934
76400,160,train,total,0.09491083025932312
76500,160,train,eikonal,0.014897721819579601
76500,160,train,render,0.10434944927692413
76500,160,train,total,0.10583922266960144
76600,160,train,eikonal,0.015325624495744705
76600,160,train,render,0.09563674032688141
76600,160,train,total,0.09716930240392685
76700,160,train,eikonal,0.016501691192388535
76700,160,train,render,0.11377700418233871
76700,160,train,total,0.1154271736741066
76800,161,train,eikonal,0.015438081696629524
76800,161,train,render,0.09066592156887054
76800,161,train,total,0.09220972657203674
76900,161,train,eikonal,0.012765584513545036
76900,161,train,render,0.09361317753791809
76900,161,train,total,0.09488973766565323
77000,161,train,eikonal,0.01245790533721447
77000,161,train,render,0.08248163014650345
77000,161,train,total,0.08372741937637329
77100,161,train,eikonal,0.013703438453376293
77100,161,train,render,0.0932023674249649
77100,161,train,total,0.09457270801067352
77200,161,train,eikonal,0.012102638371288776
77200,161,train,render,0.09547848999500275
77200,161,train,total,0.09668875485658646
77300,162,train,eikonal,0.013487253338098526
77300,162,train,render,0.10423018038272858
77300,162,train,total,0.10557890683412552
77400,162,train,eikonal,0.01648990623652935
77400,162,train,render,0.11494162678718567
77400,162,train,total,0.11659061908721924
77500,162,train,eikonal,0.01019621267914772
77500,162,train,render,0.09330454468727112
77500,162,train,total,0.09432416409254074
77600,162,train,eikonal,0.0135490782558918
77600,162,train,render,0.09075349569320679
77600,162,train,total,0.09210840612649918
77700,162,train,eikonal,0.00701089296489954
77700,162,train,render,0.08361172676086426
77700,162,train,total,0.0843128189444542
77800,163,train,eikonal,0.016873858869075775
77800,163,train,render,0.09865526854991913
77800,163,train,total,0.10034265369176865
77900,163,train,eikonal,0.011826153844594955
77900,163,train,render,0.09239134192466736
77900,163,train,total,0.09357395768165588
78000,163,train,eikonal,0.012979086488485336
78000,163,train,render,0.09995446354150772
78000,163,train,total,0.10125236958265305
78100,163,train,eikonal,0.011074993759393692
78100,163,train,render,0.08914271742105484
78100,163,train,total,0.09025021642446518
78200,163,train,eikonal,0.00943760760128498
78200,163,train,render,0.0794951543211937
78200,163,train,total,0.08043891191482544
78300,164,train,eikonal,0.00822063721716404
78300,164,train,render,0.09046825766563416
78300,164,train,total,0.09129032492637634
78400,164,train,eikonal,0.009860769845545292
78400,164,train,render,0.08619000762701035
78400,164,train,total,0.08717608451843262
78500,164,train,eikonal,0.01202304009348154
78500,164,train,render,0.08046653121709824
78500,164,train,total,0.08166883885860443
78600,164,train,eikonal,0.013431938365101814
78600,164,train,render,0.09027908742427826
78600,164,train,total,0.09162227809429169
78700,164,train,eikonal,0.011688925325870514
78700,164,train,render,0.09649999439716339
78700,164,train,total,0.09766888618469238
78800,165,train,eikonal,0.014141257852315903
78800,165,train,render,0.1097773015499115
78800,165,train,total,0.11119142919778824
78900,165,train,eikonal,0.013593651354312897
78900,165,train,render,0.1081681028008461
78900,165,train,total,0.10952746868133545
79000,165,train,eikonal,0.014689913019537926
79000,165,train,render,0.10726473480463028
79000,165,train,total,0.10873372852802277
79100,165,train,eikonal,0.009851878508925438
79100,165,train,render,0.09140533953905106
79100,165,train,total,0.0923905298113823
79200,166,train,eikonal,0.007355409674346447
79200,166,train,render,0.08127640187740326
79200,166,train,total,0.08201194554567337
79300,166,train,eikonal,0.01560622826218605
79300,166,train,render,0.12189039587974548
79300,166,train,total,0.12345101684331894
79400,166,train,eikonal,0.013702649623155594
79400,166,train,render,0.10210020840167999
79400,166,train,total,0.10347047448158264
79500,166,train,eikonal,0.013075871393084526
79500,166,train,render,0.0937710851430893
79500,166,train,total,0.09507866948843002
79600,166,train,eikonal,0.013060315512120724
79600,166,train,render,0.08846674859523773
79600,166,train,total,0.0897727832198143
79700,167,train,eikonal,0.012225989252328873
79700,167,train,render,0.09878483414649963
79700,167,train,total,0.10000742971897125
79800,167,train,eikonal,0.011288712732493877
79800,167,train,render,0.09201112389564514
79800,167,train,total,0.09313999861478806
79900,167,train,eikonal,0.012311030179262161
79900,167,train,render,0.08743371069431305
79900,167,train,total,0.08866481482982635
80000,167,train,eikonal,0.011920436285436153
80000,167,train,render,0.10561897605657578
80000,167,train,total,0.10681101679801941
80100,167,train,eikonal,0.016811516135931015
80100,167,train,render,0.09420329332351685
80100,167,train,total,0.09588444232940674
80200,168,train,eikonal,0.020969640463590622
80200,168,train,render,0.09130437672138214
80200,168,train,total,0.09340134263038635
80300,168,train,eikonal,0.01571139320731163
80300,168,train,render,0.0973718911409378
80300,168,train,total,0.09894303232431412
80400,168,train,eikonal,0.017133187502622604
80400,168,train,render,0.08329472690820694
80400,168,train,total,0.08500804752111435
80500,168,train,eikonal,0.014683444052934647
80500,168,train,render,0.07336791604757309
80500,168,train,total,0.07483626157045364
80600,168,train,eikonal,0.01738141104578972
80600,168,train,render,0.1110156923532486
80600,168,train,total,0.11275383085012436
80700,169,train,eikonal,0.012552937492728233
80700,169,train,render,0.07608790695667267
80700,169,train,total,0.07734320312738419
80800,169,train,eikonal,0.01770567148923874
80800,169,train,render,0.1066134124994278
80800,169,train,total,0.10838398337364197
80900,169,train,eikonal,0.015743914991617203
80900,169,train,render,0.09064853191375732
80900,169,train,total,0.0922229215502739
81000,169,train,eikonal,0.01449090801179409
81000,169,train,render,0.09410278499126434
81000,169,train,total,0.09555187821388245
81100,170,train,eikonal,0.017429500818252563
81100,170,train,render,0.09930684417486191
81100,170,train,total,0.10104979574680328
81200,170,train,eikonal,0.016361406072974205
81200,170,train,render,0.08016586303710938
81200,170,train,total,0.08180200308561325
81300,170,train,eikonal,0.013974499888718128
81300,170,train,render,0.08919225633144379
81300,170,train,total,0.09058970957994461
81400,170,train,eikonal,0.014168367721140385
81400,170,train,render,0.10545836389064789
81400,170,train,total,0.10687520354986191
81500,170,train,eikonal,0.012665574438869953
81500,170,train,render,0.09431017935276031
81500,170,train,total,0.09557673335075378
81600,171,train,eikonal,0.013593334704637527
81600,171,train,render,0.08040647208690643
81600,171,train,total,0.0817658081650734
81700,171,train,eikonal,0.019058827310800552
81700,171,train,render,0.11001820862293243
81700,171,train,total,0.11192408949136734
81800,171,train,eikonal,0.013991495594382286
81800,171,train,render,0.08993624150753021
81800,171,train,total,0.09133539348840714
81900,171,train,eikonal,0.01417511235922575
81900,171,train,render,0.08949560672044754
81900,171,train,total,0.09091311693191528
82000,171,train,eikonal,0.011291751638054848
82000,171,train,render,0.09213089942932129
82000,171,train,total,0.09326007217168808
82100,172,train,eikonal,0.010652204975485802
82100,172,train,render,0.08305054903030396
82100,172,train,total,0.08411576598882675
82200,172,train,eikonal,0.014755313284695148
82200,172,train,render,0.08865366876125336
82200,172,train,total,0.09012919664382935
82300,172,train,eikonal,0.012448093853890896
82300,172,train,render,0.09555568546056747
82300,172,train,total,0.09680049121379852
82400,172,train,eikonal,0.0103888139128685
82400,172,train,render,0.08838190883398056
82400,172,train,total,0.08942078799009323
82500,172,train,eikonal,0.01866818591952324
82500,172,train,render,0.11571436375379562
82500,172,train,total,0.11758118122816086
82600,173,train,eikonal,0.017996415495872498
82600,173,train,render,0.0908639132976532
82600,173,train,total,0.09266355633735657
82700,173,train,eikonal,0.015853920951485634
82700,173,train,render,0.09556025266647339
82700,173,train,total,0.09714564681053162
82800,173,train,eikonal,0.010280264541506767
82800,173,train,render,0.07806000113487244
82800,173,train,total,0.07908802479505539
82900,173,train,eikonal,0.023056551814079285
82900,173,train,render,0.09304206073284149
82900,173,train,total,0.09534771740436554
83000,174,train,eikonal,0.011625921353697777
83000,174,train,render,0.10052056610584259
83000,174,train,total,0.10168315470218658
83100,174,train,eikonal,0.016410473734140396
83100,174,train,render,0.09665221720933914
83100,174,train,total,0.09829326719045639
83200,174,train,eikonal,0.01814591884613037
83200,174,train,render,0.07986220717430115
83200,174,train,total,0.08167679607868195
83300,174,train,eikonal,0.005905827507376671
83300,174,train,render,0.06662003695964813
83300,174,train,total,0.0672106221318245
83400,174,train,eikonal,0.014800336211919785
83400,174,train,render,0.08771903812885284
83400,174,train,total,0.08919907361268997
83500,175,train,eikonal,0.015382785350084305
83500,175,train,render,0.11476162075996399
83500,175,train,total,0.11629989743232727
83600,175,train,eikonal,0.014074617065489292
83600,175,train,render,0.11713365465402603
83600,175,train,total,0.11854111403226852
83700,175,train,eikonal,0.014040419831871986
83700,175,train,render,0.079790398478508
83700,175,train,total,0.0811944380402565
83800,175,train,eikonal,0.01694433018565178
83800,175,train,render,0.09214410930871964
83800,175,train,total,0.09383854269981384
83900,175,train,eikonal,0.01668715476989746
83900,175,train,render,0.09679678827524185
83900,175,train,total,0.09846550226211548
84000,176,train,eikonal,0.014295527711510658
84000,176,train,render,0.11220084875822067
84000,176,train,total,0.11363039910793304
84100,176,train,eikonal,0.01449277438223362
84100,176,train,render,0.08995173871517181
84100,176,train,total,0.09140101820230484
84200,176,train,eikonal,0.019419582560658455
84200,176,train,render,0.10573583096265793
84200,176,train,total,0.10767778754234314
84300,176,train,eikonal,0.010518819093704224
84300,176,train,render,0.09144101291894913
84300,176,train,total,0.09249289333820343
84400,176,train,eikonal,0.01614665612578392
84400,176,train,render,0.09810275584459305
84400,176,train,total,0.09971742331981659
84500,177,train,eikonal,0.014240235090255737
84500,177,train,render,0.08521653711795807
84500,177,train,total,0.08664055913686752
84600,177,train,eikonal,0.012638906016945839
84600,177,train,render,0.08904458582401276
84600,177,train,total,0.09030847996473312
84700,177,train,eikonal,0.0165511816740036
84700,177,train,render,0.08986248075962067
84700,177,train,total,0.09151759743690491
84800,177,train,eikonal,0.015510582365095615
84800,177,train,render,0.08232986181974411
84800,177,train,total,0.08388092368841171
84900,177,train,eikonal,0.017316795885562897
84900,177,train,render,0.08962487429380417
84900,177,train,total,0.0913565531373024
85000,178,train,eikonal,0.014719478785991669
85000,178,train,render,0.08385205268859863
85000,178,train,total,0.0853240042924881
85100,178,train,eikonal,0.026100564748048782
85100,178,train,render,0.09225925803184509
85100,178,train,total,0.09486931562423706
85200,178,train,eikonal,0.02295832149684429
85200,178,train,render,0.08061718940734863
85200,178,train,total,0.08291301876306534
85300,178,train,eikonal,0.017220692709088326
85300,178,train,render,0.11461348831653595
85300,178,train,total,0.11633555591106415
85400,179,train,eikonal,0.022000988945364952
85400,179,train,render,0.08878318965435028
85400,179,train,total,0.09098328649997711
85500,179,train,eikonal,0.01477264054119587
85500,179,train,render,0.10660245269536972
85500,179,train,total,0.10807971656322479
85600,179,train,eikonal,0.021523598581552505
85600,179,train,render,0.09667745232582092
85600,179,train,total,0.09882981330156326
85700,179,train,eikonal,0.02015117183327675
85700,179,train,render,0.1090366467833519
85700,179,train,total,0.1110517606139183
85800,179,train,eikonal,0.019047163426876068
85800,179,train,render,0.09500919282436371
85800,179,train,total,0.0969139114022255
85900,180,train,eikonal,0.03174585476517677
85900,180,train,render,0.10504384338855743
85900,180,train,total,0.10821843147277832
86000,180,train,eikonal,0.022575074806809425
86000,180,train,render,0.10698388516902924
86000,180,train,total,0.10924139618873596
86100,180,train,eikonal,0.021350186318159103
86100,180,train,render,0.07499498128890991
86100,180,train,total,0.07712999731302261
86200,180,train,eikonal,0.016718894243240356
86200,180,train,render,0.12120835483074188
86200,180,train,total,0.1228802427649498
86300,180,train,eikonal,0.029381858184933662
86300,180,train,render,0.09978154301643372
86300,180,train,total,0.1027197316288948
86400,181,train,eikonal,0.026222918182611465
86400,181,train,render,0.08338488638401031
86400,181,train,total,0.08600717782974243
86500,181,train,eikonal,0.018863772973418236
86500,181,train,render,0.11247436702251434
86500,181,train,total,0.1143607422709465
86600,181,train,eikonal,0.022471649572253227
86600,181,train,render,0.08877512812614441
86600,181,train,total,0.09102229028940201
86700,181,train,eikonal,0.02584683708846569
86700,181,train,render,0.0904691070318222
86700,181,train,total,0.09305378794670105
86800,181,train,eikonal,0.02051154151558876
86800,181,train,render,0.10468943417072296
86800,181,train,total,0.10674058645963669
86900,182,train,eikonal,0.021597862243652344
86900,182,train,render,0.09100951254367828
86900,182,train,total,0.09316930174827576
87000,182,train,eikonal,0.02290596440434456
87000,182,train,render,0.08709018677473068
87000,182,train,total,0.08938078582286835
87100,182,train,eikonal,0.035818055272102356
87100,182,train,render,0.0976419597864151
87100,182,train,total,0.10122376680374146
87200,182,train,eikonal,0.026887763291597366
87200,182,train,render,0.09627404808998108
87200,182,train,total,0.09896282106637955
87300,183,train,eikonal,0.022149600088596344
87300,183,train,render,0.09293870627880096
87300,183,train,total,0.09515366703271866
87400,183,train,eikonal,0.0251116044819355
87400,183,train,render,0.08760221302509308
87400,183,train,total,0.09011337161064148
87500,183,train,eikonal,0.022778522223234177
87500,183,train,render,0.08880756050348282
87500,183,train,total,0.09108541160821915
87600,183,train,eikonal,0.017018288373947144
87600,183,train,render,0.072665274143219
87600,183,train,total,0.07436710596084595
87700,183,train,eikonal,0.017132509499788284
87700,183,train,render,0.11052567511796951
87700,183,train,total,0.11223892867565155
87800,184,train,eikonal,0.025148766115307808
87800,184,train,render,0.0876346081495285
87800,184,train,total,0.09014948457479477
87900,184,train,eikonal,0.015640154480934143
87900,184,train,render,0.08223231136798859
87900,184,train,total,0.08379632979631424
88000,184,train,eikonal,0.025389937683939934
88000,184,train,render,0.08867667615413666
88000,184,train,total,0.09121567010879517
88100,184,train,eikonal,0.014233686029911041
88100,184,train,render,0.07583826780319214
88100,184,train,total,0.07726163417100906
88200,184,train,eikonal,0.027603810653090477
88200,184,train,render,0.0811261385679245
88200,184,train,total,0.08388651907444
88300,185,train,eikonal,0.016507253050804138
88300,185,train,render,0.09476836770772934
88300,185,train,total,0.09641909599304199
88400,185,train,eikonal,0.02151772379875183
88400,185,train,render,0.10500672459602356
88400,185,train,total,0.10715849697589874
88500,185,train,eikonal,0.015040441416203976
88500,185,train,render,0.08345789462327957
88500,185,train,total,0.08496193587779999
88600,185,train,eikonal,0.01847795583307743
88600,185,train,render,0.1016460657119751
88600,185,train,total,0.10349386185407639
88700,185,train,eikonal,0.019696172326803207
88700,185,train,render,0.08768011629581451
88700,185,train,total,0.0896497368812561
88800,186,train,eikonal,0.019286196678876877
88800,186,train,render,0.09506230056285858
88800,186,train,total,0.0969909206032753
88900,186,train,eikonal,0.023431949317455292
88900,186,train,render,0.0871584415435791
88900,186,train,total,0.08950163424015045
89000,186,train,eikonal,0.03229865804314613
89000,186,train,render,0.09668467193841934
89000,186,train,total,0.0999145358800888
89100,186,train,eikonal,0.024120960384607315
89100,186,train,render,0.094221331179142
89100,186,train,total,0.0966334268450737
89200,187,train,eikonal,0.013819565996527672
89200,187,train,render,0.08108533918857574
89200,187,train,total,0.08246729522943497
89300,187,train,eikonal,0.019185438752174377
89300,187,train,render,0.08466556668281555
89300,187,train,total,0.08658411353826523
89400,187,train,eikonal,0.021563827991485596
89400,187,train,render,0.08914928138256073
89400,187,train,total,0.09130566567182541
89500,187,train,eikonal,0.014506957493722439
89500,187,train,render,0.09267359972000122
89500,187,train,total,0.09412429481744766
89600,187,train,eikonal,0.026877926662564278
89600,187,train,render,0.09880746155977249
89600,187,train,total,0.10149525105953217
89700,188,train,eikonal,0.016161005944013596
89700,188,train,render,0.08349378407001495
89700,188,train,total,0.0851098820567131
89800,188,train,eikonal,0.02858721651136875
89800,188,train,render,0.10797717422246933
89800,188,train,total,0.11083589494228363
89900,188,train,eikonal,0.014979749917984009
89900,188,train,render,0.091352678835392
89900,188,train,total,0.09285065531730652
90000,188,train,eikonal,0.025483641773462296
90000,188,train,render,0.08741756528615952
90000,188,train,total,0.08996593207120895
90100,188,train,eikonal,0.02802163176238537
90100,188,train,render,0.08271217346191406
90100,188,train,total,0.08551433682441711
90200,189,train,eikonal,0.020991414785385132
90200,189,train,render,0.07665650546550751
90200,189,train,total,0.07875564694404602
90300,189,train,eikonal,0.030713416635990143
90300,189,train,render,0.10888304561376572
90300,189,train,total,0.11195439100265503
90400,189,train,eikonal,0.014829592779278755
90400,189,train,render,0.08246174454689026
90400,189,train,total,0.08394470065832138
90500,189,train,eikonal,0.018580026924610138
90500,189,train,render,0.09671580791473389
90500,189,train,total,0.09857381135225296
90600,189,train,eikonal,0.017196251079440117
90600,189,train,render,0.09061746299266815
90600,189,train,total,0.09233708679676056
90700,190,train,eikonal,0.028163567185401917
90700,190,train,render,0.10722316801548004
90700,190,train,total,0.11003952473402023
90800,190,train,eikonal,0.019883757457137108
90800,190,train,render,0.09341663867235184
90800,190,train,total,0.09540501236915588
90900,190,train,eikonal,0.02959066443145275
90900,190,train,render,0.10327717661857605
90900,190,train,total,0.10623624175786972
91000,190,train,eikonal,0.019021060317754745
91000,190,train,render,0.08263583481311798
91000,190,train,total,0.08453793823719025
91100,190,train,eikonal,0.022338125854730606
91100,190,train,render,0.09938094019889832
91100,190,train,total,0.10161475092172623
91200,191,train,eikonal,0.022762328386306763
91200,191,train,render,0.07782931625843048
91200,191,train,total,0.08010555058717728
91300,191,train,eikonal,0.02149398997426033
91300,191,train,render,0.1045195609331131
91300,191,train,total,0.10666895657777786
91400,191,train,eikonal,0.014507651329040527
91400,191,train,render,0.09218036383390427
91400,191,train,total,0.09363112598657608
91500,191,train,eikonal,0.02071787230670452
91500,191,train,render,0.09748341143131256
91500,191,train,total,0.09955520182847977
91600,192,train,eikonal,0.013346145860850811
91600,192,train,render,0.0832836776971817
91600,192,train,total,0.08461829274892807
91700,192,train,eikonal,0.0245303176343441
91700,192,train,render,0.09924644976854324
91700,192,train,total,0.10169947892427444
91800,192,train,eikonal,0.017925269901752472
91800,192,train,render,0.09779313206672668
91800,192,train,total,0.09958565980195999
91900,192,train,eikonal,0.018297959119081497
91900,192,train,render,0.08128255605697632
91900,192,train,total,0.08311235159635544
92000,192,train,eikonal,0.01787286251783371
92000,192,train,render,0.0865144282579422
92000,192,train,total,0.08830171823501587
92100,193,train,eikonal,0.018419617787003517
92100,193,train,render,0.1009342223405838
92100,193,train,total,0.1027761846780777
92200,193,train,eikonal,0.023710522800683975
92200,193,train,render,0.08420915901660919
92200,193,train,total,0.08658020943403244
92300,193,train,eikonal,0.016507770866155624
92300,193,train,render,0.0720926970243454
92300,193,train,total,0.07374347746372223
92400,193,train,eikonal,0.030845854431390762
92400,193,train,render,0.1005646288394928
92400,193,train,total,0.10364921391010284
92500,193,train,eikonal,0.01493932120501995
92500,193,train,render,0.09041665494441986
92500,193,train,total,0.09191058576107025
92600,194,train,eikonal,0.01879359409213066
92600,194,train,render,0.10880546271800995
92600,194,train,total,0.1106848195195198
92700,194,train,eikonal,0.01715816929936409
92700,194,train,render,0.09719608724117279
92700,194,train,total,0.09891190379858017
92800,194,train,eikonal,0.018595322966575623
92800,194,train,render,0.0929991602897644
92800,194,train,total,0.09485869109630585
92900,194,train,eikonal,0.0164388008415699
92900,194,train,render,0.08034658432006836
92900,194,train,total,0.08199046552181244
93000,194,train,eikonal,0.017522083595395088
93000,194,train,render,0.09476163983345032
93000,194,train,total,0.09651384502649307
93100,195,train,eikonal,0.01736341416835785
93100,195,train,render,0.0900847464799881
93100,195,train,total,0.09182108938694
93200,195,train,eikonal,0.016015395522117615
93200,195,train,render,0.1009124144911766
93200,195,train,total,0.10251395404338837
93300,195,train,eikonal,0.018815454095602036
93300,195,train,render,0.10805989801883698
93300,195,train,total,0.10994144529104233
93400,195,train,eikonal,0.024478698149323463
93400,195,train,render,0.1103891059756279
93400,195,train,total,0.11283697932958603
93500,196,train,eikonal,0.021583225578069687
93500,196,train,render,0.10627468675374985
93500,196,train,total,0.10843300819396973
93600,196,train,eikonal,0.020408622920513153
93600,196,train,render,0.07845326513051987
93600,196,train,total,0.08049412816762924
93700,196,train,eikonal,0.02212774194777012
93700,196,train,render,0.08729937672615051
93700,196,train,total,0.08951215445995331
93800,196,train,eikonal,0.015165620483458042
93800,196,train,render,0.08821161091327667
93800,196,train,total,0.08972817659378052
93900,196,train,eikonal,0.014334198087453842
93900,196,train,render,0.0782778263092041
93900,196,train,total,0.07971124351024628
94000,197,train,eikonal,0.02524196356534958
94000,197,train,render,0.08870309591293335
94000,197,train,total,0.09122729301452637
94100,197,train,eikonal,0.020611166954040527
94100,197,train,render,0.07853733003139496
94100,197,train,total,0.08059844374656677
94200,197,train,eikonal,0.021036073565483093
94200,197,train,render,0.07338733971118927
94200,197,train,total,0.07549094408750534
94300,197,train,eikonal,0.021497759968042374
94300,197,train,render,0.08810138702392578
94300,197,train,total,0.09025116264820099
94400,197,train,eikonal,0.01987876184284687
94400,197,train,render,0.10718339681625366
94400,197,train,total,0.10917127132415771
94500,198,train,eikonal,0.023786839097738266
94500,198,train,render,0.09094902873039246
94500,198,train,total,0.09332771599292755
94600,198,train,eikonal,0.020253023132681847
94600,198,train,render,0.08052611351013184
94600,198,train,total,0.08255141228437424
94700,198,train,eikonal,0.022165650501847267
94700,198,train,render,0.09325284510850906
94700,198,train,total,0.0954694077372551
94800,198,train,eikonal,0.014451440423727036
94800,198,train,render,0.08756420016288757
94800,198,train,total,0.0890093445777893
94900,198,train,eikonal,0.015279834158718586
94900,198,train,render,0.1250763088464737
94900,198,train,total,0.12660428881645203
95000,199,train,eikonal,0.02629300020635128
95000,199,train,render,0.0920092910528183
95000,199,train,total,0.09463859349489212
95100,199,train,eikonal,0.019492223858833313
95100,199,train,render,0.0904494971036911
95100,199,train,total,0.09239871799945831
95200,199,train,eikonal,0.026475049555301666
95200,199,train,render,0.09057880938053131
95200,199,train,total,0.09322631359100342
95300,199,train,eikonal,0.014619318768382072
95300,199,train,render,0.0910075306892395
95300,199,train,total,0.0924694612622261
95400,200,train,eikonal,0.017215546220541
95400,200,train,render,0.09435213357210159
95400,200,train,total,0.0960736870765686
95500,200,train,eikonal,0.0146250668913126
95500,200,train,render,0.07839296758174896
95500,200,train,total,0.07985547184944153
95600,200,train,eikonal,0.013211461715400219
95600,200,train,render,0.08539365231990814
95600,200,train,total,0.08671479672193527
95700,200,train,eikonal,0.02637121081352234
95700,200,train,render,0.09341523796319962
95700,200,train,total,0.09605235606431961
95800,200,train,eikonal,0.015289558097720146
95800,200,train,render,0.09633683413267136
95800,200,train,total,0.09786579012870789
95900,201,train,eikonal,0.018658000975847244
95900,201,train,render,0.08489540219306946
95900,201,train,total,0.08676119893789291
96000,201,train,eikonal,0.017975494265556335
96000,201,train,render,0.08917310833930969
96000,201,train,total,0.09097065776586533
96100,201,train,eikonal,0.023766957223415375
96100,201,train,render,0.08165072649717331
96100,201,train,total,0.08402742445468903
96200,201,train,eikonal,0.01397630199790001
96200,201,train,render,0.09613470733165741
96200,201,train,total,0.09753233939409256
96300,201,train,eikonal,0.025244468823075294
96300,201,train,render,0.0854015201330185
96300,201,train,total,0.0879259705543518
96400,202,train,eikonal,0.014126750640571117
96400,202,train,render,0.1031869500875473
96400,202,train,total,0.10459962487220764
96500,202,train,eikonal,0.01827019825577736
96500,202,train,render,0.07831793278455734
96500,202,train,total,0.08014494925737381
96600,202,train,eikonal,0.02353835478425026
96600,202,train,render,0.10856042057275772
96600,202,train,total,0.11091425269842148
96700,202,train,eikonal,0.02402198314666748
96700,202,train,render,0.09812833368778229
96700,202,train,total,0.10053053498268127
96800,202,train,eikonal,0.01903328113257885
96800,202,train,render,0.07919149100780487
96800,202,train,total,0.08109481632709503
96900,203,train,eikonal,0.02581626921892166
96900,203,train,render,0.08845225721597672
96900,203,train,total,0.09103388339281082
97000,203,train,eikonal,0.01564563810825348
97000,203,train,render,0.09496063739061356
97000,203,train,total,0.09652519971132278
97100,203,train,eikonal,0.03446246311068535
97100,203,train,render,0.08609683066606522
97100,203,train,total,0.08954307436943054
97200,203,train,eikonal,0.0200120210647583
97200,203,train,render,0.08329525589942932
97200,203,train,total,0.08529645949602127
97300,203,train,eikonal,0.021764731034636497
97300,203,train,render,0.0883449837565422
97300,203,train,total,0.09052145481109619
97400,204,train,eikonal,0.015239248052239418
97400,204,train,render,0.10582597553730011
97400,204,train,total,0.10734990239143372
97500,204,train,eikonal,0.017956513911485672
97500,204,train,render,0.08892960846424103
97500,204,train,total,0.09072525799274445
97600,204,train,eikonal,0.02003944292664528
97600,204,train,render,0.09270431101322174
97600,204,train,total,0.09470825642347336
97700,204,train,eikonal,0.018847119063138962
97700,204,train,render,0.07425820082426071
97700,204,train,total,0.07614291459321976
97800,205,train,eikonal,0.01999155804514885
97800,205,train,render,0.0885695070028305
97800,205,train,total,0.0905686616897583
97900,205,train,eikonal,0.01236969605088234
97900,205,train,render,0.0927455723285675
97900,205,train,total,0.09398254007101059
98000,205,train,eikonal,0.015743281692266464
98000,205,train,render,0.08782286942005157
98000,205,train,total,0.08939719945192337
98100,205,train,eikonal,0.022919051349163055
98100,205,train,render,0.08535979688167572
98100,205,train,total,0.08765169978141785
98200,205,train,eikonal,0.020288236439228058
98200,205,train,render,0.09670751541852951
98200,205,train,total,0.09873633831739426
98300,206,train,eikonal,0.02262834832072258
98300,206,train,render,0.093004010617733
98300,206,train,total,0.09526684880256653
98400,206,train,eikonal,0.02604292705655098
98400,206,train,render,0.09123286604881287
98400,206,train,total,0.09383715689182281
98500,206,train,eikonal,0.024114781990647316
98500,206,train,render,0.09569233655929565
98500,206,train,total,0.09810381382703781
98600,206,train,eikonal,0.022792132571339607
98600,206,train,render,0.08423865586519241
98600,206,train,total,0.08651787042617798
98700,206,train,eikonal,0.014041054993867874
98700,206,train,render,0.09299957752227783
98700,206,train,total,0.09440368413925171
98800,207,train,eikonal,0.01843714900314808
98800,207,train,render,0.07832109928131104
98800,207,train,total,0.08016481250524521
98900,207,train,eikonal,0.01610204577445984
98900,207,train,render,0.08425848186016083
98900,207,train,total,0.08586868643760681
99000,207,train,eikonal,0.01973823457956314
99000,207,train,render,0.11215020716190338
99000,207,train,total,0.11412402987480164
99100,207,train,eikonal,0.01758960261940956
99100,207,train,render,0.07870030403137207
99100,207,train,total,0.08045926690101624
99200,207,train,eikonal,0.026595672592520714
99200,207,train,render,0.10337583720684052
99200,207,train,total,0.10603540390729904
99300,208,train,eikonal,0.02313903160393238
99300,208,train,render,0.08193939924240112
99300,208,train,total,0.08425330370664597
99400,208,train,eikonal,0.02069179341197014
99400,208,train,render,0.08294489979743958
99400,208,train,total,0.08501408249139786
99500,208,train,eikonal,0.01552546489983797
99500,208,train,render,0.08787993341684341
99500,208,train,total,0.0894324779510498
99600,208,train,eikonal,0.015106365084648132
99600,208,train,render,0.08693674206733704
99600,208,train,total,0.08844737708568573
99700,209,train,eikonal,0.014370879158377647
99700,209,train,render,0.10231448709964752
99700,209,train,total,0.10375157743692398
99800,209,train,eikonal,0.02462492138147354
99800,209,train,render,0.0827118456363678
99800,209,train,total,0.08517433702945709
99900,209,train,eikonal,0.02364479936659336
99900,209,train,render,0.10469603538513184
99900,209,train,total,0.1070605143904686
100000,209,train,eikonal,0.01773025095462799
100000,209,train,render,0.09083043038845062
100000,209,train,total,0.09260345250368118
100100,209,train,eikonal,0.020782217383384705
100100,209,train,render,0.09118662774562836
100100,209,train,total,0.09326484799385071
100200,210,train,eikonal,0.018101710826158524
100200,210,train,render,0.09222941100597382
100200,210,train,total,0.09403958171606064
100300,210,train,eikonal,0.014842074364423752
100300,210,train,render,0.08078509569168091
100300,210,train,total,0.08226930350065231
100400,210,train,eikonal,0.018043415620923042
100400,210,train,render,0.09526220709085464
100400,210,train,total,0.09706655144691467
100500,210,train,eikonal,0.014473849907517433
100500,210,train,render,0.08162657916545868
100500,210,train,total,0.08307396620512009
100600,210,train,eikonal,0.014759615063667297
100600,210,train,render,0.09524841606616974
100600,210,train,total,0.09672437608242035
100700,211,train,eikonal,0.0238157007843256
100700,211,train,render,0.09272924065589905
100700,211,train,total,0.09511081129312515
100800,211,train,eikonal,0.01751912385225296
100800,211,train,render,0.08055298030376434
100800,211,train,total,0.08230489492416382
100900,211,train,eikonal,0.028085175901651382
100900,211,train,render,0.07898906618356705
100900,211,train,total,0.08179758489131927
101000,211,train,eikonal,0.01399092935025692
101000,211,train,render,0.08477991819381714
101000,211,train,total,0.08617901057004929
101100,211,train,eikonal,0.01614200510084629
101100,211,train,render,0.07880210876464844
101100,211,train,total,0.08041630685329437
101200,212,train,eikonal,0.015114596113562584
101200,212,train,render,0.08947983384132385
101200,212,train,total,0.0909912958741188
101300,212,train,eikonal,0.026138199493288994
101300,212,train,render,0.10565290600061417
101300,212,train,total,0.10826672613620758
101400,212,train,eikonal,0.022636864334344864
101400,212,train,render,0.09964191913604736
101400,212,train,total,0.10190560668706894
101500,212,train,eikonal,0.020795848220586777
101500,212,train,render,0.08727359771728516
101500,212,train,total,0.08935318142175674
101600,212,train,eikonal,0.0203620046377182
101600,212,train,render,0.07304321229457855
101600,212,train,total,0.07507941126823425
101700,213,train,eikonal,0.01407444104552269
101700,213,train,render,0.0993805080652237
101700,213,train,total,0.10078795254230499
101800,213,train,eikonal,0.02733876183629036
101800,213,train,render,0.0862814337015152
101800,213,train,total,0.08901531249284744
101900,213,train,eikonal,0.029059696942567825
101900,213,train,render,0.10445494204759598
101900,213,train,total,0.10736091434955597
102000,213,train,eikonal,0.02554771676659584
102000,213,train,render,0.0893804058432579
102000,213,train,total,0.0919351801276207
102100,214,train,eikonal,0.01997559517621994
102100,214,train,render,0.07664424180984497
102100,214,train,total,0.07864180207252502
102200,214,train,eikonal,0.01630537025630474
102200,214,train,render,0.09060245752334595
102200,214,train,total,0.09223299473524094
102300,214,train,eikonal,0.017397087067365646
102300,214,train,render,0.10847790539264679
102300,214,train,total,0.1102176159620285
102400,214,train,eikonal,0.014607610180974007
102400,214,train,render,0.08535191416740417
102400,214,train,total,0.08681267499923706
102500,214,train,eikonal,0.014128195121884346
102500,214,train,render,0.08688206970691681
102500,214,train,total,0.08829488605260849
102600,215,train,eikonal,0.014225604012608528
102600,215,train,render,0.07617999613285065
102600,215,train,total,0.0776025578379631
102700,215,train,eikonal,0.01672716811299324
102700,215,train,render,0.08692466467618942
102700,215,train,total,0.0885973796248436
102800,215,train,eikonal,0.01181415282189846
102800,215,train,render,0.06555986404418945
102800,215,train,total,0.06674128025770187
102900,215,train,eikonal,0.018415410071611404
102900,215,train,render,0.07976887375116348
102900,215,train,total,0.08161041140556335
103000,215,train,eikonal,0.014770840294659138
103000,215,train,render,0.08523164689540863
103000,215,train,total,0.08670873194932938
103100,216,train,eikonal,0.013790925964713097
103100,216,train,render,0.0906137079000473
103100,216,train,total,0.0919928029179573
103200,216,train,eikonal,0.02105613239109516
103200,216,train,render,0.09433988481760025
103200,216,train,total,0.09644550085067749
103300,216,train,eikonal,0.016641812399029732
103300,216,train,render,0.09891238063573837
103300,216,train,total,0.10057656466960907
103400,216,train,eikonal,0.02206035703420639
103400,216,train,render,0.08507728576660156
103400,216,train,total,0.08728332072496414
103500,216,train,eikonal,0.018100857734680176
103500,216,train,render,0.07583851367235184
103500,216,train,total,0.0776486024260521
103600,217,train,eikonal,0.015486786141991615
103600,217,train,render,0.07774513959884644
103600,217,train,total,0.07929381728172302
103700,217,train,eikonal,0.025205019861459732
103700,217,train,render,0.08211054652929306
103700,217,train,total,0.08463104814291
103800,217,train,eikonal,0.013619571924209595
103800,217,train,render,0.08279399573802948
103800,217,train,total,0.08415595442056656
103900,217,train,eikonal,0.02613121271133423
103900,217,train,render,0.08556564152240753
103900,217,train,total,0.08817876130342484
104000,218,train,eikonal,0.021445203572511673
104000,218,train,render,0.07603558897972107
104000,218,train,total,0.07818011194467545
104100,218,train,eikonal,0.011729175224900246
104100,218,train,render,0.07959756255149841
104100,218,train,total,0.08077047765254974
104200,218,train,eikonal,0.019448697566986084
104200,218,train,render,0.09628623723983765
104200,218,train,total,0.09823110699653625
104300,218,train,eikonal,0.029220324009656906
104300,218,train,render,0.08103594183921814
104300,218,train,total,0.0839579775929451
104400,218,train,eikonal,0.019630780443549156
104400,218,train,render,0.09236925840377808
104400,218,train,total,0.09433233737945557
104500,219,train,eikonal,0.020421935245394707
104500,219,train,render,0.08161832392215729
104500,219,train,total,0.08366052061319351
104600,219,train,eikonal,0.01887424848973751
104600,219,train,render,0.10995785892009735
104600,219,train,total,0.11184528470039368
104700,219,train,eikonal,0.02816031314432621
104700,219,train,render,0.08317998051643372
104700,219,train,total,0.08599600940942764
104800,219,train,eikonal,0.013998953625559807
104800,219,train,render,0.08623379468917847
104800,219,train,total,0.08763369172811508
104900,219,train,eikonal,0.01595330983400345
104900,219,train,render,0.08385995775461197
104900,219,train,total,0.08545529097318649
105000,220,train,eikonal,0.023473605513572693
105000,220,train,render,0.08022557199001312
105000,220,train,total,0.08257292956113815
105100,220,train,eikonal,0.017905304208397865
105100,220,train,render,0.08469068259000778
105100,220,train,total,0.08648121356964111
105200,220,train,eikonal,0.01237957552075386
105200,220,train,render,0.07758288085460663
105200,220,train,total,0.0788208395242691
105300,220,train,eikonal,0.022029276937246323
105300,220,train,render,0.10326673090457916
105300,220,train,total,0.10546965897083282
105400,220,train,eikonal,0.015041694045066833
105400,220,train,render,0.07823894917964935
105400,220,train,total,0.07974311709403992
105500,221,train,eikonal,0.015395017340779305
105500,221,train,render,0.07955478876829147
105500,221,train,total,0.08109428733587265
105600,221,train,eikonal,0.019723469391465187
105600,221,train,render,0.09066006541252136
105600,221,train,total,0.09263241291046143
105700,221,train,eikonal,0.013298488222062588
105700,221,train,render,0.08792641758918762
105700,221,train,total,0.08925626426935196
105800,221,train,eikonal,0.014002028852701187
105800,221,train,render,0.09735739231109619
105800,221,train,total,0.09875759482383728
105900,222,train,eikonal,0.015259595587849617
105900,222,train,render,0.0988193154335022
105900,222,train,total,0.10034527629613876
106000,222,train,eikonal,0.013512988574802876
106000,222,train,render,0.08187860250473022
106000,222,train,total,0.0832298994064331
106100,222,train,eikonal,0.012428341433405876
106100,222,train,render,0.07099234312772751
106100,222,train,total,0.07223517447710037
106200,222,train,eikonal,0.017934584990143776
106200,222,train,render,0.10296709835529327
106200,222,train,total,0.1047605574131012
106300,222,train,eikonal,0.02378806844353676
106300,222,train,render,0.08452415466308594
106300,222,train,total,0.08690296113491058
106400,223,train,eikonal,0.016889676451683044
106400,223,train,render,0.08225592225790024
106400,223,train,total,0.0839448869228363
106500,223,train,eikonal,0.021301768720149994
106500,223,train,render,0.09287464618682861
106500,223,train,total,0.09500482678413391
106600,223,train,eikonal,0.012515099719166756
106600,223,train,render,0.08390725404024124
106600,223,train,total,0.08515876531600952
106700,223,train,eikonal,0.01646733470261097
106700,223,train,render,0.09115651994943619
106700,223,train,total,0.09280325472354889
106800,223,train,eikonal,0.010945158079266548
106800,223,train,render,0.0847393199801445
106800,223,train,total,0.0858338326215744
106900,224,train,eikonal,0.013682940974831581
106900,224,train,render,0.09042751789093018
106900,224,train,total,0.09179580956697464
107000,224,train,eikonal,0.013416527770459652
107000,224,train,render,0.08602133393287659
107000,224,train,total,0.08736298978328705
107100,224,train,eikonal,0.028892310336232185
107100,224,train,render,0.0981498509645462
107100,224,train,total,0.10103908181190491
107200,224,train,eikonal,0.011209674179553986
107200,224,train,render,0.0710112601518631
107200,224,train,total,0.07213222980499268
107300,224,train,eikonal,0.013213408179581165
107300,224,train,render,0.08886893093585968
107300,224,train,total,0.09019026905298233
107400,225,train,eikonal,0.02112039178609848
107400,225,train,render,0.09255102276802063
107400,225,train,total,0.09466306120157242
107500,225,train,eikonal,0.023963678628206253
107500,225,train,render,0.08631006628274918
107500,225,train,total,0.08870643377304077
107600,225,train,eikonal,0.014700205996632576
107600,225,train,render,0.0869414284825325
107600,225,train,total,0.08841145038604736
107700,225,train,eikonal,0.01572209596633911
107700,225,train,render,0.07991956174373627
107700,225,train,total,0.08149176836013794
107800,225,train,eikonal,0.015331920236349106
107800,225,train,render,0.08753702044487
107800,225,train,total,0.08907021582126617
107900,226,train,eikonal,0.02037685364484787
107900,226,train,render,0.0937201976776123
107900,226,train,total,0.09575788676738739
108000,226,train,eikonal,0.016799762845039368
108000,226,train,render,0.0904790461063385
108000,226,train,total,0.09215902537107468
108100,226,train,eikonal,0.011113962158560753
108100,226,train,render,0.0773792713880539
108100,226,train,total,0.07849066704511642
108200,226,train,eikonal,0.013677170500159264
108200,226,train,render,0.09814703464508057
108200,226,train,total,0.09951475262641907
108300,227,train,eikonal,0.011989614926278591
108300,227,train,render,0.08645986020565033
108300,227,train,total,0.0876588225364685
108400,227,train,eikonal,0.014313604682683945
108400,227,train,render,0.08867344260215759
108400,227,train,total,0.09010480344295502
108500,227,train,eikonal,0.015089452266693115
108500,227,train,render,0.08223500847816467
108500,227,train,total,0.08374395221471786
108600,227,train,eikonal,0.01467803679406643
108600,227,train,render,0.0744812935590744
108600,227,train,total,0.07594909518957138
108700,227,train,eikonal,0.013413743115961552
108700,227,train,render,0.07782882452011108
108700,227,train,total,0.07917019724845886
108800,228,train,eikonal,0.015690578147768974
108800,228,train,render,0.09499374032020569
108800,228,train,total,0.09656279534101486
108900,228,train,eikonal,0.015008448623120785
108900,228,train,render,0.09838692843914032
108900,228,train,total,0.09988777339458466
109000,228,train,eikonal,0.017218364402651787
109000,228,train,render,0.07550887763500214
109000,228,train,total,0.07723071426153183
109100,228,train,eikonal,0.024379663169384003
109100,228,train,render,0.09544915705919266
109100,228,train,total,0.09788712114095688
109200,228,train,eikonal,0.012917786836624146
109200,228,train,render,0.07373963296413422
109200,228,train,total,0.07503141462802887
109300,229,train,eikonal,0.012790827080607414
109300,229,train,render,0.0700579583644867
109300,229,train,total,0.07133704423904419
109400,229,train,eikonal,0.012616168707609177
109400,229,train,render,0.08715276420116425
109400,229,train,total,0.08841437846422195
109500,229,train,eikonal,0.021048691123723984
109500,229,train,render,0.08364617824554443
109500,229,train,total,0.08575104922056198
109600,229,train,eikonal,0.017356306314468384
109600,229,train,render,0.10999876260757446
109600,229,train,total,0.11173439025878906
109700,229,train,eikonal,0.01589726097881794
109700,229,train,render,0.08419482409954071
109700,229,train,total,0.08578454703092575
109800,230,train,eikonal,0.016108203679323196
109800,230,train,render,0.07108496129512787
109800,230,train,total,0.0726957842707634
109900,230,train,eikonal,0.01378879975527525
109900,230,train,render,0.08138839155435562
109900,230,train,total,0.08276727050542831
110000,230,train,eikonal,0.018140578642487526
110000,230,train,render,0.10816246271133423
110000,230,train,total,0.10997652262449265
110100,230,train,eikonal,0.01873825490474701
110100,230,train,render,0.12179890275001526
110100,230,train,total,0.1236727312207222
110200,231,train,eikonal,0.019120551645755768
110200,231,train,render,0.10559515655040741
110200,231,train,total,0.10750721395015717
110300,231,train,eikonal,0.015473575331270695
110300,231,train,render,0.07427753508090973
110300,231,train,total,0.07582489401102066
110400,231,train,eikonal,0.01812809519469738
110400,231,train,render,0.07281095534563065
110400,231,train,total,0.07462376356124878
110500,231,train,eikonal,0.016209637746214867
110500,231,train,render,0.08198566734790802
110500,231,train,total,0.08360663056373596
110600,231,train,eikonal,0.016523640602827072
110600,231,train,render,0.08992703258991241
110600,231,train,total,0.09157940000295639
110700,232,train,eikonal,0.016362834721803665
110700,232,train,render,0.09648104757070541
110700,232,train,total,0.09811732918024063
110800,232,train,eikonal,0.016007181257009506
110800,232,train,render,0.10318384319543839
110800,232,train,total,0.10478456318378448
110900,232,train,eikonal,0.018658075481653214
110900,232,train,render,0.09069471061229706
110900,232,train,total,0.09256051480770111
111000,232,train,eikonal,0.01807268336415291
111000,232,train,render,0.07839599251747131
111000,232,train,total,0.08020325750112534
111100,232,train,eikonal,0.014614088460803032
111100,232,train,render,0.10244719684123993
111100,232,train,total,0.10390860587358475
111200,233,train,eikonal,0.013602972030639648
111200,233,train,render,0.09119096398353577
111200,233,train,total,0.09255126118659973
111300,233,train,eikonal,0.015585126355290413
111300,233,train,render,0.08016272634267807
111300,233,train,total,0.0817212387919426
111400,233,train,eikonal,0.017031541094183922
111400,233,train,render,0.09183374047279358
111400,233,train,total,0.09353689104318619
111500,233,train,eikonal,0.02598625421524048
111500,233,train,render,0.08216869831085205
111500,233,train,total,0.08476732671260834
111600,233,train,eikonal,0.01586729660630226
111600,233,train,render,0.07694770395755768
111600,233,train,total,0.07853443175554276
111700,234,train,eikonal,0.019592536613345146
111700,234,train,render,0.07344852387905121
111700,234,train,total,0.07540778070688248
111800,234,train,eikonal,0.026760052889585495
111800,234,train,render,0.09351997077465057
111800,234,train,total,0.09619597345590591
111900,234,train,eikonal,0.017073988914489746
111900,234,train,render,0.0765359103679657
111900,234,train,total,0.07824330776929855
112000,234,train,eikonal,0.01674363575875759
112000,234,train,render,0.10240273922681808
112000,234,train,total,0.10407710075378418
112100,235,train,eikonal,0.022189989686012268
112100,235,train,render,0.09493180364370346
112100,235,train,total,0.09715080261230469
112200,235,train,eikonal,0.015474958345293999
112200,235,train,render,0.09031409025192261
112200,235,train,total,0.09186158329248428
112300,235,train,eikonal,0.015392595902085304
112300,235,train,render,0.08620640635490417
112300,235,train,total,0.08774566650390625
112400,235,train,eikonal,0.013338740915060043
112400,235,train,render,0.08818067610263824
112400,235,train,total,0.08951455354690552
112500,235,train,eikonal,0.013019116595387459
112500,235,train,render,0.07553522288799286
112500,235,train,total,0.07683713734149933
112600,236,train,eikonal,0.016238488256931305
112600,236,train,render,0.09331254661083221
112600,236,train,total,0.09493639320135117
112700,236,train,eikonal,0.012141726911067963
112700,236,train,render,0.08366215974092484
112700,236,train,total,0.08487632870674133
112800,236,train,eikonal,0.012656720355153084
112800,236,train,render,0.07454885542392731
112800,236,train,total,0.07581453025341034
112900,236,train,eikonal,0.014155618846416473
112900,236,train,render,0.10776755213737488
112900,236,train,total,0.10918311774730682
113000,236,train,eikonal,0.023066462948918343
113000,236,train,render,0.08995844423770905
113000,236,train,total,0.09226509183645248
113100,237,train,eikonal,0.014860808849334717
113100,237,train,render,0.0997193232178688
113100,237,train,total,0.10120540112257004
113200,237,train,eikonal,0.01477182935923338
113200,237,train,render,0.09769859910011292
113200,237,train,total,0.09917578101158142
113300,237,train,eikonal,0.020457178354263306
113300,237,train,render,0.09149892628192902
113300,237,train,total,0.09354464709758759
113400,237,train,eikonal,0.010093854740262032
113400,237,train,render,0.07839292287826538
113400,237,train,total,0.07940230518579483
113500,237,train,eikonal,0.01617577113211155
113500,237,train,render,0.10460291802883148
113500,237,train,total,0.10622049868106842
113600,238,train,eikonal,0.014044148847460747
113600,238,train,render,0.08597138524055481
113600,238,train,total,0.08737579733133316
113700,238,train,eikonal,0.02223745919764042
113700,238,train,render,0.08098320662975311
113700,238,train,total,0.08320695161819458
113800,238,train,eikonal,0.014442558400332928
113800,238,train,render,0.08887317776679993
113800,238,train,total,0.09031743556261063
113900,238,train,eikonal,0.014113280922174454
113900,238,train,render,0.07051830738782883
113900,238,train,total,0.07192963361740112
114000,238,train,eikonal,0.013767518103122711
114000,238,train,render,0.07887718081474304
114000,238,train,total,0.08025392889976501
114100,239,train,eikonal,0.017991000786423683
114100,239,train,render,0.09635902941226959
114100,239,train,total,0.09815812855958939
114200,239,train,eikonal,0.012784459628164768
114200,239,train,render,0.10992977023124695
114200,239,train,total,0.11120821535587311
114300,239,train,eikonal,0.01252206601202488
114300,239,train,render,0.07958702743053436
114300,239,train,total,0.08083923161029816
114400,239,train,eikonal,0.016056757420301437
114400,239,train,render,0.10200591385364532
114400,239,train,total,0.10361158847808838
114500,240,train,eikonal,0.012460551224648952
114500,240,train,render,0.08187288045883179
114500,240,train,total,0.08311893790960312
114600,240,train,eikonal,0.02329671010375023
114600,240,train,render,0.08218066394329071
114600,240,train,total,0.08451033383607864
114700,240,train,eikonal,0.013850116170942783
114700,240,train,render,0.0761255994439125
114700,240,train,total,0.07751061022281647
114800,240,train,eikonal,0.018613070249557495
114800,240,train,render,0.0759262889623642
114800,240,train,total,0.07778759300708771
114900,240,train,eikonal,0.018015975132584572
114900,240,train,render,0.08420106023550034
114900,240,train,total,0.0860026553273201
115000,241,train,eikonal,0.015342673286795616
115000,241,train,render,0.09846478700637817
115000,241,train,total,0.09999905526638031
115100,241,train,eikonal,0.01443090382963419
115100,241,train,render,0.0834863930940628
115100,241,train,total,0.08492948114871979
115200,241,train,eikonal,0.016950109973549843
115200,241,train,render,0.09088434278964996
115200,241,train,total,0.09257935732603073
115300,241,train,eikonal,0.014019697904586792
115300,241,train,render,0.08270935714244843
115300,241,train,total,0.08411132544279099
115400,241,train,eikonal,0.013970814645290375
115400,241,train,render,0.0937960296869278
115400,241,train,total,0.09519311040639877
115500,242,train,eikonal,0.015610380098223686
115500,242,train,render,0.08893885463476181
115500,242,train,total,0.0904998928308487
115600,242,train,eikonal,0.020378965884447098
115600,242,train,render,0.09410825371742249
115600,242,train,total,0.09614615142345428
115700,242,train,eikonal,0.016207922250032425
115700,242,train,render,0.09452500194311142
115700,242,train,total,0.09614579379558563
115800,242,train,eikonal,0.010429609566926956
115800,242,train,render,0.07572774589061737
115800,242,train,total,0.07677070796489716
115900,242,train,eikonal,0.0151634830981493
115900,242,train,render,0.08214843273162842
115900,242,train,total,0.08366478234529495
116000,243,train,eikonal,0.025174429640173912
116000,243,train,render,0.08370964229106903
116000,243,train,total,0.08622708171606064
116100,243,train,eikonal,0.02238922007381916
116100,243,train,render,0.08295157551765442
116100,243,train,total,0.08519049733877182
116200,243,train,eikonal,0.015549562871456146
116200,243,train,render,0.0684262216091156
116200,243,train,total,0.0699811801314354
116300,243,train,eikonal,0.010629463940858841
116300,243,train,render,0.08665893226861954
116300,243,train,total,0.08772187680006027
116400,244,train,eikonal,0.014609338715672493
116400,244,train,render,0.10407347977161407
116400,244,train,total,0.10553441196680069
116500,244,train,eikonal,0.0250355526804924
116500,244,train,render,0.08339174091815948
116500,244,train,total,0.08589529991149902
116600,244,train,eikonal,0.019629299640655518
116600,244,train,render,0.09223758429288864
116600,244,train,total,0.0942005142569542
116700,244,train,eikonal,0.014566661790013313
116700,244,train,render,0.07779170572757721
116700,244,train,total,0.07924836874008179
116800,244,train,eikonal,0.021380098536610603
116800,244,train,render,0.08805966377258301
116800,244,train,total,0.09019767493009567
116900,245,train,eikonal,0.010742378421127796
116900,245,train,render,0.07249175012111664
116900,245,train,total,0.07356598973274231
117000,245,train,eikonal,0.014513444155454636
117000,245,train,render,0.07716064155101776
117000,245,train,total,0.07861198484897614
117100,245,train,eikonal,0.01023833267390728
117100,245,train,render,0.08714570105075836
117100,245,train,total,0.08816953748464584
117200,245,train,eikonal,0.011478876695036888
117200,245,train,render,0.09140054881572723
117200,245,train,total,0.0925484374165535
117300,245,train,eikonal,0.013698078691959381
117300,245,train,render,0.08509664237499237
117300,245,train,total,0.08646644651889801
117400,246,train,eikonal,0.014848701655864716
117400,246,train,render,0.07774360477924347
117400,246,train,total,0.079228475689888
117500,246,train,eikonal,0.01505870558321476
117500,246,train,render,0.08249153196811676
117500,246,train,total,0.08399740606546402
117600,246,train,eikonal,0.017775818705558777
117600,246,train,render,0.08920492231845856
117600,246,train,total,0.09098250418901443
117700,246,train,eikonal,0.018245374783873558
117700,246,train,render,0.08881089091300964
117700,246,train,total,0.09063542634248734
117800,246,train,eikonal,0.020269034430384636
117800,246,train,render,0.08904077112674713
117800,246,train,total,0.09106767177581787
117900,247,train,eikonal,0.01857726089656353
117900,247,train,render,0.09880848973989487
117900,247,train,total,0.10066621750593185
118000,247,train,eikonal,0.01295006088912487
118000,247,train,render,0.09116151928901672
118000,247,train,total,0.09245652705430984
118100,247,train,eikonal,0.015264149755239487
118100,247,train,render,0.09066353738307953
118100,247,train,total,0.09218995273113251
118200,247,train,eikonal,0.012065164744853973
118200,247,train,render,0.08547343313694
118200,247,train,total,0.08667995035648346
118300,248,train,eikonal,0.01286155916750431
118300,248,train,render,0.10583053529262543
118300,248,train,total,0.1071166917681694
118400,248,train,eikonal,0.019340503960847855
118400,248,train,render,0.08900006860494614
118400,248,train,total,0.09093412011861801
118500,248,train,eikonal,0.013040632009506226
118500,248,train,render,0.09383909404277802
118500,248,train,total,0.0951431542634964
118600,248,train,eikonal,0.012330736964941025
118600,248,train,render,0.08671583235263824
118600,248,train,total,0.08794890344142914
118700,248,train,eikonal,0.008060920983552933
118700,248,train,render,0.0774412453174591
118700,248,train,total,0.07824733853340149
118800,249,train,eikonal,0.015093190595507622
118800,249,train,render,0.07712294161319733
118800,249,train,total,0.07863225787878036
118900,249,train,eikonal,0.0157000869512558
118900,249,train,render,0.09591561555862427
118900,249,train,total,0.09748562425374985
119000,249,train,eikonal,0.012272377498447895
119000,249,train,render,0.08127251267433167
119000,249,train,total,0.08249974995851517
119100,249,train,eikonal,0.013091862201690674
119100,249,train,render,0.0944439172744751
119100,249,train,total,0.09575310349464417
119200,249,train,eikonal,0.014747146517038345
119200,249,train,render,0.0861356258392334
119200,249,train,total,0.08761034160852432
119300,250,train,eikonal,0.01581909880042076
119300,250,train,render,0.10827577114105225
119300,250,train,total,0.10985767841339111
119400,250,train,eikonal,0.01758476532995701
119400,250,train,render,0.07521878182888031
119400,250,train,total,0.07697726041078568
119500,250,train,eikonal,0.01675490103662014
119500,250,train,render,0.09028849005699158
119500,250,train,total,0.09196397662162781
119600,250,train,eikonal,0.014085298404097557
119600,250,train,render,0.08612489700317383
119600,250,train,total,0.08753342926502228
119700,250,train,eikonal,0.010521389544010162
119700,250,train,render,0.07473056018352509
119700,250,train,total,0.07578270137310028
119800,251,train,eikonal,0.013915715739130974
119800,251,train,render,0.08071628957986832
119800,251,train,total,0.08210786432027817
119900,251,train,eikonal,0.019491419196128845
119900,251,train,render,0.0828625038266182
119900,251,train,total,0.08481164276599884
120000,251,train,eikonal,0.016015518456697464
120000,251,train,render,0.09919297695159912
120000,251,train,total,0.10079453140497208
120100,251,train,eikonal,0.019590523093938828
120100,251,train,render,0.08759985864162445
120100,251,train,total,0.0895589143037796
120200,251,train,eikonal,0.01264030858874321
120200,251,train,render,0.13959158957004547
120200,251,train,total,0.14085562527179718
120300,252,train,eikonal,0.01231452077627182
120300,252,train,render,0.10249321907758713
120300,252,train,total,0.10372467339038849
120400,252,train,eikonal,0.014041861519217491
120400,252,train,render,0.1029919683933258
120400,252,train,total,0.10439615696668625
120500,252,train,eikonal,0.012905120849609375
120500,252,train,render,0.08802482485771179
120500,252,train,total,0.08931533992290497
120600,252,train,eikonal,0.014761125668883324
120600,252,train,render,0.12026453018188477
120600,252,train,total,0.12174063920974731
120700,253,train,eikonal,0.013464822433888912
120700,253,train,render,0.08644035458564758
120700,253,train,total,0.08778683841228485
120800,253,train,eikonal,0.013646034523844719
120800,253,train,render,0.07703357934951782
120800,253,train,total,0.07839818298816681
120900,253,train,eikonal,0.01679876632988453
120900,253,train,render,0.08539208769798279
120900,253,train,total,0.0870719626545906
121000,253,train,eikonal,0.015027006156742573
121000,253,train,render,0.09649112820625305
121000,253,train,total,0.09799382835626602
121100,253,train,eikonal,0.018817681819200516
121100,253,train,render,0.09789030253887177
121100,253,train,total,0.09977207332849503
121200,254,train,eikonal,0.012535033747553825
121200,254,train,render,0.07524558901786804
121200,254,train,total,0.0764990895986557
121300,254,train,eikonal,0.020847389474511147
121300,254,train,render,0.08227953314781189
121300,254,train,total,0.08436427265405655
121400,254,train,eikonal,0.01599021628499031
121400,254,train,render,0.07352864742279053
121400,254,train,total,0.07512766867876053
121500,254,train,eikonal,0.012922681868076324
121500,254,train,render,0.07747848331928253
121500,254,train,total,0.07877074927091599
121600,254,train,eikonal,0.02032369375228882
121600,254,train,render,0.08757743239402771
121600,254,train,total,0.08960980176925659
121700,255,train,eikonal,0.013045497238636017
121700,255,train,render,0.09153540432453156
121700,255,train,total,0.09283995628356934
121800,255,train,eikonal,0.012686233967542648
121800,255,train,render,0.08985929191112518
121800,255,train,total,0.0911279171705246
121900,255,train,eikonal,0.020506735891103745
121900,255,train,render,0.08368761837482452
121900,255,train,total,0.08573829382658005
122000,255,train,eikonal,0.015627406537532806
122000,255,train,render,0.08140029013156891
122000,255,train,total,0.08296303451061249
122100,255,train,eikonal,0.017445534467697144
122100,255,train,render,0.07863154262304306
122100,255,train,total,0.08037609606981277
122200,256,train,eikonal,0.016417507082223892
122200,256,train,render,0.09978467971086502
122200,256,train,total,0.10142643004655838
122300,256,train,eikonal,0.023131374269723892
122300,256,train,render,0.10644693672657013
122300,256,train,total,0.10876007378101349
122400,256,train,eikonal,0.013357453048229218
122400,256,train,render,0.08104802668094635
122400,256,train,total,0.08238377422094345
122500,256,train,eikonal,0.014858161099255085
122500,256,train,render,0.0757119357585907
122500,256,train,total,0.07719775289297104
122600,257,train,eikonal,0.022196773439645767
122600,257,train,render,0.08185386657714844
122600,257,train,total,0.08407354354858398
122700,257,train,eikonal,0.013306228443980217
122700,257,train,render,0.07888424396514893
122700,257,train,total,0.08021486550569534
122800,257,train,eikonal,0.012908590957522392
122800,257,train,render,0.08719538152217865
122800,257,train,total,0.08848623931407928
122900,257,train,eikonal,0.014367475174367428
122900,257,train,render,0.07780958712100983
122900,257,train,total,0.07924633473157883
123000,257,train,eikonal,0.01387978345155716
123000,257,train,render,0.08891354501247406
123000,257,train,total,0.0903015211224556
123100,258,train,eikonal,0.015199736692011356
123100,258,train,render,0.09278160333633423
123100,258,train,total,0.09430157393217087
123200,258,train,eikonal,0.015214301645755768
123200,258,train,render,0.1081695556640625
123200,258,train,total,0.10969098657369614
123300,258,train,eikonal,0.012468475848436356
123300,258,train,render,0.07598143815994263
123300,258,train,total,0.07722828537225723
123400,258,train,eikonal,0.01649590954184532
123400,258,train,render,0.08501840382814407
123400,258,train,total,0.0866679921746254
123500,258,train,eikonal,0.013205360621213913
123500,258,train,render,0.07577144354581833
123500,258,train,total,0.07709197700023651
123600,259,train,eikonal,0.019713282585144043
123600,259,train,render,0.09542132914066315
123600,259,train,total,0.09739265590906143
123700,259,train,eikonal,0.01635683886706829
123700,259,train,render,0.0840337797999382
123700,259,train,total,0.08566946536302567
123800,259,train,eikonal,0.011669513769447803
123800,259,train,render,0.08769595623016357
123800,259,train,total,0.08886291086673737
123900,259,train,eikonal,0.015006817877292633
123900,259,train,render,0.07503287494182587
123900,259,train,total,0.07653355598449707
124000,259,train,eikonal,0.01529888529330492
124000,259,train,render,0.09444435685873032
124000,259,train,total,0.09597424417734146
124100,260,train,eikonal,0.0159822516143322
124100,260,train,render,0.10716332495212555
124100,260,train,total,0.10876154899597168
124200,260,train,eikonal,0.011705645360052586
124200,260,train,render,0.07373535633087158
124200,260,train,total,0.07490592449903488
124300,260,train,eikonal,0.015044428408145905
124300,260,train,render,0.09132710844278336
124300,260,train,total,0.092831552028656
124400,260,train,eikonal,0.013288285583257675
124400,260,train,render,0.09159725904464722
124400,260,train,total,0.09292608499526978
124500,261,train,eikonal,0.013718950562179089
124500,261,train,render,0.08613722026348114
124500,261,train,total,0.08750911802053452
124600,261,train,eikonal,0.02080332115292549
124600,261,train,render,0.08769313991069794
124600,261,train,total,0.08977346867322922
124700,261,train,eikonal,0.01820233464241028
124700,261,train,render,0.08347207307815552
124700,261,train,total,0.08529230952262878
124800,261,train,eikonal,0.020292380824685097
124800,261,train,render,0.07834960520267487
124800,261,train,total,0.08037884533405304
124900,261,train,eikonal,0.013571441173553467
124900,261,train,render,0.08608493953943253
124900,261,train,total,0.08744208514690399
125000,262,train,eikonal,0.008986248634755611
125000,262,train,render,0.07145804166793823
125000,262,train,total,0.07235666364431381
125100,262,train,eikonal,0.013513347133994102
125100,262,train,render,0.08881233632564545
125100,262,train,total,0.09016367048025131
125200,262,train,eikonal,0.01729952171444893
125200,262,train,render,0.07709562033414841
125200,262,train,total,0.07882557064294815
125300,262,train,eikonal,0.014689106494188309
125300,262,train,render,0.07802820950746536
125300,262,train,total,0.07949712127447128
125400,262,train,eikonal,0.01228516735136509
125400,262,train,render,0.08740270137786865
125400,262,train,total,0.08863122016191483
125500,263,train,eikonal,0.018359653651714325
125500,263,train,render,0.08705058693885803
125500,263,train,total,0.0888865515589714
125600,263,train,eikonal,0.011289960704743862
125600,263,train,render,0.08129806816577911
125600,263,train,total,0.08242706209421158
125700,263,train,eikonal,0.012377280741930008
125700,263,train,render,0.0878380537033081
125700,263,train,total,0.08907578140497208
125800,263,train,eikonal,0.014611611142754555
125800,263,train,render,0.11257077008485794
125800,263,train,total,0.11403193324804306
125900,263,train,eikonal,0.0155458003282547
125900,263,train,render,0.0693545788526535
125900,263,train,total,0.07090915739536285
126000,264,train,eikonal,0.016586048528552055
126000,264,train,render,0.09150724112987518
126000,264,train,total,0.09316584467887878
126100,264,train,eikonal,0.0167054682970047
126100,264,train,render,0.14000481367111206
126100,264,train,total,0.14167535305023193
126200,264,train,eikonal,0.015385115519165993
126200,264,train,render,0.09764016419649124
126200,264,train,total,0.09917867928743362
126300,264,train,eikonal,0.012129881419241428
126300,264,train,render,0.08094598352909088
126300,264,train,total,0.08215897530317307
126400,264,train,eikonal,0.013075928203761578
126400,264,train,render,0.08871735632419586
126400,264,train,total,0.09002494812011719
126500,265,train,eikonal,0.014782736077904701
126500,265,train,render,0.08145803213119507
126500,265,train,total,0.08293630927801132
126600,265,train,eikonal,0.012706197798252106
126600,265,train,render,0.0923597440123558
126600,265,train,total,0.0936303660273552
126700,265,train,eikonal,0.013723223470151424
126700,265,train,render,0.07736927270889282
126700,265,train,total,0.07874159514904022
126800,265,train,eikonal,0.017569731920957565
126800,265,train,render,0.07373344898223877
126800,265,train,total,0.07549042254686356
126900,266,train,eikonal,0.01797919161617756
126900,266,train,render,0.07882386445999146
126900,266,train,total,0.08062178641557693
127000,266,train,eikonal,0.019396627321839333
127000,266,train,render,0.09509975463151932
127000,266,train,total,0.09703941643238068
127100,266,train,eikonal,0.017645295709371567
127100,266,train,render,0.09789656102657318
127100,266,train,total,0.09966108947992325
127200,266,train,eikonal,0.010311167687177658
127200,266,train,render,0.08630300313234329
127200,266,train,total,0.08733411878347397
127300,266,train,eikonal,0.01174948737025261
127300,266,train,render,0.08216984570026398
127300,266,train,total,0.08334479480981827
127400,267,train,eikonal,0.011469036340713501
127400,267,train,render,0.13288867473602295
127400,267,train,total,0.13403557240962982
127500,267,train,eikonal,0.014179104939103127
127500,267,train,render,0.08249504864215851
127500,267,train,total,0.08391296118497849
127600,267,train,eikonal,0.011974983848631382
127600,267,train,render,0.08681580424308777
127600,267,train,total,0.08801330626010895
127700,267,train,eikonal,0.019265547394752502
127700,267,train,render,0.09758098423480988
127700,267,train,total,0.09950754046440125
127800,267,train,eikonal,0.015268471091985703
127800,267,train,render,0.07191632688045502
127800,267,train,total,0.07344317436218262
127900,268,train,eikonal,0.015776745975017548
127900,268,train,render,0.09253863990306854
127900,268,train,total,0.09411631524562836
128000,268,train,eikonal,0.022717509418725967
128000,268,train,render,0.0961691290140152
128000,268,train,total,0.09844087809324265
128100,268,train,eikonal,0.023126553744077682
128100,268,train,render,0.09576377272605896
128100,268,train,total,0.09807642549276352
128200,268,train,eikonal,0.013514813035726547
128200,268,train,render,0.07767227292060852
128200,268,train,total,0.07902375608682632
128300,268,train,eikonal,0.016122523695230484
128300,268,train,render,0.08546954393386841
128300,268,train,total,0.08708179742097855
128400,269,train,eikonal,0.01914314180612564
128400,269,train,render,0.07998746633529663
128400,269,train,total,0.08190178126096725
128500,269,train,eikonal,0.01320576760917902
128500,269,train,render,0.07934099435806274
128500,269,train,total,0.08066157251596451
128600,269,train,eikonal,0.015529663302004337
128600,269,train,render,0.07467849552631378
128600,269,train,total,0.0762314647436142
128700,269,train,eikonal,0.014218170195817947
128700,269,train,render,0.08155761659145355
128700,269,train,total,0.08297943323850632
128800,270,train,eikonal,0.013609884306788445
128800,270,train,render,0.1451776921749115
128800,270,train,total,0.14653867483139038
128900,270,train,eikonal,0.014269332401454449
128900,270,train,render,0.08466220647096634
128900,270,train,total,0.08608914166688919
129000,270,train,eikonal,0.01063250470906496
129000,270,train,render,0.08686932921409607
129000,270,train,total,0.08793257921934128
129100,270,train,eikonal,0.017690099775791168
129100,270,train,render,0.08653073757886887
129100,270,train,total,0.08829975128173828
129200,270,train,eikonal,0.018753118813037872
129200,270,train,render,0.1031084731221199
129200,270,train,total,0.10498378425836563
129300,271,train,eikonal,0.012393427081406116
129300,271,train,render,0.07577288150787354
129300,271,train,total,0.07701222598552704
129400,271,train,eikonal,0.024441275745630264
129400,271,train,render,0.08545438945293427
129400,271,train,total,0.08789851516485214
129500,271,train,eikonal,0.018403487280011177
129500,271,train,render,0.10226903110742569
129500,271,train,total,0.10410937666893005
129600,271,train,eikonal,0.014411303214728832
129600,271,train,render,0.08480721712112427
129600,271,train,total,0.08624834567308426
129700,271,train,eikonal,0.014555403962731361
129700,271,train,render,0.09111033380031586
129700,271,train,total,0.0925658717751503
129800,272,train,eikonal,0.01704331487417221
129800,272,train,render,0.09327469766139984
129800,272,train,total,0.09497903287410736
129900,272,train,eikonal,0.012798581272363663
129900,272,train,render,0.0761183351278305
129900,272,train,total,0.07739819586277008
130000,272,train,eikonal,0.014886977151036263
130000,272,train,render,0.08605161309242249
130000,272,train,total,0.08754031360149384
130100,272,train,eikonal,0.01167682558298111
130100,272,train,render,0.07277911901473999
130100,272,train,total,0.07394680380821228
130200,272,train,eikonal,0.016154929995536804
130200,272,train,render,0.09298193454742432
130200,272,train,total,0.09459742903709412
130300,273,train,eikonal,0.023303477093577385
130300,273,train,render,0.07887838780879974
130300,273,train,total,0.081208735704422
130400,273,train,eikonal,0.017183059826493263
130400,273,train,render,0.0775550827383995
130400,273,train,total,0.07927338778972626
130500,273,train,eikonal,0.01609673723578453
130500,273,train,render,0.09503106772899628
130500,273,train,total,0.09664074331521988
130600,273,train,eikonal,0.014413573779165745
130600,273,train,render,0.08494508266448975
130600,273,train,total,0.08638644218444824
130700,274,train,eikonal,0.012110458686947823
130700,274,train,render,0.09419193863868713
130700,274,train,total,0.09540298581123352
130800,274,train,eikonal,0.014802557416260242
130800,274,train,render,0.09703780710697174
130800,274,train,total,0.09851806610822678
130900,274,train,eikonal,0.023277360945940018
130900,274,train,render,0.08264859020709991
130900,274,train,total,0.08497632294893265
131000,274,train,eikonal,0.016344089061021805
131000,274,train,render,0.10290795564651489
131000,274,train,total,0.10454236716032028
131100,274,train,eikonal,0.011073795147240162
131100,274,train,render,0.08055901527404785
131100,274,train,total,0.08166639506816864
131200,275,train,eikonal,0.012773554772138596
131200,275,train,render,0.07894627749919891
131200,275,train,total,0.08022363483905792
131300,275,train,eikonal,0.01415293663740158
131300,275,train,render,0.08122704923152924
131300,275,train,total,0.08264234662055969
131400,275,train,eikonal,0.01187740545719862
131400,275,train,render,0.0825897753238678
131400,275,train,total,0.083777517080307
131500,275,train,eikonal,0.019358746707439423
131500,275,train,render,0.09078074991703033
131500,275,train,total,0.09271662682294846
131600,275,train,eikonal,0.01287391223013401
131600,275,train,render,0.08764053881168365
131600,275,train,total,0.08892793208360672
131700,276,train,eikonal,0.012355772778391838
131700,276,train,render,0.0782586932182312
131700,276,train,total,0.07949426770210266
131800,276,train,eikonal,0.017423968762159348
131800,276,train,render,0.08172978460788727
131800,276,train,total,0.08347218483686447
131900,276,train,eikonal,0.01087343879044056
131900,276,train,render,0.08266019821166992
131900,276,train,total,0.08374754339456558
132000,276,train,eikonal,0.013780064880847931
132000,276,train,render,0.07776081562042236
132000,276,train,total,0.07913882285356522
132100,276,train,eikonal,0.013481957837939262
132100,276,train,render,0.09063536673784256
132100,276,train,total,0.09198356419801712
132200,277,train,eikonal,0.0105066429823637
132200,277,train,render,0.07796092331409454
132200,277,train,total,0.07901158928871155
132300,277,train,eikonal,0.016948986798524857
132300,277,train,render,0.09692768007516861
132300,277,train,total,0.09862257540225983
132400,277,train,eikonal,0.013848656788468361
132400,277,train,render,0.07416638731956482
132400,277,train,total,0.07555125653743744
132500,277,train,eikonal,0.012535136193037033
132500,277,train,render,0.08108390867710114
132500,277,train,total,0.08233742415904999
132600,277,train,eikonal,0.019094422459602356
132600,277,train,render,0.08865509927272797
132600,277,train,total,0.0905645415186882
132700,278,train,eikonal,0.014077396132051945
132700,278,train,render,0.08042699098587036
132700,278,train,total,0.08183473348617554
132800,278,train,eikonal,0.021806031465530396
132800,278,train,render,0.09214474260807037
132800,278,train,total,0.09432534873485565
132900,278,train,eikonal,0.011859426274895668
132900,278,train,render,0.08135172724723816
132900,278,train,total,0.08253767341375351
133000,278,train,eikonal,0.015272574499249458
133000,278,train,render,0.06717196106910706
133000,278,train,total,0.06869921833276749
133100,279,train,eikonal,0.01401186641305685
133100,279,train,render,0.08168600499629974
133100,279,train,total,0.08308719098567963
133200,279,train,eikonal,0.009200455620884895
133200,279,train,render,0.07948583364486694
133200,279,train,total,0.08040587604045868
133300,279,train,eikonal,0.015521055087447166
133300,279,train,render,0.08183736354112625
133300,279,train,total,0.08338946849107742
133400,279,train,eikonal,0.010560808703303337
133400,279,train,render,0.07406626641750336
133400,279,train,total,0.07512234896421432
133500,279,train,eikonal,0.01463878434151411
133500,279,train,render,0.0878487229347229
133500,279,train,total,0.0893125981092453
133600,280,train,eikonal,0.013407496735453606
133600,280,train,render,0.09983401000499725
133600,280,train,total,0.10117475688457489
133700,280,train,eikonal,0.012826133519411087
133700,280,train,render,0.09137789905071259
133700,280,train,total,0.09266050904989243
133800,280,train,eikonal,0.015312481671571732
133800,280,train,render,0.07545991241931915
133800,280,train,total,0.07699116319417953
133900,280,train,eikonal,0.01419073436409235
133900,280,train,render,0.08241783082485199
133900,280,train,total,0.08383690565824509
134000,280,train,eikonal,0.018014274537563324
134000,280,train,render,0.0962340235710144
134000,280,train,total,0.09803545475006104
134100,281,train,eikonal,0.012069595977663994
134100,281,train,render,0.0856119692325592
134100,281,train,total,0.08681892603635788
134200,281,train,eikonal,0.0157715305685997
134200,281,train,render,0.07313759624958038
134200,281,train,total,0.07471475005149841
134300,281,train,eikonal,0.012850707396864891
134300,281,train,render,0.09220127761363983
134300,281,train,total,0.09348634630441666
134400,281,train,eikonal,0.013217493891716003
134400,281,train,render,0.094850555062294
134400,281,train,total,0.09617230296134949
134500,281,train,eikonal,0.01833833009004593
134500,281,train,render,0.0815819501876831
134500,281,train,total,0.08341578394174576
134600,282,train,eikonal,0.00972907803952694
134600,282,train,render,0.08433938026428223
134600,282,train,total,0.08531228452920914
134700,282,train,eikonal,0.012147967703640461
134700,282,train,render,0.08545590937137604
134700,282,train,total,0.08667070418596268
134800,282,train,eikonal,0.013737449422478676
134800,282,train,render,0.07484377175569534
134800,282,train,total,0.07621751725673676
134900,282,train,eikonal,0.013816265389323235
134900,282,train,render,0.09926973283290863
134900,282,train,total,0.10065136104822159
135000,283,train,eikonal,0.012694314122200012
135000,283,train,render,0.08470941334962845
135000,283,train,total,0.08597884327173233
135100,283,train,eikonal,0.012102477252483368
135100,283,train,render,0.08015211671590805
135100,283,train,total,0.08136236667633057
135200,283,train,eikonal,0.01863947883248329
135200,283,train,render,0.08135472238063812
135200,283,train,total,0.08321867138147354
135300,283,train,eikonal,0.020182425156235695
135300,283,train,render,0.08185693621635437
135300,283,train,total,0.08387517929077148
135400,283,train,eikonal,0.014927858486771584
135400,283,train,render,0.08867958188056946
135400,283,train,total,0.09017236530780792
135500,284,train,eikonal,0.02160235494375229
135500,284,train,render,0.0841333270072937
135500,284,train,total,0.08629356324672699
135600,284,train,eikonal,0.019386494532227516
135600,284,train,render,0.09032255411148071
135600,284,train,total,0.09226120263338089
135700,284,train,eikonal,0.010446954518556595
135700,284,train,render,0.07604379206895828
135700,284,train,total,0.07708849012851715
135800,284,train,eikonal,0.011077573522925377
135800,284,train,render,0.08560185134410858
135800,284,train,total,0.08670961111783981
135900,284,train,eikonal,0.011526301503181458
135900,284,train,render,0.07917560636997223
135900,284,train,total,0.08032823354005814
136000,285,train,eikonal,0.020290404558181763
136000,285,train,render,0.0819123238325119
136000,285,train,total,0.08394136279821396
136100,285,train,eikonal,0.012086539529263973
136100,285,train,render,0.09717243164777756
136100,285,train,total,0.09838108718395233
136200,285,train,eikonal,0.011180494911968708
136200,285,train,render,0.0785810649394989
136200,285,train,total,0.07969911396503448
136300,285,train,eikonal,0.011402212083339691
136300,285,train,render,0.07865121215581894
136300,285,train,total,0.07979143410921097
136400,285,train,eikonal,0.013136949390172958
136400,285,train,render,0.08824776113033295
136400,285,train,total,0.08956145495176315
136500,286,train,eikonal,0.01956694945693016
136500,286,train,render,0.08831998705863953
136500,286,train,total,0.09027668088674545
136600,286,train,eikonal,0.013443591073155403
136600,286,train,render,0.09702953696250916
136600,286,train,total,0.0983738973736763
136700,286,train,eikonal,0.01159304566681385
136700,286,train,render,0.13536106050014496
136700,286,train,total,0.1365203708410263
136800,286,train,eikonal,0.016736356541514397
136800,286,train,render,0.09850090742111206
136800,286,train,total,0.10017454624176025
136900,287,train,eikonal,0.01469002291560173
136900,287,train,render,0.079023078083992
136900,287,train,total,0.08049207925796509
137000,287,train,eikonal,0.009785103611648083
137000,287,train,render,0.08207961916923523
137000,287,train,total,0.08305812627077103
137100,287,train,eikonal,0.02144736610352993
137100,287,train,render,0.07222110033035278
137100,287,train,total,0.07436583936214447
137200,287,train,eikonal,0.01381494291126728
137200,287,train,render,0.08876895159482956
137200,287,train,total,0.09015044569969177
137300,287,train,eikonal,0.014565102756023407
137300,287,train,render,0.08324854075908661
137300,287,train,total,0.08470505475997925
137400,288,train,eikonal,0.01262729149311781
137400,288,train,render,0.08346810936927795
137400,288,train,total,0.0847308412194252
137500,288,train,eikonal,0.011894745752215385
137500,288,train,render,0.08651579171419144
137500,288,train,total,0.08770526945590973
137600,288,train,eikonal,0.01069384254515171
137600,288,train,render,0.08448823541402817
137600,288,train,total,0.08555761724710464
137700,288,train,eikonal,0.010739955119788647
137700,288,train,render,0.09394215047359467
137700,288,train,total,0.09501614421606064
137800,288,train,eikonal,0.00925096869468689
137800,288,train,render,0.08886928856372833
137800,288,train,total,0.08979438245296478
137900,289,train,eikonal,0.011387668550014496
137900,289,train,render,0.08682584762573242
137900,289,train,total,0.08796461671590805
138000,289,train,eikonal,0.022701170295476913
138000,289,train,render,0.07700902223587036
138000,289,train,total,0.07927913963794708
138100,289,train,eikonal,0.014601374976336956
138100,289,train,render,0.08382417261600494
138100,289,train,total,0.08528430759906769
138200,289,train,eikonal,0.011310025118291378
138200,289,train,render,0.07795071601867676
138200,289,train,total,0.07908172160387039
138300,289,train,eikonal,0.01331750676035881
138300,289,train,render,0.1002487912774086
138300,289,train,total,0.10158054530620575
138400,290,train,eikonal,0.014043965376913548
138400,290,train,render,0.08077412843704224
138400,290,train,total,0.0821785256266594
138500,290,train,eikonal,0.01139136590063572
138500,290,train,render,0.08416863530874252
138500,290,train,total,0.0853077694773674
138600,290,train,eikonal,0.01239161565899849
138600,290,train,render,0.09017454832792282
138600,290,train,total,0.0914137065410614
138700,290,train,eikonal,0.014480490237474442
138700,290,train,render,0.08872384577989578
138700,290,train,total,0.09017189592123032
138800,290,train,eikonal,0.01414888259023428
138800,290,train,render,0.08438826352357864
138800,290,train,total,0.08580315113067627
138900,291,train,eikonal,0.015330717898905277
138900,291,train,render,0.071815624833107
138900,291,train,total,0.07334869354963303
139000,291,train,eikonal,0.014249792322516441
139000,291,train,render,0.08577597141265869
139000,291,train,total,0.08720094710588455
139100,291,train,eikonal,0.013213932514190674
139100,291,train,render,0.08312977850437164
139100,291,train,total,0.08445116877555847
139200,291,train,eikonal,0.015628615394234657
139200,291,train,render,0.08866560459136963
139200,291,train,total,0.09022846817970276
139300,292,train,eikonal,0.015412585809826851
139300,292,train,render,0.09130904823541641
139300,292,train,total,0.09285030514001846
139400,292,train,eikonal,0.016109932214021683
139400,292,train,render,0.07838696241378784
139400,292,train,total,0.0799979567527771
139500,292,train,eikonal,0.014807777479290962
139500,292,train,render,0.08276154100894928
139500,292,train,total,0.0842423215508461
139600,292,train,eikonal,0.013607068918645382
139600,292,train,render,0.07217475771903992
139600,292,train,total,0.07353546470403671
139700,292,train,eikonal,0.013250389136373997
139700,292,train,render,0.09354376047849655
139700,292,train,total,0.09486880153417587
139800,293,train,eikonal,0.01530156098306179
139800,293,train,render,0.09810970723628998
139800,293,train,total,0.09963986277580261
139900,293,train,eikonal,0.012074258178472519
139900,293,train,render,0.07510072737932205
139900,293,train,total,0.07630815356969833
140000,293,train,eikonal,0.01235121488571167
140000,293,train,render,0.08710035681724548
140000,293,train,total,0.08833547681570053
140100,293,train,eikonal,0.012577858753502369
140100,293,train,render,0.13831467926502228
140100,293,train,total,0.13957247138023376
140200,293,train,eikonal,0.01448121853172779
140200,293,train,render,0.0825875997543335
140200,293,train,total,0.084035724401474
140300,294,train,eikonal,0.008986476808786392
140300,294,train,render,0.07880428433418274
140300,294,train,total,0.07970292866230011
140400,294,train,eikonal,0.010821770876646042
140400,294,train,render,0.09447035193443298
140400,294,train,total,0.09555252641439438
140500,294,train,eikonal,0.014943622052669525
140500,294,train,render,0.09101612865924835
140500,294,train,total,0.09251049160957336
140600,294,train,eikonal,0.010620541870594025
140600,294,train,render,0.08470214158296585
140600,294,train,total,0.08576419949531555
140700,294,train,eikonal,0.01873595081269741
140700,294,train,render,0.07642965018749237
140700,294,train,total,0.0783032476902008
140800,295,train,eikonal,0.014123711735010147
140800,295,train,render,0.07580454647541046
140800,295,train,total,0.07721691578626633
140900,295,train,eikonal,0.011314330622553825
140900,295,train,render,0.1505858600139618
140900,295,train,total,0.15171729028224945
141000,295,train,eikonal,0.014010034501552582
141000,295,train,render,0.08288131654262543
141000,295,train,total,0.08428232371807098
141100,295,train,eikonal,0.014190679416060448
141100,295,train,render,0.08287890255451202
141100,295,train,total,0.08429796993732452
141200,296,train,eikonal,0.01720453053712845
141200,296,train,render,0.08329075574874878
141200,296,train,total,0.08501120656728745
141300,296,train,eikonal,0.012238848023116589
141300,296,train,render,0.07823169976472855
141300,296,train,total,0.07945558428764343
141400,296,train,eikonal,0.012096293270587921
141400,296,train,render,0.07927750051021576
141400,296,train,total,0.08048713207244873
141500,296,train,eikonal,0.017007160931825638
141500,296,train,render,0.08328055590391159
141500,296,train,total,0.084981270134449
141600,296,train,eikonal,0.017731448635458946
141600,296,train,render,0.08413276076316833
141600,296,train,total,0.08590590208768845
141700,297,train,eikonal,0.014899222180247307
141700,297,train,render,0.0835900753736496
141700,297,train,total,0.08507999777793884
141800,297,train,eikonal,0.016935031861066818
141800,297,train,render,0.09746366739273071
141800,297,train,total,0.0991571694612503
141900,297,train,eikonal,0.011874202638864517
141900,297,train,render,0.08303235471248627
141900,297,train,total,0.08421977609395981
142000,297,train,eikonal,0.018017463386058807
142000,297,train,render,0.0865744948387146
142000,297,train,total,0.0883762389421463
142100,297,train,eikonal,0.008965279906988144
142100,297,train,render,0.0832744687795639
142100,297,train,total,0.08417099714279175
142200,298,train,eikonal,0.013880087062716484
142200,298,train,render,0.08166185021400452
142200,298,train,total,0.08304985612630844
142300,298,train,eikonal,0.012154684402048588
142300,298,train,render,0.08771258592605591
142300,298,train,total,0.08892805129289627
142400,298,train,eikonal,0.012900049798190594
142400,298,train,render,0.10199084877967834
142400,298,train,total,0.10328085720539093
142500,298,train,eikonal,0.01555772963911295
142500,298,train,render,0.06966055929660797
142500,298,train,total,0.07121632993221283
142600,298,train,eikonal,0.00931345485150814
142600,298,train,render,0.07380099594593048
142600,298,train,total,0.07473234087228775
142700,299,train,eikonal,0.0126381516456604
142700,299,train,render,0.09956201165914536
142700,299,train,total,0.10082582384347916
142800,299,train,eikonal,0.01965400204062462
142800,299,train,render,0.08016066253185272
142800,299,train,total,0.08212606608867645
142900,299,train,eikonal,0.01666058786213398
142900,299,train,render,0.07645978033542633
142900,299,train,total,0.07812584191560745
143000,299,train,eikonal,0.012780983000993729
143000,299,train,render,0.08838962018489838
143000,299,train,total,0.08966771513223648
143100,300,train,eikonal,0.013763435184955597
143100,300,train,render,0.10164874792098999
143100,300,train,total,0.10302509367465973
143200,300,train,eikonal,0.019724532961845398
143200,300,train,render,0.08728276193141937
143200,300,train,total,0.08925521373748779
143300,300,train,eikonal,0.011702872812747955
143300,300,train,render,0.07886950671672821
143300,300,train,total,0.08003979176282883
143400,300,train,eikonal,0.01113252341747284
143400,300,train,render,0.07997380197048187
143400,300,train,total,0.08108705282211304
143500,300,train,eikonal,0.01069695595651865
143500,300,train,render,0.1055406779050827
143500,300,train,total,0.10661037266254425
143600,301,train,eikonal,0.010758772492408752
143600,301,train,render,0.07215608656406403
143600,301,train,total,0.07323196530342102
143700,301,train,eikonal,0.011687024496495724
143700,301,train,render,0.07917143404483795
143700,301,train,total,0.08034013956785202
143800,301,train,eikonal,0.014280160889029503
143800,301,train,render,0.07684165239334106
143800,301,train,total,0.07826966792345047
143900,301,train,eikonal,0.021588709205389023
143900,301,train,render,0.08738996088504791
143900,301,train,total,0.08954883366823196
144000,301,train,eikonal,0.017003348097205162
144000,301,train,render,0.08823071420192719
144000,301,train,total,0.08993104845285416
144100,302,train,eikonal,0.00955304317176342
144100,302,train,render,0.07976987957954407
144100,302,train,total,0.08072518557310104
144200,302,train,eikonal,0.010418283753097057
144200,302,train,render,0.08609691262245178
144200,302,train,total,0.08713874220848083
144300,302,train,eikonal,0.014092586934566498
144300,302,train,render,0.07736518979072571
144300,302,train,total,0.07877445220947266
144400,302,train,eikonal,0.015814783051609993
144400,302,train,render,0.07971164584159851
144400,302,train,total,0.08129312098026276
144500,302,train,eikonal,0.01324774045497179
144500,302,train,render,0.09649106115102768
144500,302,train,total,0.09781583398580551
144600,303,train,eikonal,0.013575104996562004
144600,303,train,render,0.06823420524597168
144600,303,train,total,0.0695917159318924
144700,303,train,eikonal,0.014206867665052414
144700,303,train,render,0.07692811638116837
144700,303,train,total,0.0783488005399704
144800,303,train,eikonal,0.014062962494790554
144800,303,train,render,0.07850031554698944
144800,303,train,total,0.07990661263465881
144900,303,train,eikonal,0.013526592403650284
144900,303,train,render,0.08637143671512604
144900,303,train,total,0.08772409707307816
145000,303,train,eikonal,0.01777856983244419
145000,303,train,render,0.09543155133724213
145000,303,train,total,0.09720940887928009
145100,304,train,eikonal,0.010795798152685165
145100,304,train,render,0.08328665792942047
145100,304,train,total,0.08436623960733414
145200,304,train,eikonal,0.009817712008953094
145200,304,train,render,0.0927562415599823
145200,304,train,total,0.09373801201581955
145300,304,train,eikonal,0.02223324403166771
145300,304,train,render,0.08612753450870514
145300,304,train,total,0.08835086226463318
145400,304,train,eikonal,0.017397750169038773
145400,304,train,render,0.08603527396917343
145400,304,train,total,0.08777505159378052
145500,305,train,eikonal,0.01452045701444149
145500,305,train,render,0.1529885232448578
145500,305,train,total,0.15444056689739227
145600,305,train,eikonal,0.016867462545633316
145600,305,train,render,0.09195206314325333
145600,305,train,total,0.09363880753517151
145700,305,train,eikonal,0.014521028846502304
145700,305,train,render,0.0936097502708435
145700,305,train,total,0.09506185352802277
145800,305,train,eikonal,0.014228792861104012
145800,305,train,render,0.08520430326461792
145800,305,train,total,0.08662718534469604
145900,305,train,eikonal,0.011758451350033283
145900,305,train,render,0.08686753362417221
145900,305,train,total,0.08804337680339813
146000,306,train,eikonal,0.016580309718847275
146000,306,train,render,0.08939677476882935
146000,306,train,total,0.09105480462312698
146100,306,train,eikonal,0.011977722868323326
146100,306,train,render,0.085044726729393
146100,306,train,total,0.08624249696731567
146200,306,train,eikonal,0.010213622823357582
146200,306,train,render,0.08273284137248993
146200,306,train,total,0.08375420421361923
146300,306,train,eikonal,0.009492328390479088
146300,306,train,render,0.0897790789604187
146300,306,train,total,0.09072831273078918
146400,306,train,eikonal,0.00818819459527731
146400,306,train,render,0.0816388726234436
146400,306,train,total,0.08245769143104553
146500,307,train,eikonal,0.011736570857465267
146500,307,train,render,0.09581279754638672
146500,307,train,total,0.09698645770549774
146600,307,train,eikonal,0.01198294386267662
146600,307,train,render,0.07495900988578796
146600,307,train,total,0.07615730166435242
146700,307,train,eikonal,0.012314214371144772
146700,307,train,render,0.08661682158708572
146700,307,train,total,0.0878482460975647
146800,307,train,eikonal,0.018556613475084305
146800,307,train,render,0.08064212650060654
146800,307,train,total,0.08249779045581818
146900,307,train,eikonal,0.013333193026483059
146900,307,train,render,0.07884763181209564
146900,307,train,total,0.08018095046281815
147000,308,train,eikonal,0.010197049006819725
147000,308,train,render,0.07791225612163544
147000,308,train,total,0.07893195748329163
147100,308,train,eikonal,0.01695900596678257
147100,308,train,render,0.07917380332946777
147100,308,train,total,0.08086970448493958
147200,308,train,eikonal,0.011227583512663841
147200,308,train,render,0.06897200644016266
147200,308,train,total,0.0700947642326355
147300,308,train,eikonal,0.01644377037882805
147300,308,train,render,0.07635783404111862
147300,308,train,total,0.0780022144317627
147400,309,train,eikonal,0.01247140858322382
147400,309,train,render,0.08975303918123245
147400,309,train,total,0.09100017696619034
147500,309,train,eikonal,0.008003012277185917
147500,309,train,render,0.08041856437921524
147500,309,train,total,0.08121886849403381
147600,309,train,eikonal,0.014878809452056885
147600,309,train,render,0.10658770054578781
147600,309,train,total,0.1080755814909935
147700,309,train,eikonal,0.014603914692997932
147700,309,train,render,0.08070151507854462
147700,309,train,total,0.08216190338134766
147800,309,train,eikonal,0.01003198605030775
147800,309,train,render,0.0837961882352829
147800,309,train,total,0.0847993865609169
147900,310,train,eikonal,0.009349220432341099
147900,310,train,render,0.08015388250350952
147900,310,train,total,0.08108880370855331
148000,310,train,eikonal,0.016063697636127472
148000,310,train,render,0.07957535982131958
148000,310,train,total,0.08118172734975815
148100,310,train,eikonal,0.018470870330929756
148100,310,train,render,0.08453149348497391
148100,310,train,total,0.08637858182191849
148200,310,train,eikonal,0.017824187874794006
148200,310,train,render,0.08311177045106888
148200,310,train,total,0.08489418774843216
148300,310,train,eikonal,0.019876742735505104
148300,310,train,render,0.0877983495593071
148300,310,train,total,0.08978602290153503
148400,311,train,eikonal,0.023034393787384033
148400,311,train,render,0.09097686409950256
148400,311,train,total,0.09328030049800873
148500,311,train,eikonal,0.011311511509120464
148500,311,train,render,0.07872854173183441
148500,311,train,total,0.07985969632863998
148600,311,train,eikonal,0.012447737157344818
148600,311,train,render,0.09164968132972717
148600,311,train,total,0.09289445728063583
148700,311,train,eikonal,0.01596161723136902
148700,311,train,render,0.08009184896945953
148700,311,train,total,0.08168800920248032
148800,311,train,eikonal,0.019650815054774284
148800,311,train,render,0.08705055713653564
148800,311,train,total,0.08901564031839371
148900,312,train,eikonal,0.01200009509921074
148900,312,train,render,0.08809015154838562
148900,312,train,total,0.08929016441106796
149000,312,train,eikonal,0.011095721274614334
149000,312,train,render,0.07123948633670807
149000,312,train,total,0.07234905660152435
149100,312,train,eikonal,0.01206148974597454
149100,312,train,render,0.08581007272005081
149100,312,train,total,0.08701622486114502
149200,312,train,eikonal,0.015373283997178078
149200,312,train,render,0.09014660120010376
149200,312,train,total,0.09168393164873123
149300,312,train,eikonal,0.011730795726180077
149300,312,train,render,0.08151817321777344
149300,312,train,total,0.0826912522315979
149400,313,train,eikonal,0.012164542451500893
149400,313,train,render,0.07709258794784546
149400,313,train,total,0.07830904424190521
149500,313,train,eikonal,0.01865447126328945
149500,313,train,render,0.08204305171966553
149500,313,train,total,0.08390849828720093
149600,313,train,eikonal,0.019495615735650063
149600,313,train,render,0.08602695167064667
149600,313,train,total,0.08797651529312134
149700,313,train,eikonal,0.014640320092439651
149700,313,train,render,0.10215899348258972
149700,313,train,total,0.10362302511930466
149800,314,train,eikonal,0.012651707977056503
149800,314,train,render,0.06792932748794556
149800,314,train,total,0.069194495677948
149900,314,train,eikonal,0.012246169149875641
149900,314,train,render,0.08543634414672852
149900,314,train,total,0.0866609588265419
150000,314,train,eikonal,0.012950196862220764
150000,314,train,render,0.07877815514802933
150000,314,train,total,0.08007317781448364
150100,314,train,eikonal,0.012651589699089527
150100,314,train,render,0.08981353044509888
150100,314,train,total,0.09107869118452072
150200,314,train,eikonal,0.013147170655429363
150200,314,train,render,0.09877900779247284
150200,314,train,total,0.10009372234344482
150300,315,train,eikonal,0.013326862826943398
150300,315,train,render,0.08111804723739624
150300,315,train,total,0.082450732588768
150400,315,train,eikonal,0.01026526652276516
150400,315,train,render,0.07613056153059006
150400,315,train,total,0.07715708762407303
150500,315,train,eikonal,0.018875116482377052
150500,315,train,render,0.0846177339553833
150500,315,train,total,0.08650524914264679
150600,315,train,eikonal,0.012441450729966164
150600,315,train,render,0.08096019923686981
150600,315,train,total,0.08220434188842773
150700,315,train,eikonal,0.01286094356328249
150700,315,train,render,0.07801075279712677
150700,315,train,total,0.07929684966802597
150800,316,train,eikonal,0.011577950790524483
150800,316,train,render,0.12269861251115799
150800,316,train,total,0.12385641038417816
150900,316,train,eikonal,0.013075629249215126
150900,316,train,render,0.09327605366706848
150900,316,train,total,0.09458361566066742
151000,316,train,eikonal,0.012491276487708092
151000,316,train,render,0.06650830060243607
151000,316,train,total,0.06775742769241333
151100,316,train,eikonal,0.015497835353016853
151100,316,train,render,0.0857386589050293
151100,316,train,total,0.08728843927383423
151200,316,train,eikonal,0.01619095541536808
151200,316,train,render,0.07749085128307343
151200,316,train,total,0.07910994440317154
151300,317,train,eikonal,0.012027624994516373
151300,317,train,render,0.08182007074356079
151300,317,train,total,0.0830228328704834
151400,317,train,eikonal,0.019013863056898117
151400,317,train,render,0.08353327214717865
151400,317,train,total,0.08543466031551361
151500,317,train,eikonal,0.011224411427974701
151500,317,train,render,0.09723716974258423
151500,317,train,total,0.098359614610672
151600,317,train,eikonal,0.011671866290271282
151600,317,train,render,0.15084055066108704
151600,317,train,total,0.15200774371623993
151700,318,train,eikonal,0.01256619580090046
151700,318,train,render,0.07817350327968597
151700,318,train,total,0.07943012565374374
151800,318,train,eikonal,0.011877015233039856
151800,318,train,render,0.09042157977819443
151800,318,train,total,0.09160928428173065
151900,318,train,eikonal,0.012404616922140121
151900,318,train,render,0.09311970323324203
151900,318,train,total,0.09436016529798508
152000,318,train,eikonal,0.0129060298204422
152000,318,train,render,0.09362050890922546
152000,318,train,total,0.0949111133813858
152100,318,train,eikonal,0.01248086802661419
152100,318,train,render,0.07971340417861938
152100,318,train,total,0.08096148818731308
152200,319,train,eikonal,0.012427255511283875
152200,319,train,render,0.08094547688961029
152200,319,train,total,0.0821882039308548
152300,319,train,eikonal,0.012667788192629814
152300,319,train,render,0.07761745154857635
152300,319,train,total,0.07888422906398773
152400,319,train,eikonal,0.012755071744322777
152400,319,train,render,0.07898460328578949
152400,319,train,total,0.08026011288166046
152500,319,train,eikonal,0.012481825426220894
152500,319,train,render,0.08364200592041016
152500,319,train,total,0.08489018678665161
152600,319,train,eikonal,0.011271141469478607
152600,319,train,render,0.09069953858852386
152600,319,train,total,0.0918266549706459
152700,320,train,eikonal,0.018300428986549377
152700,320,train,render,0.07912138104438782
152700,320,train,total,0.08095142245292664
152800,320,train,eikonal,0.012219471856951714
152800,320,train,render,0.07900197803974152
152800,320,train,total,0.0802239254117012
152900,320,train,eikonal,0.010586285963654518
152900,320,train,render,0.07530100643634796
152900,320,train,total,0.07635963708162308
153000,320,train,eikonal,0.02171333320438862
153000,320,train,render,0.08061381429433823
153000,320,train,total,0.08278514444828033
153100,320,train,eikonal,0.011868893168866634
153100,320,train,render,0.07987713813781738
153100,320,train,total,0.08106403052806854
153200,321,train,eikonal,0.013197925873100758
153200,321,train,render,0.06982231140136719
153200,321,train,total,0.07114210724830627
153300,321,train,eikonal,0.013086369261145592
153300,321,train,render,0.08175532519817352
153300,321,train,total,0.08306396007537842
153400,321,train,eikonal,0.017224878072738647
153400,321,train,render,0.0930512547492981
153400,321,train,total,0.09477373957633972
153500,321,train,eikonal,0.012650776654481888
153500,321,train,render,0.09287053346633911
153500,321,train,total,0.09413561224937439
153600,322,train,eikonal,0.010008488781750202
153600,322,train,render,0.07648314535617828
153600,322,train,total,0.07748399674892426
153700,322,train,eikonal,0.01788119040429592
153700,322,train,render,0.08142007887363434
153700,322,train,total,0.08320819586515427
153800,322,train,eikonal,0.012365338392555714
153800,322,train,render,0.10511870682239532
153800,322,train,total,0.10635524243116379
153900,322,train,eikonal,0.0118175707757473
153900,322,train,render,0.08586463332176208
153900,322,train,total,0.08704639226198196
154000,322,train,eikonal,0.014082918874919415
154000,322,train,render,0.0872236043214798
154000,322,train,total,0.08863189816474915
154100,323,train,eikonal,0.011666039004921913
154100,323,train,render,0.07628469914197922
154100,323,train,total,0.07745130360126495
154200,323,train,eikonal,0.020111698657274246
154200,323,train,render,0.09941451251506805
154200,323,train,total,0.10142568498849869
154300,323,train,eikonal,0.01782413013279438
154300,323,train,render,0.07198962569236755
154300,323,train,total,0.07377203553915024
154400,323,train,eikonal,0.015232942067086697
154400,323,train,render,0.08754432201385498
154400,323,train,total,0.08906761556863785
154500,323,train,eikonal,0.012350939214229584
154500,323,train,render,0.09566725790500641
154500,323,train,total,0.09690235555171967
154600,324,train,eikonal,0.011616554111242294
154600,324,train,render,0.0831637978553772
154600,324,train,total,0.08432545512914658
154700,324,train,eikonal,0.011556568555533886
154700,324,train,render,0.06862975656986237
154700,324,train,total,0.06978541612625122
154800,324,train,eikonal,0.008069166913628578
154800,324,train,render,0.0720803365111351
154800,324,train,total,0.07288725674152374
154900,324,train,eikonal,0.01745171844959259
154900,324,train,render,0.0816422700881958
154900,324,train,total,0.08338744193315506
155000,324,train,eikonal,0.012354321777820587
155000,324,train,render,0.0880952998995781
155000,324,train,total,0.08933073282241821
155100,325,train,eikonal,0.010400041937828064
155100,325,train,render,0.07953381538391113
155100,325,train,total,0.08057381957769394
155200,325,train,eikonal,0.018662065267562866
155200,325,train,render,0.08131079375743866
155200,325,train,total,0.08317700028419495
155300,325,train,eikonal,0.016629964113235474
155300,325,train,render,0.08337686955928802
155300,325,train,total,0.08503986895084381
155400,325,train,eikonal,0.017091475427150726
155400,325,train,render,0.07194898277521133
155400,325,train,total,0.07365813106298447
155500,325,train,eikonal,0.011733867228031158
155500,325,train,render,0.0853116512298584
155500,325,train,total,0.08648503571748734
155600,326,train,eikonal,0.008986287750303745
155600,326,train,render,0.07670436799526215
155600,326,train,total,0.07760299742221832
155700,326,train,eikonal,0.010799746960401535
155700,326,train,render,0.08528789132833481
155700,326,train,total,0.08636786788702011
155800,326,train,eikonal,0.012497497722506523
155800,326,train,render,0.08658772706985474
155800,326,train,total,0.08783748000860214
155900,326,train,eikonal,0.011706829071044922
155900,326,train,render,0.08039603382349014
155900,326,train,total,0.0815667137503624
156000,327,train,eikonal,0.01224549114704132
156000,327,train,render,0.07500547170639038
156000,327,train,total,0.0762300193309784
156100,327,train,eikonal,0.010151302441954613
156100,327,train,render,0.08196233212947845
156100,327,train,total,0.08297745883464813
156200,327,train,eikonal,0.010664674453437328
156200,327,train,render,0.08013713359832764
156200,327,train,total,0.08120360225439072
156300,327,train,eikonal,0.011165579780936241
156300,327,train,render,0.08367185294628143
156300,327,train,total,0.08478841185569763
156400,327,train,eikonal,0.011280862614512444
156400,327,train,render,0.08018414676189423
156400,327,train,total,0.08131223171949387
156500,328,train,eikonal,0.009594053030014038
156500,328,train,render,0.075101837515831
156500,328,train,total,0.07606124132871628
156600,328,train,eikonal,0.01216655969619751
156600,328,train,render,0.08197212219238281
156600,328,train,total,0.08318877965211868
156700,328,train,eikonal,0.021115783601999283
156700,328,train,render,0.07554446160793304
156700,328,train,total,0.07765603810548782
156800,328,train,eikonal,0.012813478708267212
156800,328,train,render,0.09537938237190247
156800,328,train,total,0.09666073322296143
156900,328,train,eikonal,0.012480481527745724
156900,328,train,render,0.09809833765029907
156900,328,train,total,0.09934638440608978
157000,329,train,eikonal,0.013287904672324657
157000,329,train,render,0.09410345554351807
157000,329,train,total,0.09543224424123764
157100,329,train,eikonal,0.011631298810243607
157100,329,train,render,0.07886533439159393
157100,329,train,total,0.0800284668803215
157200,329,train,eikonal,0.00938333012163639
157200,329,train,render,0.08085893094539642
157200,329,train,total,0.08179726451635361
157300,329,train,eikonal,0.01478627324104309
157300,329,train,render,0.0813124030828476
157300,329,train,total,0.0827910304069519
157400,329,train,eikonal,0.015933215618133545
157400,329,train,render,0.08121368288993835
157400,329,train,total,0.08280700445175171
157500,330,train,eikonal,0.013836481608450413
157500,330,train,render,0.0749896764755249
157500,330,train,total,0.07637332379817963
157600,330,train,eikonal,0.015081686899065971
157600,330,train,render,0.07138250023126602
157600,330,train,total,0.07289066910743713
157700,330,train,eikonal,0.013542024418711662
157700,330,train,render,0.09221945703029633
157700,330,train,total,0.093573659658432
157800,330,train,eikonal,0.014500346034765244
157800,330,train,render,0.08127167075872421
157800,330,train,total,0.08272170275449753
157900,331,train,eikonal,0.011613362468779087
157900,331,train,render,0.08294394612312317
157900,331,train,total,0.08410528302192688
158000,331,train,eikonal,0.01000470481812954
158000,331,train,render,0.079385906457901
158000,331,train,total,0.08038637787103653
158100,331,train,eikonal,0.018092937767505646
158100,331,train,render,0.09549015760421753
158100,331,train,total,0.09729944914579391
158200,331,train,eikonal,0.01052155066281557
158200,331,train,render,0.07550983130931854
158200,331,train,total,0.07656198740005493
158300,331,train,eikonal,0.0076022460125386715
158300,331,train,render,0.08735361695289612
158300,331,train,total,0.08811384439468384
158400,332,train,eikonal,0.01675659418106079
158400,332,train,render,0.08608736842870712
158400,332,train,total,0.08776302635669708
158500,332,train,eikonal,0.017676062881946564
158500,332,train,render,0.07967043668031693
158500,332,train,total,0.08143804222345352
158600,332,train,eikonal,0.018706850707530975
158600,332,train,render,0.08681569993495941
158600,332,train,total,0.08868638426065445
158700,332,train,eikonal,0.011112764477729797
158700,332,train,render,0.0809139758348465
158700,332,train,total,0.08202525228261948
158800,332,train,eikonal,0.014217949472367764
158800,332,train,render,0.08550919592380524
158800,332,train,total,0.08693099021911621
158900,333,train,eikonal,0.013043384999036789
158900,333,train,render,0.10146111249923706
158900,333,train,total,0.10276544839143753
159000,333,train,eikonal,0.009075824171304703
159000,333,train,render,0.06895013898611069
159000,333,train,total,0.06985772401094437
159100,333,train,eikonal,0.010325269773602486
159100,333,train,render,0.0786375105381012
159100,333,train,total,0.07967003434896469
159200,333,train,eikonal,0.010196996852755547
159200,333,train,render,0.08220446854829788
159200,333,train,total,0.08322416990995407
159300,333,train,eikonal,0.012416384182870388
159300,333,train,render,0.07322155684232712
159300,333,train,total,0.07446319609880447
159400,334,train,eikonal,0.01049710251390934
159400,334,train,render,0.08673155307769775
159400,334,train,total,0.08778126537799835
159500,334,train,eikonal,0.01421088445931673
159500,334,train,render,0.08261995017528534
159500,334,train,total,0.0840410366654396
159600,334,train,eikonal,0.012926625087857246
159600,334,train,render,0.13493061065673828
159600,334,train,total,0.13622327148914337
159700,334,train,eikonal,0.015318909659981728
159700,334,train,render,0.09083695709705353
159700,334,train,total,0.09236884862184525
159800,335,train,eikonal,0.019653448835015297
159800,335,train,render,0.08295877277851105
159800,335,train,total,0.08492411673069
159900,335,train,eikonal,0.011969458311796188
159900,335,train,render,0.0796528309583664
159900,335,train,total,0.0808497741818428
160000,335,train,eikonal,0.010643509216606617
160000,335,train,render,0.07589471340179443
160000,335,train,total,0.07695906609296799
160100,335,train,eikonal,0.01989191398024559
160100,335,train,render,0.08209797739982605
160100,335,train,total,0.08408717066049576
160200,335,train,eikonal,0.011277290061116219
160200,335,train,render,0.07055753469467163
160200,335,train,total,0.07168526202440262
160300,336,train,eikonal,0.013681020587682724
160300,336,train,render,0.08592185378074646
160300,336,train,total,0.087289959192276
160400,336,train,eikonal,0.01031880546361208
160400,336,train,render,0.07363255321979523
160400,336,train,total,0.07466443628072739
160500,336,train,eikonal,0.009618410840630531
160500,336,train,render,0.09096452593803406
160500,336,train,total,0.09192636609077454
160600,336,train,eikonal,0.013060752302408218
160600,336,train,render,0.08957639336585999
160600,336,train,total,0.09088246524333954
160700,336,train,eikonal,0.017034009099006653
160700,336,train,render,0.07623738050460815
160700,336,train,total,0.07794078439474106
160800,337,train,eikonal,0.012011392042040825
160800,337,train,render,0.06684108078479767
160800,337,train,total,0.06804221868515015
160900,337,train,eikonal,0.013836045749485493
160900,337,train,render,0.08273680508136749
160900,337,train,total,0.08412040770053864
161000,337,train,eikonal,0.010640034452080727
161000,337,train,render,0.07729548215866089
161000,337,train,total,0.07835948467254639
161100,337,train,eikonal,0.01103643886744976
161100,337,train,render,0.08253736793994904
161100,337,train,total,0.08364101499319077
161200,337,train,eikonal,0.01889938674867153
161200,337,train,render,0.0725955069065094
161200,337,train,total,0.07448544353246689
161300,338,train,eikonal,0.010717654600739479
161300,338,train,render,0.07550090551376343
161300,338,train,total,0.07657267153263092
161400,338,train,eikonal,0.011858474463224411
161400,338,train,render,0.08272194862365723
161400,338,train,total,0.08390779793262482
161500,338,train,eikonal,0.015160638839006424
161500,338,train,render,0.07914634048938751
161500,338,train,total,0.08066240698099136
161600,338,train,eikonal,0.011000918224453926
161600,338,train,render,0.12130936980247498
161600,338,train,total,0.12240946292877197
161700,338,train,eikonal,0.011633571237325668
161700,338,train,render,0.09008639305830002
161700,338,train,total,0.0912497490644455
161800,339,train,eikonal,0.008154740557074547
161800,339,train,render,0.06914988905191422
161800,339,train,total,0.06996536254882812
161900,339,train,eikonal,0.010586008429527283
161900,339,train,render,0.09223754703998566
161900,339,train,total,0.09329614788293839
162000,339,train,eikonal,0.01203160360455513
162000,339,train,render,0.12614968419075012
162000,339,train,total,0.12735284864902496
162100,339,train,eikonal,0.011495869606733322
162100,339,train,render,0.0842117965221405
162100,339,train,total,0.08536138385534286
162200,340,train,eikonal,0.014235584065318108
162200,340,train,render,0.08537890017032623
162200,340,train,total,0.08680246025323868
162300,340,train,eikonal,0.013149561360478401
162300,340,train,render,0.07913865149021149
162300,340,train,total,0.08045360445976257
162400,340,train,eikonal,0.01801685430109501
162400,340,train,render,0.08215010911226273
162400,340,train,total,0.08395179361104965
162500,340,train,eikonal,0.01651754230260849
162500,340,train,render,0.09245967864990234
162500,340,train,total,0.09411143511533737
162600,340,train,eikonal,0.011649408377707005
162600,340,train,render,0.08692112565040588
162600,340,train,total,0.0880860686302185
162700,341,train,eikonal,0.011013470590114594
162700,341,train,render,0.07877679169178009
162700,341,train,total,0.07987813651561737
162800,341,train,eikonal,0.02324180118739605
162800,341,train,render,0.08532534539699554
162800,341,train,total,0.08764952421188354
162900,341,train,eikonal,0.010269669815897942
162900,341,train,render,0.09011298418045044
162900,341,train,total,0.09113994985818863
163000,341,train,eikonal,0.013754460029304028
163000,341,train,render,0.08088561147451401
163000,341,train,total,0.08226105570793152
163100,341,train,eikonal,0.010742833837866783
163100,341,train,render,0.08085863292217255
163100,341,train,total,0.0819329172372818
163200,342,train,eikonal,0.009601800702512264
163200,342,train,render,0.07636873424053192
163200,342,train,total,0.07732891291379929
163300,342,train,eikonal,0.014613126404583454
163300,342,train,render,0.08290697634220123
163300,342,train,total,0.08436828851699829
163400,342,train,eikonal,0.010306263342499733
163400,342,train,render,0.0723324567079544
163400,342,train,total,0.07336308062076569
163500,342,train,eikonal,0.011095117777585983
163500,342,train,render,0.09597337245941162
163500,342,train,total,0.09708288311958313
163600,342,train,eikonal,0.021200133487582207
163600,342,train,render,0.0757141038775444
163600,342,train,total,0.0778341144323349
163700,343,train,eikonal,0.012021885253489017
163700,343,train,render,0.07820094376802444
163700,343,train,total,0.07940313220024109
163800,343,train,eikonal,0.01154961995780468
163800,343,train,render,0.08228452503681183
163800,343,train,total,0.08343948423862457
163900,343,train,eikonal,0.010368945077061653
163900,343,train,render,0.0760345458984375
163900,343,train,total,0.07707144320011139
164000,343,train,eikonal,0.010557279922068119
164000,343,train,render,0.08491939306259155
164000,343,train,total,0.08597511798143387
164100,344,train,eikonal,0.010877145454287529
164100,344,train,render,0.08809313178062439
164100,344,train,total,0.0891808494925499
164200,344,train,eikonal,0.013676712289452553
164200,344,train,render,0.10061880201101303
164200,344,train,total,0.10198647528886795
164300,344,train,eikonal,0.014850430190563202
164300,344,train,render,0.09148812294006348
164300,344,train,total,0.09297316521406174
164400,344,train,eikonal,0.010426579043269157
164400,344,train,render,0.07393793016672134
164400,344,train,total,0.07498058676719666
164500,344,train,eikonal,0.011748175136744976
164500,344,train,render,0.08198081701993942
164500,344,train,total,0.08315563201904297
164600,345,train,eikonal,0.010880468413233757
164600,345,train,render,0.07318243384361267
164600,345,train,total,0.07427047938108444
164700,345,train,eikonal,0.01326587051153183
164700,345,train,render,0.09000712633132935
164700,345,train,total,0.09133371710777283
164800,345,train,eikonal,0.020220279693603516
164800,345,train,render,0.0752558708190918
164800,345,train,total,0.07727789878845215
164900,345,train,eikonal,0.011495295912027359
164900,345,train,render,0.09084092080593109
164900,345,train,total,0.09199044853448868
165000,345,train,eikonal,0.016119835898280144
165000,345,train,render,0.07725191116333008
165000,345,train,total,0.07886389642953873
165100,346,train,eikonal,0.011107215657830238
165100,346,train,render,0.08248154073953629
165100,346,train,total,0.08359226584434509
165200,346,train,eikonal,0.013250231742858887
165200,346,train,render,0.08083200454711914
165200,346,train,total,0.08215703070163727
165300,346,train,eikonal,0.01119365356862545
165300,346,train,render,0.09089607745409012
165300,346,train,total,0.09201544523239136
165400,346,train,eikonal,0.019334346055984497
165400,346,train,render,0.08342152088880539
165400,346,train,total,0.08535495400428772
165500,346,train,eikonal,0.011538933031260967
165500,346,train,render,0.07784116268157959
165500,346,train,total,0.07899505645036697
165600,347,train,eikonal,0.01830773614346981
165600,347,train,render,0.0768316239118576
165600,347,train,total,0.07866239547729492
165700,347,train,eikonal,0.010003150440752506
165700,347,train,render,0.08130012452602386
165700,347,train,total,0.08230043947696686
165800,347,train,eikonal,0.010498425923287868
165800,347,train,render,0.07895973324775696
165800,347,train,total,0.0800095722079277
165900,347,train,eikonal,0.008641229942440987
165900,347,train,render,0.08736516535282135
165900,347,train,total,0.08822929114103317
166000,348,train,eikonal,0.012993453070521355
166000,348,train,render,0.08670391887426376
166000,348,train,total,0.0880032628774643
166100,348,train,eikonal,0.015275543555617332
166100,348,train,render,0.11233013868331909
166100,348,train,total,0.1138576939702034
166200,348,train,eikonal,0.009308191016316414
166200,348,train,render,0.07908675074577332
166200,348,train,total,0.0800175666809082
166300,348,train,eikonal,0.01718166284263134
166300,348,train,render,0.09160467982292175
166300,348,train,total,0.09332284331321716
166400,348,train,eikonal,0.015230551362037659
166400,348,train,render,0.08172230422496796
166400,348,train,total,0.08324535936117172
166500,349,train,eikonal,0.012947934679687023
166500,349,train,render,0.07736667990684509
166500,349,train,total,0.0786614716053009
166600,349,train,eikonal,0.011553659103810787
166600,349,train,render,0.08007529377937317
166600,349,train,total,0.08123066276311874
166700,349,train,eikonal,0.01739184744656086
166700,349,train,render,0.08928883075714111
166700,349,train,total,0.09102801233530045
166800,349,train,eikonal,0.013243844732642174
166800,349,train,render,0.09211142361164093
166800,349,train,total,0.09343580901622772
166900,349,train,eikonal,0.012431265786290169
166900,349,train,render,0.0798635482788086
166900,349,train,total,0.08110667765140533
167000,350,train,eikonal,0.015348028391599655
167000,350,train,render,0.09133830666542053
167000,350,train,total,0.09287311136722565
167100,350,train,eikonal,0.00917753390967846
167100,350,train,render,0.08370210230350494
167100,350,train,total,0.08461985737085342
167200,350,train,eikonal,0.008345764130353928
167200,350,train,render,0.07104423642158508
167200,350,train,total,0.0718788132071495
167300,350,train,eikonal,0.01198639813810587
167300,350,train,render,0.07382278144359589
167300,350,train,total,0.0750214233994484
167400,350,train,eikonal,0.011092537082731724
167400,350,train,render,0.0872662216424942
167400,350,train,total,0.08837547898292542
167500,351,train,eikonal,0.013478687033057213
167500,351,train,render,0.06809736788272858
167500,351,train,total,0.06944523751735687
167600,351,train,eikonal,0.012990081682801247
167600,351,train,render,0.06947997212409973
167600,351,train,total,0.0707789808511734
167700,351,train,eikonal,0.010108647868037224
167700,351,train,render,0.09023696929216385
167700,351,train,total,0.09124783426523209
167800,351,train,eikonal,0.01635649986565113
167800,351,train,render,0.08881150186061859
167800,351,train,total,0.09044715017080307
167900,351,train,eikonal,0.011705970391631126
167900,351,train,render,0.07236848771572113
167900,351,train,total,0.07353908568620682
168000,352,train,eikonal,0.011096253991127014
168000,352,train,render,0.07523099333047867
168000,352,train,total,0.07634061574935913
168100,352,train,eikonal,0.012947386130690575
168100,352,train,render,0.07991840690374374
168100,352,train,total,0.08121314644813538
168200,352,train,eikonal,0.014327283948659897
168200,352,train,render,0.08483326435089111
168200,352,train,total,0.08626599609851837
168300,352,train,eikonal,0.013996955007314682
168300,352,train,render,0.0993465930223465
168300,352,train,total,0.100746288895607
168400,353,train,eikonal,0.009227070957422256
168400,353,train,render,0.07953166961669922
168400,353,train,total,0.08045437932014465
168500,353,train,eikonal,0.015517226420342922
168500,353,train,render,0.08444270491600037
168500,353,train,total,0.0859944298863411
168600,353,train,eikonal,0.011413337662816048
168600,353,train,render,0.08155834674835205
168600,353,train,total,0.08269967883825302
168700,353,train,eikonal,0.011393078602850437
168700,353,train,render,0.07259530574083328
168700,353,train,total,0.07373461127281189
168800,353,train,eikonal,0.00759704178199172
168800,353,train,render,0.09254559874534607
168800,353,train,total,0.093305304646492
168900,354,train,eikonal,0.011218859814107418
168900,354,train,render,0.07588221877813339
168900,354,train,total,0.07700410485267639
169000,354,train,eikonal,0.01908784732222557
169000,354,train,render,0.07807909697294235
169000,354,train,total,0.07998788356781006
169100,354,train,eikonal,0.010568451136350632
169100,354,train,render,0.08908788859844208
169100,354,train,total,0.09014473110437393
169200,354,train,eikonal,0.018976174294948578
169200,354,train,render,0.07570852339267731
169200,354,train,total,0.07760614156723022
169300,354,train,eikonal,0.01989050768315792
169300,354,train,render,0.08885039389133453
169300,354,train,total,0.0908394455909729
169400,355,train,eikonal,0.017713993787765503
169400,355,train,render,0.08238916099071503
169400,355,train,total,0.08416055887937546
169500,355,train,eikonal,0.012681687250733376
169500,355,train,render,0.0980759859085083
169500,355,train,total,0.0993441566824913
169600,355,train,eikonal,0.015466003678739071
169600,355,train,render,0.07952278852462769
169600,355,train,total,0.08106938749551773
169700,355,train,eikonal,0.016557399183511734
169700,355,train,render,0.08298175036907196
169700,355,train,total,0.08463749289512634
169800,355,train,eikonal,0.010736016556620598
169800,355,train,render,0.06970560550689697
169800,355,train,total,0.07077920436859131
169900,356,train,eikonal,0.009694434702396393
169900,356,train,render,0.06791961193084717
169900,356,train,total,0.06888905167579651
170000,356,train,eikonal,0.016564562916755676
170000,356,train,render,0.07883457839488983
170000,356,train,total,0.08049103617668152
170100,356,train,eikonal,0.01816227100789547
170100,356,train,render,0.08327005803585052
170100,356,train,total,0.08508628606796265
170200,356,train,eikonal,0.010390501469373703
170200,356,train,render,0.08311815559864044
170200,356,train,total,0.08415720611810684
170300,357,train,eikonal,0.018767155706882477
170300,357,train,render,0.06744535267353058
170300,357,train,total,0.06932206451892853
170400,357,train,eikonal,0.01277526468038559
170400,357,train,render,0.082079216837883
170400,357,train,total,0.08335674554109573
170500,357,train,eikonal,0.01135643944144249
170500,357,train,render,0.08238813281059265
170500,357,train,total,0.08352378010749817
170600,357,train,eikonal,0.013699917122721672
170600,357,train,render,0.07435852289199829
170600,357,train,total,0.07572851330041885
170700,357,train,eikonal,0.011386856436729431
170700,357,train,render,0.07658283412456512
170700,357,train,total,0.07772152125835419
170800,358,train,eikonal,0.010296851396560669
170800,358,train,render,0.07971131801605225
170800,358,train,total,0.08074100315570831
170900,358,train,eikonal,0.01036614365875721
170900,358,train,render,0.09213009476661682
170900,358,train,total,0.09316670894622803
171000,358,train,eikonal,0.014965862035751343
171000,358,train,render,0.07431197166442871
171000,358,train,total,0.0758085548877716
171100,358,train,eikonal,0.013803666457533836
171100,358,train,render,0.08391156792640686
171100,358,train,total,0.08529193699359894
171200,358,train,eikonal,0.016519155353307724
171200,358,train,render,0.08997653424739838
171200,358,train,total,0.09162844717502594
171300,359,train,eikonal,0.01313273049890995
171300,359,train,render,0.08403411507606506
171300,359,train,total,0.08534739166498184
171400,359,train,eikonal,0.012598494067788124
171400,359,train,render,0.07287849485874176
171400,359,train,total,0.074138343334198
171500,359,train,eikonal,0.012724949978291988
171500,359,train,render,0.08131775259971619
171500,359,train,total,0.0825902447104454
171600,359,train,eikonal,0.011408708989620209
171600,359,train,render,0.08231965452432632
171600,359,train,total,0.08346052467823029
171700,359,train,eikonal,0.00995687022805214
171700,359,train,render,0.08825743198394775
171700,359,train,total,0.08925312012434006
171800,360,train,eikonal,0.01223453227430582
171800,360,train,render,0.0907023549079895
171800,360,train,total,0.09192580729722977
171900,360,train,eikonal,0.009735781699419022
171900,360,train,render,0.09003473818302155
171900,360,train,total,0.09100831300020218
172000,360,train,eikonal,0.012679683044552803
172000,360,train,render,0.08155492693185806
172000,360,train,total,0.08282289654016495
172100,360,train,eikonal,0.010444797575473785
172100,360,train,render,0.07742008566856384
172100,360,train,total,0.0784645676612854
172200,361,train,eikonal,0.011608452536165714
172200,361,train,render,0.08531221747398376
172200,361,train,total,0.08647306263446808
172300,361,train,eikonal,0.013075828552246094
172300,361,train,render,0.08770604431629181
172300,361,train,total,0.08901362866163254
172400,361,train,eikonal,0.014011401683092117
172400,361,train,render,0.0915050059556961
172400,361,train,total,0.09290614724159241
172500,361,train,eikonal,0.01751180738210678
172500,361,train,render,0.08232738077640533
172500,361,train,total,0.08407856523990631
172600,361,train,eikonal,0.016567090526223183
172600,361,train,render,0.08504317700862885
172600,361,train,total,0.08669988811016083
172700,362,train,eikonal,0.014783350750803947
172700,362,train,render,0.08594582974910736
172700,362,train,total,0.08742416650056839
172800,362,train,eikonal,0.010259268805384636
172800,362,train,render,0.07153767347335815
172800,362,train,total,0.07256360352039337
172900,362,train,eikonal,0.010960226878523827
172900,362,train,render,0.08428354561328888
172900,362,train,total,0.08537957072257996
173000,362,train,eikonal,0.01295909658074379
173000,362,train,render,0.0879257321357727
173000,362,train,total,0.08922164142131805
173100,362,train,eikonal,0.013036970049142838
173100,362,train,render,0.09570110589265823
173100,362,train,total,0.09700480103492737
173200,363,train,eikonal,0.011802028864622116
173200,363,train,render,0.14453911781311035
173200,363,train,total,0.14571931958198547
173300,363,train,eikonal,0.012941751629114151
173300,363,train,render,0.08925937116146088
173300,363,train,total,0.09055354446172714
173400,363,train,eikonal,0.011853935196995735
173400,363,train,render,0.08879376947879791
173400,363,train,total,0.08997916430234909
173500,363,train,eikonal,0.01157207041978836
173500,363,train,render,0.07875978946685791
173500,363,train,total,0.07991699874401093
173600,363,train,eikonal,0.015508330427110195
173600,363,train,render,0.08142738044261932
173600,363,train,total,0.08297821134328842
173700,364,train,eikonal,0.012203913182020187
173700,364,train,render,0.08253365010023117
173700,364,train,total,0.0837540403008461
173800,364,train,eikonal,0.012990165501832962
173800,364,train,render,0.08064600080251694
173800,364,train,total,0.0819450169801712
173900,364,train,eikonal,0.014507529325783253
173900,364,train,render,0.08397731184959412
173900,364,train,total,0.08542806655168533
174000,364,train,eikonal,0.014982083812355995
174000,364,train,render,0.0874672383069992
174000,364,train,total,0.08896544575691223
174100,364,train,eikonal,0.014179013669490814
174100,364,train,render,0.07787435501813889
174100,364,train,total,0.07929225265979767
174200,365,train,eikonal,0.014972919598221779
174200,365,train,render,0.08137866109609604
174200,365,train,total,0.08287595212459564
174300,365,train,eikonal,0.011094224639236927
174300,365,train,render,0.07246533036231995
174300,365,train,total,0.07357475161552429
174400,365,train,eikonal,0.013265918008983135
174400,365,train,render,0.077674001455307
174400,365,train,total,0.07900059223175049
174500,365,train,eikonal,0.010541962459683418
174500,365,train,render,0.07793407142162323
174500,365,train,total,0.07898826897144318
174600,366,train,eikonal,0.01399034820497036
174600,366,train,render,0.08407023549079895
174600,366,train,total,0.08546926826238632
174700,366,train,eikonal,0.012096608057618141
174700,366,train,render,0.09307890385389328
174700,366,train,total,0.09428856521844864
174800,366,train,eikonal,0.009401271119713783
174800,366,train,render,0.08517563343048096
174800,366,train,total,0.086115762591362
174900,366,train,eikonal,0.011082833632826805
174900,366,train,render,0.089541494846344
174900,366,train,total,0.09064977616071701
175000,366,train,eikonal,0.012737751938402653
175000,366,train,render,0.09890350699424744
175000,366,train,total,0.10017728060483932
175100,367,train,eikonal,0.009771897457540035
175100,367,train,render,0.08200728893280029
175100,367,train,total,0.08298447728157043
175200,367,train,eikonal,0.01615179143846035
175200,367,train,render,0.08211817592382431
175200,367,train,total,0.08373335748910904
175300,367,train,eikonal,0.012284103780984879
175300,367,train,render,0.06901057064533234
175300,367,train,total,0.07023897767066956
175400,367,train,eikonal,0.009941923432052135
175400,367,train,render,0.09500511735677719
175400,367,train,total,0.09599930793046951
175500,367,train,eikonal,0.010490437969565392
175500,367,train,render,0.08372604846954346
175500,367,train,total,0.08477509021759033
175600,368,train,eikonal,0.01154161524027586
175600,368,train,render,0.07139162719249725
175600,368,train,total,0.07254578918218613
175700,368,train,eikonal,0.011399470269680023
175700,368,train,render,0.08231505006551743
175700,368,train,total,0.08345499634742737
175800,368,train,eikonal,0.011653312481939793
175800,368,train,render,0.08282220363616943
175800,368,train,total,0.0839875340461731
175900,368,train,eikonal,0.016764039173722267
175900,368,train,render,0.07945816218852997
175900,368,train,total,0.08113456517457962
176000,368,train,eikonal,0.01299780048429966
176000,368,train,render,0.08571913838386536
176000,368,train,total,0.0870189219713211
176100,369,train,eikonal,0.01100995484739542
176100,369,train,render,0.08908692002296448
176100,369,train,total,0.0901879146695137
176200,369,train,eikonal,0.010457765311002731
176200,369,train,render,0.08424445986747742
176200,369,train,total,0.08529023826122284
176300,369,train,eikonal,0.012050116434693336
176300,369,train,render,0.09406405687332153
176300,369,train,total,0.09526906907558441
176400,369,train,eikonal,0.010750656947493553
176400,369,train,render,0.08485300093889236
176400,369,train,total,0.0859280675649643
176500,370,train,eikonal,0.017071031033992767
176500,370,train,render,0.08062326908111572
176500,370,train,total,0.0823303759098053
176600,370,train,eikonal,0.019360166043043137
176600,370,train,render,0.07432602345943451
176600,370,train,total,0.07626204192638397
176700,370,train,eikonal,0.011682121083140373
176700,370,train,render,0.0802527368068695
176700,370,train,total,0.08142095059156418
176800,370,train,eikonal,0.010739722289144993
176800,370,train,render,0.08545117825269699
176800,370,train,total,0.08652514964342117
176900,370,train,eikonal,0.011783082969486713
176900,370,train,render,0.08192470669746399
176900,370,train,total,0.08310301601886749
177000,371,train,eikonal,0.009640239179134369
177000,371,train,render,0.07276028394699097
177000,371,train,total,0.07372430711984634
177100,371,train,eikonal,0.013329832814633846
177100,371,train,render,0.07563631236553192
177100,371,train,total,0.07696929574012756
177200,371,train,eikonal,0.011835427954792976
177200,371,train,render,0.08287928998470306
177200,371,train,total,0.08406282961368561
177300,371,train,eikonal,0.014943347312510014
177300,371,train,render,0.13016845285892487
177300,371,train,total,0.1316627860069275
177400,371,train,eikonal,0.008946651592850685
177400,371,train,render,0.07864880561828613
177400,371,train,total,0.07954347133636475
177500,372,train,eikonal,0.011987179517745972
177500,372,train,render,0.06980934739112854
177500,372,train,total,0.07100806385278702
177600,372,train,eikonal,0.009581053629517555
177600,372,train,render,0.083995521068573
177600,372,train,total,0.08495362848043442
177700,372,train,eikonal,0.012857070192694664
177700,372,train,render,0.08109305053949356
177700,372,train,total,0.08237875998020172
177800,372,train,eikonal,0.011408256366848946
177800,372,train,render,0.08078716695308685
177800,372,train,total,0.08192799240350723
177900,372,train,eikonal,0.010127689689397812
177900,372,train,render,0.07496342062950134
177900,372,train,total,0.07597619295120239
178000,373,train,eikonal,0.013067186810076237
178000,373,train,render,0.07831603288650513
178000,373,train,total,0.07962275296449661
178100,373,train,eikonal,0.01617812179028988
178100,373,train,render,0.0896153599023819
178100,373,train,total,0.09123317152261734
178200,373,train,eikonal,0.013453488238155842
178200,373,train,render,0.08347554504871368
178200,373,train,total,0.08482089638710022
178300,373,train,eikonal,0.009918883442878723
178300,373,train,render,0.08721113204956055
178300,373,train,total,0.08820302039384842
178400,374,train,eikonal,0.01178358867764473
178400,374,train,render,0.0772843062877655
178400,374,train,total,0.07846266776323318
178500,374,train,eikonal,0.019483380019664764
178500,374,train,render,0.0818680077791214
178500,374,train,total,0.08381634950637817
178600,374,train,eikonal,0.009864245541393757
178600,374,train,render,0.08567856252193451
178600,374,train,total,0.08666498959064484
178700,374,train,eikonal,0.012336309999227524
178700,374,train,render,0.07173828780651093
178700,374,train,total,0.07297191768884659
178800,374,train,eikonal,0.011108340695500374
178800,374,train,render,0.08652950823307037
178800,374,train,total,0.08764034509658813
178900,375,train,eikonal,0.011155420914292336
178900,375,train,render,0.08070118725299835
178900,375,train,total,0.08181673288345337
179000,375,train,eikonal,0.009690177626907825
179000,375,train,render,0.0720943957567215
179000,375,train,total,0.07306341081857681
179100,375,train,eikonal,0.009865229949355125
179100,375,train,render,0.07947331666946411
179100,375,train,total,0.0804598405957222
179200,375,train,eikonal,0.017476744949817657
179200,375,train,render,0.07322005927562714
179200,375,train,total,0.07496773451566696
179300,375,train,eikonal,0.010437367483973503
179300,375,train,render,0.07826045900583267
179300,375,train,total,0.07930419594049454
179400,376,train,eikonal,0.012382261455059052
179400,376,train,render,0.09770031273365021
179400,376,train,total,0.09893853962421417
179500,376,train,eikonal,0.008636847138404846
179500,376,train,render,0.08636388182640076
179500,376,train,total,0.08722756803035736
179600,376,train,eikonal,0.013212575577199459
179600,376,train,render,0.07791255414485931
179600,376,train,total,0.0792338103055954
179700,376,train,eikonal,0.00949622318148613
179700,376,train,render,0.08240514993667603
179700,376,train,total,0.08335477113723755
179800,376,train,eikonal,0.01196262612938881
179800,376,train,render,0.07655569911003113
179800,376,train,total,0.07775196433067322
179900,377,train,eikonal,0.008717878721654415
179900,377,train,render,0.07315226644277573
179900,377,train,total,0.07402405142784119
180000,377,train,eikonal,0.02012581378221512
180000,377,train,render,0.07676644623279572
180000,377,train,total,0.07877902686595917
180100,377,train,eikonal,0.016820766031742096
180100,377,train,render,0.07944638282060623
180100,377,train,total,0.08112846314907074
180200,377,train,eikonal,0.010080483742058277
180200,377,train,render,0.08441981673240662
180200,377,train,total,0.08542786538600922
180300,377,train,eikonal,0.017374083399772644
180300,377,train,render,0.07725656032562256
180300,377,train,total,0.07899396866559982
180400,378,train,eikonal,0.01798268035054207
180400,378,train,render,0.09370962530374527
180400,378,train,total,0.09550788998603821
180500,378,train,eikonal,0.010888615623116493
180500,378,train,render,0.07142099738121033
180500,378,train,total,0.07250986248254776
180600,378,train,eikonal,0.010387588292360306
180600,378,train,render,0.07682724297046661
180600,378,train,total,0.07786600291728973
180700,378,train,eikonal,0.017094139009714127
180700,378,train,render,0.08206463605165482
180700,378,train,total,0.08377405256032944
180800,379,train,eikonal,0.017205750569701195
180800,379,train,render,0.07399123907089233
180800,379,train,total,0.07571181654930115
180900,379,train,eikonal,0.020134324207901955
180900,379,train,render,0.08175002038478851
180900,379,train,total,0.08376345038414001
181000,379,train,eikonal,0.012892629019916058
181000,379,train,render,0.08444803953170776
181000,379,train,total,0.08573730289936066
181100,379,train,eikonal,0.017694978043437004
181100,379,train,render,0.08762925863265991
181100,379,train,total,0.08939875662326813
181200,379,train,eikonal,0.01243872195482254
181200,379,train,render,0.07160823047161102
181200,379,train,total,0.07285210490226746
181300,380,train,eikonal,0.012701911851763725
181300,380,train,render,0.08185135573148727
181300,380,train,total,0.08312154561281204
181400,380,train,eikonal,0.010247115045785904
181400,380,train,render,0.08535709977149963
181400,380,train,total,0.08638180792331696
181500,380,train,eikonal,0.01714690402150154
181500,380,train,render,0.08445543050765991
181500,380,train,total,0.08617012202739716
181600,380,train,eikonal,0.01203214842826128
181600,380,train,render,0.07700046896934509
181600,380,train,total,0.07820368558168411
181700,380,train,eikonal,0.010301945731043816
181700,380,train,render,0.07978744804859161
181700,380,train,total,0.08081763982772827
181800,381,train,eikonal,0.01237199455499649
181800,381,train,render,0.06673534959554672
181800,381,train,total,0.06797254830598831
181900,381,train,eikonal,0.009886234998703003
181900,381,train,render,0.0776519775390625
181900,381,train,total,0.07864060252904892
182000,381,train,eikonal,0.011560751125216484
182000,381,train,render,0.09421302378177643
182000,381,train,total,0.09536910057067871
182100,381,train,eikonal,0.011714974418282509
182100,381,train,render,0.07494891434907913
182100,381,train,total,0.07612041383981705
182200,381,train,eikonal,0.011321146041154861
182200,381,train,render,0.08464747667312622
182200,381,train,total,0.0857795923948288
182300,382,train,eikonal,0.01566379703581333
182300,382,train,render,0.09207616746425629
182300,382,train,total,0.09364254772663116
182400,382,train,eikonal,0.0100005604326725
182400,382,train,render,0.0754467099905014
182400,382,train,total,0.0764467641711235
182500,382,train,eikonal,0.01720956712961197
182500,382,train,render,0.07611905038356781
182500,382,train,total,0.07784000784158707
182600,382,train,eikonal,0.0100492462515831
182600,382,train,render,0.07741640508174896
182600,382,train,total,0.07842133194208145
182700,383,train,eikonal,0.012667128816246986
182700,383,train,render,0.08301404118537903
182700,383,train,total,0.08428075164556503
182800,383,train,eikonal,0.015919938683509827
182800,383,train,render,0.08835995197296143
182800,383,train,total,0.08995194733142853
182900,383,train,eikonal,0.017484785988926888
182900,383,train,render,0.09918831288814545
182900,383,train,total,0.10093679279088974
183000,383,train,eikonal,0.010902058333158493
183000,383,train,render,0.09674399346113205
183000,383,train,total,0.09783419966697693
183100,383,train,eikonal,0.008868470788002014
183100,383,train,render,0.0962187647819519
183100,383,train,total,0.09710561484098434
183200,384,train,eikonal,0.00979919359087944
183200,384,train,render,0.08544886857271194
183200,384,train,total,0.08642879128456116
183300,384,train,eikonal,0.010512245818972588
183300,384,train,render,0.11427085101604462
183300,384,train,total,0.11532207578420639
183400,384,train,eikonal,0.011858888901770115
183400,384,train,render,0.09473875164985657
183400,384,train,total,0.09592463821172714
183500,384,train,eikonal,0.011146262288093567
183500,384,train,render,0.07940012961626053
183500,384,train,total,0.08051475882530212
183600,384,train,eikonal,0.011521337553858757
183600,384,train,render,0.07868204265832901
183600,384,train,total,0.07983417809009552
183700,385,train,eikonal,0.012077117338776588
183700,385,train,render,0.08395674079656601
183700,385,train,total,0.08516445010900497
183800,385,train,eikonal,0.00781865045428276
183800,385,train,render,0.08058901131153107
183800,385,train,total,0.08137087523937225
183900,385,train,eikonal,0.010128987953066826
183900,385,train,render,0.07770733535289764
183900,385,train,total,0.07872023433446884
184000,385,train,eikonal,0.011857730336487293
184000,385,train,render,0.08455289900302887
184000,385,train,total,0.08573867380619049
184100,385,train,eikonal,0.01340198703110218
184100,385,train,render,0.07286781072616577
184100,385,train,total,0.07420800626277924
184200,386,train,eikonal,0.011793272569775581
184200,386,train,render,0.07510188221931458
184200,386,train,total,0.07628121227025986
184300,386,train,eikonal,0.009186000563204288
184300,386,train,render,0.08537650108337402
184300,386,train,total,0.08629509806632996
184400,386,train,eikonal,0.01095165591686964
184400,386,train,render,0.07038219273090363
184400,386,train,total,0.07147736102342606
184500,386,train,eikonal,0.012940877117216587
184500,386,train,render,0.08114585280418396
184500,386,train,total,0.08243994414806366
184600,387,train,eikonal,0.01078176498413086
184600,387,train,render,0.08198785781860352
184600,387,train,total,0.08306603133678436
184700,387,train,eikonal,0.010835411958396435
184700,387,train,render,0.08628015220165253
184700,387,train,total,0.08736369013786316
184800,387,train,eikonal,0.017836816608905792
184800,387,train,render,0.08557482808828354
184800,387,train,total,0.0873585119843483
184900,387,train,eikonal,0.01496957615017891
184900,387,train,render,0.07912139594554901
184900,387,train,total,0.08061835169792175
185000,387,train,eikonal,0.009578301571309566
185000,387,train,render,0.09307387471199036
185000,387,train,total,0.09403170645236969
185100,388,train,eikonal,0.010944994166493416
185100,388,train,render,0.07253018766641617
185100,388,train,total,0.07362468540668488
185200,388,train,eikonal,0.009704185649752617
185200,388,train,render,0.08656337857246399
185200,388,train,total,0.08753379434347153
185300,388,train,eikonal,0.0189232025295496
185300,388,train,render,0.07611098885536194
185300,388,train,total,0.07800330966711044
185400,388,train,eikonal,0.0090692900121212
185400,388,train,render,0.07501548528671265
185400,388,train,total,0.0759224146604538
185500,388,train,eikonal,0.015056157484650612
185500,388,train,render,0.08630532026290894
185500,388,train,total,0.0878109335899353
185600,389,train,eikonal,0.008388849906623363
185600,389,train,render,0.08304989337921143
185600,389,train,total,0.08388877660036087
185700,389,train,eikonal,0.013985294848680496
185700,389,train,render,0.07760712504386902
185700,389,train,total,0.0790056511759758
185800,389,train,eikonal,0.016090909019112587
185800,389,train,render,0.08334310352802277
185800,389,train,total,0.08495219796895981
185900,389,train,eikonal,0.010052124038338661
185900,389,train,render,0.0738193541765213
185900,389,train,total,0.07482456415891647
186000,389,train,eikonal,0.015905527397990227
186000,389,train,render,0.07809056341648102
186000,389,train,total,0.07968111336231232
186100,390,train,eikonal,0.01056348904967308
186100,390,train,render,0.08793306350708008
186100,390,train,total,0.08898941427469254
186200,390,train,eikonal,0.009749909862875938
186200,390,train,render,0.14455485343933105
186200,390,train,total,0.1455298513174057
186300,390,train,eikonal,0.011239612475037575
186300,390,train,render,0.08301468193531036
186300,390,train,total,0.0841386467218399
186400,390,train,eikonal,0.011998746544122696
186400,390,train,render,0.06683889031410217
186400,390,train,total,0.06803876161575317
186500,390,train,eikonal,0.015982065349817276
186500,390,train,render,0.0846300721168518
186500,390,train,total,0.08622828125953674
186600,391,train,eikonal,0.018004221841692924
186600,391,train,render,0.07551189512014389
186600,391,train,total,0.07731232047080994
186700,391,train,eikonal,0.008635489270091057
186700,391,train,render,0.07623022794723511
186700,391,train,total,0.07709378004074097
186800,391,train,eikonal,0.024692462757229805
186800,391,train,render,0.09128411114215851
186800,391,train,total,0.09375336021184921
186900,391,train,eikonal,0.011195198632776737
186900,391,train,render,0.07862742990255356
186900,391,train,total,0.07974694669246674
187000,392,train,eikonal,0.00926950667053461
187000,392,train,render,0.08273829519748688
187000,392,train,total,0.08366524428129196
187100,392,train,eikonal,0.010330868884921074
187100,392,train,render,0.07810194790363312
187100,392,train,total,0.07913503795862198
187200,392,train,eikonal,0.009077593684196472
187200,392,train,render,0.08011031150817871
187200,392,train,total,0.08101806789636612
187300,392,train,eikonal,0.01534273847937584
187300,392,train,render,0.08286294341087341
187300,392,train,total,0.08439721912145615
187400,392,train,eikonal,0.010783780366182327
187400,392,train,render,0.07670603692531586
187400,392,train,total,0.07778441160917282
187500,393,train,eikonal,0.015794968232512474
187500,393,train,render,0.1006578803062439
187500,393,train,total,0.10223737359046936
187600,393,train,eikonal,0.01930062659084797
187600,393,train,render,0.07429736852645874
187600,393,train,total,0.07622743397951126
187700,393,train,eikonal,0.010428473353385925
187700,393,train,render,0.07713714241981506
187700,393,train,total,0.0781799927353859
187800,393,train,eikonal,0.01188341062515974
187800,393,train,render,0.07425868511199951
187800,393,train,total,0.07544702291488647
187900,393,train,eikonal,0.010603726841509342
187900,393,train,render,0.08465026319026947
187900,393,train,total,0.08571063727140427
188000,394,train,eikonal,0.011412685737013817
188000,394,train,render,0.08703583478927612
188000,394,train,total,0.08817709982395172
188100,394,train,eikonal,0.010626494884490967
188100,394,train,render,0.08649660646915436
188100,394,train,total,0.08755925297737122
188200,394,train,eikonal,0.010208027437329292
188200,394,train,render,0.08032861351966858
188200,394,train,total,0.08134941756725311
188300,394,train,eikonal,0.011428401805460453
188300,394,train,render,0.08655567467212677
188300,394,train,total,0.08769851177930832
188400,394,train,eikonal,0.0199834406375885
188400,394,train,render,0.08381302654743195
188400,394,train,total,0.08581136912107468
188500,395,train,eikonal,0.015356449410319328
188500,395,train,render,0.07446451485157013
188500,395,train,total,0.0760001614689827
188600,395,train,eikonal,0.010283821262419224
188600,395,train,render,0.07439479976892471
188600,395,train,total,0.07542318105697632
188700,395,train,eikonal,0.0105803944170475
188700,395,train,render,0.0834909975528717
188700,395,train,total,0.08454903960227966
188800,395,train,eikonal,0.013532068580389023
188800,395,train,render,0.0785302072763443
188800,395,train,total,0.07988341152667999
188900,396,train,eikonal,0.012856856919825077
188900,396,train,render,0.08354002237319946
188900,396,train,total,0.08482570946216583
189000,396,train,eikonal,0.011766950599849224
189000,396,train,render,0.08099912106990814
189000,396,train,total,0.08217581361532211
189100,396,train,eikonal,0.011647358536720276
189100,396,train,render,0.08591226488351822
189100,396,train,total,0.08707699924707413
189200,396,train,eikonal,0.008478885516524315
189200,396,train,render,0.0920739620923996
189200,396,train,total,0.09292185306549072
189300,396,train,eikonal,0.010992167517542839
189300,396,train,render,0.08210045099258423
189300,396,train,total,0.08319966495037079
189400,397,train,eikonal,0.012041522189974785
189400,397,train,render,0.07566502690315247
189400,397,train,total,0.0768691822886467
189500,397,train,eikonal,0.011773440055549145
189500,397,train,render,0.08571489155292511
189500,397,train,total,0.08689223229885101
189600,397,train,eikonal,0.012836894020438194
189600,397,train,render,0.0794629454612732
189600,397,train,total,0.08074663579463959
189700,397,train,eikonal,0.009782572276890278
189700,397,train,render,0.08956171572208405
189700,397,train,total,0.09053996950387955
189800,397,train,eikonal,0.010771473869681358
189800,397,train,render,0.08573424816131592
189800,397,train,total,0.08681139349937439
189900,398,train,eikonal,0.012655423954129219
189900,398,train,render,0.07587417215108871
189900,398,train,total,0.077139712870121
190000,398,train,eikonal,0.013409816659986973
190000,398,train,render,0.08270025253295898
190000,398,train,total,0.08404123783111572
190100,398,train,eikonal,0.01686740294098854
190100,398,train,render,0.07382901012897491
190100,398,train,total,0.0755157470703125
190200,398,train,eikonal,0.008951865136623383
190200,398,train,render,0.07015484571456909
190200,398,train,total,0.07105003297328949
190300,398,train,eikonal,0.010073203593492508
190300,398,train,render,0.08198081701993942
190300,398,train,total,0.08298813551664352
190400,399,train,eikonal,0.009439284913241863
190400,399,train,render,0.08244700729846954
190400,399,train,total,0.08339093625545502
190500,399,train,eikonal,0.00960273016244173
190500,399,train,render,0.0782574936747551
190500,399,train,total,0.07921776920557022
190600,399,train,eikonal,0.011160075664520264
190600,399,train,render,0.08561210334300995
190600,399,train,total,0.08672811090946198
190700,399,train,eikonal,0.01194685883820057
190700,399,train,render,0.07994699478149414
190700,399,train,total,0.08114168047904968
190800,400,train,eikonal,0.011616126634180546
190800,400,train,render,0.07923240214586258
190800,400,train,total,0.08039401471614838
190900,400,train,eikonal,0.018259212374687195
190900,400,train,render,0.08432166278362274
190900,400,train,total,0.08614758402109146
191000,400,train,eikonal,0.012061389163136482
191000,400,train,render,0.07803170382976532
191000,400,train,total,0.07923784106969833
191100,400,train,eikonal,0.012511041946709156
191100,400,train,render,0.08137113600969315
191100,400,train,total,0.0826222375035286
191200,400,train,eikonal,0.010912932455539703
191200,400,train,render,0.08372383564710617
191200,400,train,total,0.0848151296377182
191300,401,train,eikonal,0.01069977693259716
191300,401,train,render,0.07099444419145584
191300,401,train,total,0.07206442207098007
191400,401,train,eikonal,0.010506357066333294
191400,401,train,render,0.07792812585830688
191400,401,train,total,0.0789787620306015
191500,401,train,eikonal,0.009795854799449444
191500,401,train,render,0.07921284437179565
191500,401,train,total,0.080192431807518
191600,401,train,eikonal,0.010759193450212479
191600,401,train,render,0.08344054222106934
191600,401,train,total,0.08451645821332932
191700,401,train,eikonal,0.014779706485569477
191700,401,train,render,0.08796928077936172
191700,401,train,total,0.0894472524523735
191800,402,train,eikonal,0.01173546351492405
191800,402,train,render,0.08107535541057587
191800,402,train,total,0.08224890381097794
191900,402,train,eikonal,0.010930558666586876
191900,402,train,render,0.07136461138725281
191900,402,train,total,0.07245766371488571
192000,402,train,eikonal,0.01620250940322876
192000,402,train,render,0.07957233488559723
192000,402,train,total,0.08119258284568787
192100,402,train,eikonal,0.009766578674316406
192100,402,train,render,0.07287943363189697
192100,402,train,total,0.07385609298944473
192200,402,train,eikonal,0.010905023664236069
192200,402,train,render,0.0861118733882904
192200,402,train,total,0.08720237761735916
192300,403,train,eikonal,0.010305925272405148
192300,403,train,render,0.07968197762966156
192300,403,train,total,0.08071257174015045
192400,403,train,eikonal,0.010554724372923374
192400,403,train,render,0.08975069224834442
192400,403,train,total,0.09080616384744644
192500,403,train,eikonal,0.010789534077048302
192500,403,train,render,0.09054248034954071
192500,403,train,total,0.09162143617868423
192600,403,train,eikonal,0.010069478303194046
192600,403,train,render,0.08987212181091309
192600,403,train,total,0.09087906777858734
192700,403,train,eikonal,0.012362170964479446
192700,403,train,render,0.08520069718360901
192700,403,train,total,0.0864369124174118
192800,404,train,eikonal,0.01840752363204956
192800,404,train,render,0.08956082165241241
192800,404,train,total,0.09140157699584961
192900,404,train,eikonal,0.011287329718470573
192900,404,train,render,0.08786212652921677
192900,404,train,total,0.08899085968732834
193000,404,train,eikonal,0.010724344290792942
193000,404,train,render,0.09511971473693848
193000,404,train,total,0.09619215130805969
193100,404,train,eikonal,0.011937098577618599
193100,404,train,render,0.0894477516412735
193100,404,train,total,0.09064146131277084
193200,405,train,eikonal,0.011200327426195145
193200,405,train,render,0.08703382313251495
193200,405,train,total,0.08815385401248932
193300,405,train,eikonal,0.01092266570776701
193300,405,train,render,0.07495073974132538
193300,405,train,total,0.0760430097579956
193400,405,train,eikonal,0.011454981751739979
193400,405,train,render,0.07276459038257599
193400,405,train,total,0.07391008734703064
193500,405,train,eikonal,0.009788707830011845
193500,405,train,render,0.07565726339817047
193500,405,train,total,0.07663613557815552
193600,405,train,eikonal,0.010023788549005985
193600,405,train,render,0.09927226603031158
193600,405,train,total,0.10027464479207993
193700,406,train,eikonal,0.008898249827325344
193700,406,train,render,0.07469998300075531
193700,406,train,total,0.07558980584144592
193800,406,train,eikonal,0.012397644110023975
193800,406,train,render,0.08213478326797485
193800,406,train,total,0.08337454497814178
193900,406,train,eikonal,0.01031640637665987
193900,406,train,render,0.09364402294158936
193900,406,train,total,0.09467566013336182
194000,406,train,eikonal,0.013330317102372646
194000,406,train,render,0.08079184591770172
194000,406,train,total,0.08212487399578094
194100,406,train,eikonal,0.011060725897550583
194100,406,train,render,0.08739452064037323
194100,406,train,total,0.08850059658288956
194200,407,train,eikonal,0.01626562513411045
194200,407,train,render,0.07830662280321121
194200,407,train,total,0.07993318885564804
194300,407,train,eikonal,0.010774326510727406
194300,407,train,render,0.08050139993429184
194300,407,train,total,0.08157883584499359
194400,407,train,eikonal,0.020814817398786545
194400,407,train,render,0.0804242417216301
194400,407,train,total,0.0825057253241539
194500,407,train,eikonal,0.010901248082518578
194500,407,train,render,0.15330782532691956
194500,407,train,total,0.15439794957637787
194600,407,train,eikonal,0.009136714041233063
194600,407,train,render,0.09809216856956482
194600,407,train,total,0.09900584071874619
194700,408,train,eikonal,0.009753641672432423
194700,408,train,render,0.07872271537780762
194700,408,train,total,0.07969807833433151
194800,408,train,eikonal,0.01796577125787735
194800,408,train,render,0.07583250105381012
194800,408,train,total,0.07762907445430756
194900,408,train,eikonal,0.01158503070473671
194900,408,train,render,0.08785133063793182
194900,408,train,total,0.0890098363161087
195000,408,train,eikonal,0.009424109011888504
195000,408,train,render,0.08601979911327362
195000,408,train,total,0.08696220815181732
195100,409,train,eikonal,0.012259199284017086
195100,409,train,render,0.07627920061349869
195100,409,train,total,0.07750511914491653
195200,409,train,eikonal,0.011707324534654617
195200,409,train,render,0.0907411128282547
195200,409,train,total,0.09191184490919113
195300,409,train,eikonal,0.010161642916500568
195300,409,train,render,0.07213500887155533
195300,409,train,total,0.07315117120742798
195400,409,train,eikonal,0.011132139712572098
195400,409,train,render,0.08199901878833771
195400,409,train,total,0.08311223238706589
195500,409,train,eikonal,0.008296520449221134
195500,409,train,render,0.07400575280189514
195500,409,train,total,0.074835404753685
195600,410,train,eikonal,0.011785787530243397
195600,410,train,render,0.07701878249645233
195600,410,train,total,0.07819736003875732
195700,410,train,eikonal,0.018334077671170235
195700,410,train,render,0.08558180928230286
195700,410,train,total,0.08741521835327148
195800,410,train,eikonal,0.008233228698372841
195800,410,train,render,0.09111961722373962
195800,410,train,total,0.09194294363260269
195900,410,train,eikonal,0.011417292058467865
195900,410,train,render,0.082303985953331
195900,410,train,total,0.0834457129240036
196000,410,train,eikonal,0.012366808950901031
196000,410,train,render,0.07928657531738281
196000,410,train,total,0.08052325248718262
196100,411,train,eikonal,0.010640349239110947
196100,411,train,render,0.07330666482448578
196100,411,train,total,0.07437069714069366
196200,411,train,eikonal,0.01610666513442993
196200,411,train,render,0.0911414846777916
196200,411,train,total,0.09275215119123459
196300,411,train,eikonal,0.011644354090094566
196300,411,train,render,0.08872061222791672
196300,411,train,total,0.08988504856824875
196400,411,train,eikonal,0.010679882019758224
196400,411,train,render,0.09294837713241577
196400,411,train,total,0.09401636570692062
196500,411,train,eikonal,0.010241957381367683
196500,411,train,render,0.08736817538738251
196500,411,train,total,0.08839236944913864
196600,412,train,eikonal,0.014333376660943031
196600,412,train,render,0.08167412877082825
196600,412,train,total,0.08310746401548386
196700,412,train,eikonal,0.01466592401266098
196700,412,train,render,0.07261259853839874
196700,412,train,total,0.07407919317483902
196800,412,train,eikonal,0.01521520595997572
196800,412,train,render,0.08761405944824219
196800,412,train,total,0.08913557976484299
196900,412,train,eikonal,0.011100422590970993
196900,412,train,render,0.08275498449802399
196900,412,train,total,0.08386502414941788
197000,412,train,eikonal,0.008263199590146542
197000,412,train,render,0.09140081703662872
197000,412,train,total,0.09222713857889175
197100,413,train,eikonal,0.010428328067064285
197100,413,train,render,0.07691431045532227
197100,413,train,total,0.0779571458697319
197200,413,train,eikonal,0.013236605562269688
197200,413,train,render,0.08637233078479767
197200,413,train,total,0.08769599348306656
197300,413,train,eikonal,0.011663225479424
197300,413,train,render,0.09863061457872391
197300,413,train,total,0.09979693591594696
197400,413,train,eikonal,0.010905919596552849
197400,413,train,render,0.0731133222579956
197400,413,train,total,0.07420391589403152
197500,414,train,eikonal,0.010431790724396706
197500,414,train,render,0.07990200817584991
197500,414,train,total,0.08094518631696701
197600,414,train,eikonal,0.013639017008244991
197600,414,train,render,0.08373887836933136
197600,414,train,total,0.08510278165340424
197700,414,train,eikonal,0.009955872781574726
197700,414,train,render,0.07427559792995453
197700,414,train,total,0.07527118176221848
197800,414,train,eikonal,0.011532820761203766
197800,414,train,render,0.08689460158348083
197800,414,train,total,0.08804788440465927
197900,414,train,eikonal,0.011331804096698761
197900,414,train,render,0.07715581357479095
197900,414,train,total,0.07828899472951889
198000,415,train,eikonal,0.011625709012150764
198000,415,train,render,0.07700006663799286
198000,415,train,total,0.07816264033317566
198100,415,train,eikonal,0.011429167352616787
198100,415,train,render,0.07995767891407013
198100,415,train,total,0.08110059797763824
198200,415,train,eikonal,0.012028634548187256
198200,415,train,render,0.07490620762109756
198200,415,train,total,0.07610907405614853
198300,415,train,eikonal,0.011717217043042183
198300,415,train,render,0.08133833110332489
198300,415,train,total,0.08251005411148071
198400,415,train,eikonal,0.015332529321312904
198400,415,train,render,0.07992899417877197
198400,415,train,total,0.08146224915981293
198500,416,train,eikonal,0.014727817848324776
198500,416,train,render,0.07833351194858551
198500,416,train,total,0.07980629056692123
198600,416,train,eikonal,0.011317886412143707
198600,416,train,render,0.09190353751182556
198600,416,train,total,0.09303532540798187
198700,416,train,eikonal,0.015068037435412407
198700,416,train,render,0.07319185137748718
198700,416,train,total,0.07469865679740906
198800,416,train,eikonal,0.014617417007684708
198800,416,train,render,0.07919785380363464
198800,416,train,total,0.08065959811210632
198900,416,train,eikonal,0.010231660678982735
198900,416,train,render,0.08745080232620239
198900,416,train,total,0.08847396820783615
199000,417,train,eikonal,0.01173112541437149
199000,417,train,render,0.08711792528629303
199000,417,train,total,0.08829103410243988
199100,417,train,eikonal,0.0113080944865942
199100,417,train,render,0.08032135665416718
199100,417,train,total,0.08145216852426529
199200,417,train,eikonal,0.0145881911739707
199200,417,train,render,0.0763896256685257
199200,417,train,total,0.07784844189882278
199300,417,train,eikonal,0.010317380540072918
199300,417,train,render,0.07490698993206024
199300,417,train,total,0.07593873143196106
199400,418,train,eikonal,0.010814974084496498
199400,418,train,render,0.07578122615814209
199400,418,train,total,0.07686272263526917
199500,418,train,eikonal,0.010707898065447807
199500,418,train,render,0.09414144605398178
199500,418,train,total,0.09521223604679108
199600,418,train,eikonal,0.009587288834154606
199600,418,train,render,0.07683556526899338
199600,418,train,total,0.07779429107904434
199700,418,train,eikonal,0.011349735781550407
199700,418,train,render,0.07085534930229187
199700,418,train,total,0.07199032604694366
199800,418,train,eikonal,0.01177179254591465
199800,418,train,render,0.08332512527704239
199800,418,train,total,0.08450230211019516
199900,419,train,eikonal,0.010779245756566525
199900,419,train,render,0.07843619585037231
199900,419,train,total,0.07951412349939346
200000,419,train,eikonal,0.012437546625733376
200000,419,train,render,0.07276120781898499
200000,419,train,total,0.07400496304035187
200000,419,val,eikonal,0.012437546625733376
200000,419,val,render,0.027916308492422104
200000,419,val,total,0.029160063713788986
200100,419,train,eikonal,0.011325178667902946
200100,419,train,render,0.0808192640542984
200100,419,train,total,0.08195178210735321
200200,419,train,eikonal,0.01620122417807579
200200,419,train,render,0.07204800844192505
200200,419,train,total,0.07366812974214554
200300,419,train,eikonal,0.0131461750715971
200300,419,train,render,0.08142174035310745
200300,419,train,total,0.08273635804653168
200400,420,train,eikonal,0.01312504056841135
200400,420,train,render,0.08586467802524567
200400,420,train,total,0.08717717975378036
200500,420,train,eikonal,0.009937295690178871
200500,420,train,render,0.09477265924215317
200500,420,train,total,0.09576638787984848
200600,420,train,eikonal,0.01516461931169033
200600,420,train,render,0.07922521233558655
200600,420,train,total,0.08074167370796204
200700,420,train,eikonal,0.01106458529829979
200700,420,train,render,0.09393073618412018
200700,420,train,total,0.09503719210624695
200800,420,train,eikonal,0.014129867777228355
200800,420,train,render,0.08661189675331116
200800,420,train,total,0.08802488446235657
200900,421,train,eikonal,0.009133110754191875
200900,421,train,render,0.06747330725193024
200900,421,train,total,0.06838662177324295
201000,421,train,eikonal,0.012018967419862747
201000,421,train,render,0.08294951915740967
201000,421,train,total,0.08415141701698303
201100,421,train,eikonal,0.009604623541235924
201100,421,train,render,0.07329215109348297
201100,421,train,total,0.07425261288881302
201200,421,train,eikonal,0.011447899974882603
201200,421,train,render,0.08519749343395233
201200,421,train,total,0.08634228259325027
201300,422,train,eikonal,0.009379042312502861
201300,422,train,render,0.07968886196613312
201300,422,train,total,0.08062676340341568
201400,422,train,eikonal,0.013324132189154625
201400,422,train,render,0.07555341720581055
201400,422,train,total,0.07688582688570023
201500,422,train,eikonal,0.01345081441104412
201500,422,train,render,0.07977613061666489
201500,422,train,total,0.08112121373414993
201600,422,train,eikonal,0.006994354538619518
201600,422,train,render,0.07180002331733704
201600,422,train,total,0.07249946147203445
201700,422,train,eikonal,0.011259088292717934
201700,422,train,render,0.07461448758840561
201700,422,train,total,0.07574039697647095
201800,423,train,eikonal,0.010977103374898434
201800,423,train,render,0.07812131941318512
201800,423,train,total,0.0792190283536911
201900,423,train,eikonal,0.011199048720300198
201900,423,train,render,0.08263982087373734
201900,423,train,total,0.08375972509384155
202000,423,train,eikonal,0.009995000436902046
202000,423,train,render,0.08197802305221558
202000,423,train,total,0.0829775258898735
202100,423,train,eikonal,0.010267597623169422
202100,423,train,render,0.09360842406749725
202100,423,train,total,0.09463518112897873
202200,423,train,eikonal,0.008808580227196217
202200,423,train,render,0.08213487267494202
202200,423,train,total,0.08301573246717453
202300,424,train,eikonal,0.010690310969948769
202300,424,train,render,0.13258519768714905
202300,424,train,total,0.13365422189235687
202400,424,train,eikonal,0.01235567219555378
202400,424,train,render,0.07742883265018463
202400,424,train,total,0.0786643996834755
202500,424,train,eikonal,0.009337224066257477
202500,424,train,render,0.07309788465499878
202500,424,train,total,0.07403160631656647
202600,424,train,eikonal,0.011929428204894066
202600,424,train,render,0.07689488679170609
202600,424,train,total,0.07808782905340195
202700,424,train,eikonal,0.01539432629942894
202700,424,train,render,0.09036637097597122
202700,424,train,total,0.09190580248832703
202800,425,train,eikonal,0.010846324265003204
202800,425,train,render,0.09291435778141022
202800,425,train,total,0.0939989909529686
202900,425,train,eikonal,0.015742987394332886
202900,425,train,render,0.08787785470485687
202900,425,train,total,0.08945215493440628
203000,425,train,eikonal,0.010260222479701042
203000,425,train,render,0.08737719804048538
203000,425,train,total,0.08840321749448776
203100,425,train,eikonal,0.007490179967135191
203100,425,train,render,0.07990358769893646
203100,425,train,total,0.08065260201692581
203200,425,train,eikonal,0.012381184846162796
203200,425,train,render,0.0814821720123291
203200,425,train,total,0.08272028714418411
203300,426,train,eikonal,0.01231059804558754
203300,426,train,render,0.08915144205093384
203300,426,train,total,0.09038250148296356
203400,426,train,eikonal,0.013972163200378418
203400,426,train,render,0.08995823562145233
203400,426,train,total,0.09135545045137405
203500,426,train,eikonal,0.011112852022051811
203500,426,train,render,0.1026381105184555
203500,426,train,total,0.10374939441680908
203600,426,train,eikonal,0.010362116619944572
203600,426,train,render,0.08629357814788818
203600,426,train,total,0.08732978999614716
203700,427,train,eikonal,0.012560734525322914
203700,427,train,render,0.08636390417814255
203700,427,train,total,0.08761997520923615
203800,427,train,eikonal,0.011540979146957397
203800,427,train,render,0.09120950102806091
203800,427,train,total,0.09236359596252441
203900,427,train,eikonal,0.010478956624865532
203900,427,train,render,0.07726254314184189
203900,427,train,total,0.07831043750047684
204000,427,train,eikonal,0.01182110421359539
204000,427,train,render,0.07246187329292297
204000,427,train,total,0.07364398241043091
204100,427,train,eikonal,0.009324558079242706
204100,427,train,render,0.08641146123409271
204100,427,train,total,0.08734391629695892
204200,428,train,eikonal,0.012132913805544376
204200,428,train,render,0.07618120312690735
204200,428,train,total,0.07739449292421341
204300,428,train,eikonal,0.01278055738657713
204300,428,train,render,0.08121877908706665
204300,428,train,total,0.08249683678150177
204400,428,train,eikonal,0.01734025590121746
204400,428,train,render,0.08129408955574036
204400,428,train,total,0.08302811533212662
204500,428,train,eikonal,0.011401054449379444
204500,428,train,render,0.09324321150779724
204500,428,train,total,0.09438331425189972
204600,428,train,eikonal,0.010932281613349915
204600,428,train,render,0.08202482759952545
204600,428,train,total,0.08311805874109268
204700,429,train,eikonal,0.0100770378485322
204700,429,train,render,0.09310999512672424
204700,429,train,total,0.09411770105361938
204800,429,train,eikonal,0.01522449404001236
204800,429,train,render,0.07961484789848328
204800,429,train,total,0.08113729953765869
204900,429,train,eikonal,0.013553520664572716
204900,429,train,render,0.07530121505260468
204900,429,train,total,0.07665656507015228
205000,429,train,eikonal,0.011951586231589317
205000,429,train,render,0.08625447750091553
205000,429,train,total,0.08744963258504868
205100,429,train,eikonal,0.014334047213196754
205100,429,train,render,0.07787008583545685
205100,429,train,total,0.07930348813533783
205200,430,train,eikonal,0.011704318225383759
205200,430,train,render,0.0937885120511055
205200,430,train,total,0.09495894610881805
205300,430,train,eikonal,0.012281922623515129
205300,430,train,render,0.08494630455970764
205300,430,train,total,0.08617449551820755
205400,430,train,eikonal,0.010349082760512829
205400,430,train,render,0.07173806428909302
205400,430,train,total,0.07277297228574753
205500,430,train,eikonal,0.011952215805649757
205500,430,train,render,0.0883837342262268
205500,430,train,total,0.08957895636558533
205600,431,train,eikonal,0.011824920773506165
205600,431,train,render,0.07519549876451492
205600,431,train,total,0.0763779878616333
205700,431,train,eikonal,0.010469326749444008
205700,431,train,render,0.07520481944084167
205700,431,train,total,0.07625175267457962
205800,431,train,eikonal,0.010672753676772118
205800,431,train,render,0.07758034765720367
205800,431,train,total,0.07864762097597122
205900,431,train,eikonal,0.01536946278065443
205900,431,train,render,0.08123388886451721
205900,431,train,total,0.08277083188295364
206000,431,train,eikonal,0.008642544038593769
206000,431,train,render,0.07319895923137665
206000,431,train,total,0.07406321167945862
206100,432,train,eikonal,0.011156736873090267
206100,432,train,render,0.07932119071483612
206100,432,train,total,0.08043686300516129
206200,432,train,eikonal,0.012419730424880981
206200,432,train,render,0.08753039687871933
206200,432,train,total,0.08877237141132355
206300,432,train,eikonal,0.010288521647453308
206300,432,train,render,0.07818673551082611
206300,432,train,total,0.07921558618545532
206400,432,train,eikonal,0.013810811564326286
206400,432,train,render,0.07921222597360611
206400,432,train,total,0.08059331029653549
206500,432,train,eikonal,0.00805492140352726
206500,432,train,render,0.0768546313047409
206500,432,train,total,0.07766012102365494
206600,433,train,eikonal,0.011018678545951843
206600,433,train,render,0.07784675061702728
206600,433,train,total,0.07894861698150635
206700,433,train,eikonal,0.011564038693904877
206700,433,train,render,0.0981886088848114
206700,433,train,total,0.09934501349925995
206800,433,train,eikonal,0.011719963513314724
206800,433,train,render,0.06618648022413254
206800,433,train,total,0.06735847890377045
206900,433,train,eikonal,0.010232886299490929
206900,433,train,render,0.08656147122383118
206900,433,train,total,0.08758475631475449
207000,433,train,eikonal,0.01576915755867958
207000,433,train,render,0.08720596134662628
207000,433,train,total,0.08878287672996521
207100,434,train,eikonal,0.013379376381635666
207100,434,train,render,0.07868783175945282
207100,434,train,total,0.08002576977014542
207200,434,train,eikonal,0.016804449260234833
207200,434,train,render,0.08766955882310867
207200,434,train,total,0.08935000002384186
207300,434,train,eikonal,0.011081015691161156
207300,434,train,render,0.09112034738063812
207300,434,train,total,0.09222844988107681
207400,434,train,eikonal,0.015174781903624535
207400,434,train,render,0.0803951695561409
207400,434,train,total,0.08191264420747757
207500,435,train,eikonal,0.010639059357345104
207500,435,train,render,0.06818632781505585
207500,435,train,total,0.06925023347139359
207600,435,train,eikonal,0.010157495737075806
207600,435,train,render,0.08609901368618011
207600,435,train,total,0.08711476624011993
207700,435,train,eikonal,0.009184474125504494
207700,435,train,render,0.08375807851552963
207700,435,train,total,0.08467652648687363
207800,435,train,eikonal,0.013843309134244919
207800,435,train,render,0.08113157749176025
207800,435,train,total,0.0825159102678299
207900,435,train,eikonal,0.01060139387845993
207900,435,train,render,0.0876779854297638
207900,435,train,total,0.08873812854290009
208000,436,train,eikonal,0.008204887621104717
208000,436,train,render,0.09705530852079391
208000,436,train,total,0.09787579625844955
208100,436,train,eikonal,0.01133926585316658
208100,436,train,render,0.08852020651102066
208100,436,train,total,0.08965413272380829
208200,436,train,eikonal,0.010965502820909023
208200,436,train,render,0.08381257951259613
208200,436,train,total,0.08490912616252899
208300,436,train,eikonal,0.010458464734256268
208300,436,train,render,0.08030547201633453
208300,436,train,total,0.08135131746530533
208400,436,train,eikonal,0.01083018071949482
208400,436,train,render,0.07162667065858841
208400,436,train,total,0.07270968705415726
208500,437,train,eikonal,0.020311307162046432
208500,437,train,render,0.07940931618213654
208500,437,train,total,0.08144044876098633
208600,437,train,eikonal,0.011763142421841621
208600,437,train,render,0.08228719979524612
208600,437,train,total,0.08346351236104965
208700,437,train,eikonal,0.013743559829890728
208700,437,train,render,0.0794162005186081
208700,437,train,total,0.08079055696725845
208800,437,train,eikonal,0.009965961799025536
208800,437,train,render,0.09381867945194244
208800,437,train,total,0.09481527656316757
208900,437,train,eikonal,0.008123538456857204
208900,437,train,render,0.07396693527698517
208900,437,train,total,0.07477928698062897
209000,438,train,eikonal,0.008184103295207024
209000,438,train,render,0.06967578083276749
209000,438,train,total,0.07049418985843658
209100,438,train,eikonal,0.010523751378059387
209100,438,train,render,0.07797791808843613
209100,438,train,total,0.07903029024600983
209200,438,train,eikonal,0.010116025805473328
209200,438,train,render,0.0687878355383873
209200,438,train,total,0.06979943811893463
209300,438,train,eikonal,0.011561867780983448
209300,438,train,render,0.08308092504739761
209300,438,train,total,0.08423711359500885
209400,438,train,eikonal,0.010358473286032677
209400,438,train,render,0.08004971593618393
209400,438,train,total,0.08108556270599365
209500,439,train,eikonal,0.011991957202553749
209500,439,train,render,0.06974920630455017
209500,439,train,total,0.07094839960336685
209600,439,train,eikonal,0.011085083708167076
209600,439,train,render,0.07997527718544006
209600,439,train,total,0.08108378201723099
209700,439,train,eikonal,0.008676772937178612
209700,439,train,render,0.07774688303470612
209700,439,train,total,0.07861456274986267
209800,439,train,eikonal,0.014209824614226818
209800,439,train,render,0.08502651005983353
209800,439,train,total,0.08644749224185944
209900,440,train,eikonal,0.010690351016819477
209900,440,train,render,0.07231950759887695
209900,440,train,total,0.07338853925466537
210000,440,train,eikonal,0.010790437459945679
210000,440,train,render,0.08498474210500717
210000,440,train,total,0.08606378734111786
210100,440,train,eikonal,0.009495832026004791
210100,440,train,render,0.08004564046859741
210100,440,train,total,0.08099522441625595
210200,440,train,eikonal,0.011341065168380737
210200,440,train,render,0.07062236964702606
210200,440,train,total,0.07175647467374802
210300,440,train,eikonal,0.010808276012539864
210300,440,train,render,0.08808986842632294
210300,440,train,total,0.08917069435119629
210400,441,train,eikonal,0.013648375868797302
210400,441,train,render,0.07839131355285645
210400,441,train,total,0.07975614815950394
210500,441,train,eikonal,0.011664282530546188
210500,441,train,render,0.07058507204055786
210500,441,train,total,0.07175149768590927
210600,441,train,eikonal,0.012847796082496643
210600,441,train,render,0.09243413805961609
210600,441,train,total,0.09371891617774963
210700,441,train,eikonal,0.014635719358921051
210700,441,train,render,0.08662652969360352
210700,441,train,total,0.08809009939432144
210800,441,train,eikonal,0.010305973701179028
210800,441,train,render,0.07694956660270691
210800,441,train,total,0.0779801607131958
210900,442,train,eikonal,0.007741110399365425
210900,442,train,render,0.08357949554920197
210900,442,train,total,0.08435360342264175
211000,442,train,eikonal,0.01423267088830471
211000,442,train,render,0.08341079950332642
211000,442,train,total,0.08483406901359558
211100,442,train,eikonal,0.008899915963411331
211100,442,train,render,0.07902999222278595
211100,442,train,total,0.07991998642683029
211200,442,train,eikonal,0.014687161892652512
211200,442,train,render,0.09270615130662918
211200,442,train,total,0.09417486935853958
211300,442,train,eikonal,0.016265645623207092
211300,442,train,render,0.0817425474524498
211300,442,train,total,0.08336911350488663
211400,443,train,eikonal,0.013497581705451012
211400,443,train,render,0.08569492399692535
211400,443,train,total,0.08704467862844467
211500,443,train,eikonal,0.012504255399107933
211500,443,train,render,0.09100878238677979
211500,443,train,total,0.09225920587778091
211600,443,train,eikonal,0.01397295668721199
211600,443,train,render,0.09324134886264801
211600,443,train,total,0.0946386456489563
211700,443,train,eikonal,0.010389833711087704
211700,443,train,render,0.0708175003528595
211700,443,train,total,0.07185648381710052
211800,444,train,eikonal,0.010231712833046913
211800,444,train,render,0.07217824459075928
211800,444,train,total,0.07320141792297363
211900,444,train,eikonal,0.01446361094713211
211900,444,train,render,0.07769158482551575
211900,444,train,total,0.07913794368505478
212000,444,train,eikonal,0.010960541665554047
212000,444,train,render,0.07621662318706512
212000,444,train,total,0.07731267809867859
212100,444,train,eikonal,0.011180520989000797
212100,444,train,render,0.07056698203086853
212100,444,train,total,0.07168503105640411
212200,444,train,eikonal,0.01839108020067215
212200,444,train,render,0.08495241403579712
212200,444,train,total,0.0867915228009224
212300,445,train,eikonal,0.012533007189631462
212300,445,train,render,0.08104158937931061
212300,445,train,total,0.08229488879442215
212400,445,train,eikonal,0.017351504415273666
212400,445,train,render,0.07725300639867783
212400,445,train,total,0.07898815721273422
212500,445,train,eikonal,0.012396024540066719
212500,445,train,render,0.07773396372795105
212500,445,train,total,0.07897356897592545
212600,445,train,eikonal,0.013917876407504082
212600,445,train,render,0.07856319844722748
212600,445,train,total,0.07995498925447464
212700,445,train,eikonal,0.010820815339684486
212700,445,train,render,0.10287757217884064
212700,445,train,total,0.10395965725183487
212800,446,train,eikonal,0.010436474345624447
212800,446,train,render,0.07828189432621002
212800,446,train,total,0.07932554185390472
212900,446,train,eikonal,0.010245481505990028
212900,446,train,render,0.07240331918001175
212900,446,train,total,0.07342787086963654
213000,446,train,eikonal,0.015856407582759857
213000,446,train,render,0.07525840401649475
213000,446,train,total,0.07684404402971268
213100,446,train,eikonal,0.012736152857542038
213100,446,train,render,0.09740108251571655
213100,446,train,total,0.0986746996641159
213200,446,train,eikonal,0.011566548608243465
213200,446,train,render,0.08641690015792847
213200,446,train,total,0.08757355809211731
213300,447,train,eikonal,0.009910736232995987
213300,447,train,render,0.07844273746013641
213300,447,train,total,0.07943381369113922
213400,447,train,eikonal,0.01568247377872467
213400,447,train,render,0.08690999448299408
213400,447,train,total,0.08847824484109879
213500,447,train,eikonal,0.010318916290998459
213500,447,train,render,0.08393634855747223
213500,447,train,total,0.08496823906898499
213600,447,train,eikonal,0.010218500159680843
213600,447,train,render,0.08025144040584564
213600,447,train,total,0.08127328753471375
213700,448,train,eikonal,0.007142163813114166
213700,448,train,render,0.07743178308010101
213700,448,train,total,0.07814599573612213
213800,448,train,eikonal,0.009476562030613422
213800,448,train,render,0.08190298080444336
213800,448,train,total,0.0828506350517273
213900,448,train,eikonal,0.010298380628228188
213900,448,train,render,0.07619784772396088
213900,448,train,total,0.07722768932580948
214000,448,train,eikonal,0.015117228962481022
214000,448,train,render,0.08436959981918335
214000,448,train,total,0.0858813226222992
214100,448,train,eikonal,0.011359075084328651
214100,448,train,render,0.08063583076000214
214100,448,train,total,0.08177173882722855
214200,449,train,eikonal,0.010939293541014194
214200,449,train,render,0.07631447911262512
214200,449,train,total,0.07740841060876846
214300,449,train,eikonal,0.008926531299948692
214300,449,train,render,0.0816684365272522
214300,449,train,total,0.08256109058856964
214400,449,train,eikonal,0.01622694544494152
214400,449,train,render,0.0818781703710556
214400,449,train,total,0.08350086212158203
214500,449,train,eikonal,0.008730770088732243
214500,449,train,render,0.0884091705083847
214500,449,train,total,0.08928224444389343
214600,449,train,eikonal,0.00816616415977478
214600,449,train,render,0.06771919131278992
214600,449,train,total,0.06853580474853516
214700,450,train,eikonal,0.015558485873043537
214700,450,train,render,0.0909837856888771
214700,450,train,total,0.09253963083028793
214800,450,train,eikonal,0.01846575364470482
214800,450,train,render,0.09049171209335327
214800,450,train,total,0.09233828634023666
214900,450,train,eikonal,0.009933455847203732
214900,450,train,render,0.07373380661010742
214900,450,train,total,0.07472715526819229
215000,450,train,eikonal,0.010658035054802895
215000,450,train,render,0.08888006210327148
215000,450,train,total,0.08994586765766144
215100,450,train,eikonal,0.009953884407877922
215100,450,train,render,0.07351332902908325
215100,450,train,total,0.07450871914625168
215200,451,train,eikonal,0.01596434786915779
215200,451,train,render,0.07637252658605576
215200,451,train,total,0.07796896249055862
215300,451,train,eikonal,0.011081726290285587
215300,451,train,render,0.06916068494319916
215300,451,train,total,0.07026885449886322
215400,451,train,eikonal,0.01692996174097061
215400,451,train,render,0.07299180328845978
215400,451,train,total,0.07468479871749878
215500,451,train,eikonal,0.008550355210900307
215500,451,train,render,0.07564596831798553
215500,451,train,total,0.07650100439786911
215600,451,train,eikonal,0.02156643196940422
215600,451,train,render,0.07145760208368301
215600,451,train,total,0.07361424714326859
215700,452,train,eikonal,0.007507435977458954
215700,452,train,render,0.08340305089950562
215700,452,train,total,0.08415379375219345
215800,452,train,eikonal,0.017759207636117935
215800,452,train,render,0.08882224559783936
215800,452,train,total,0.09059816598892212
215900,452,train,eikonal,0.010695571079850197
215900,452,train,render,0.08487245440483093
215900,452,train,total,0.08594201505184174
216000,452,train,eikonal,0.01341073028743267
216000,452,train,render,0.07905997335910797
216000,452,train,total,0.08040104806423187
216100,453,train,eikonal,0.00822945311665535
216100,453,train,render,0.07430709898471832
216100,453,train,total,0.07513004541397095
216200,453,train,eikonal,0.017067696899175644
216200,453,train,render,0.08256873488426208
216200,453,train,total,0.0842755064368248
216300,453,train,eikonal,0.011723801493644714
216300,453,train,render,0.07703375071287155
216300,453,train,total,0.0782061293721199
216400,453,train,eikonal,0.00988417025655508
216400,453,train,render,0.08443447947502136
216400,453,train,total,0.08542289584875107
216500,453,train,eikonal,0.013554224744439125
216500,453,train,render,0.07629778981208801
216500,453,train,total,0.07765321433544159
216600,454,train,eikonal,0.011437613517045975
216600,454,train,render,0.08277924358844757
216600,454,train,total,0.08392300456762314
216700,454,train,eikonal,0.011144797317683697
216700,454,train,render,0.07106862962245941
216700,454,train,total,0.07218310981988907
216800,454,train,eikonal,0.011683993972837925
216800,454,train,render,0.0894651859998703
216800,454,train,total,0.0906335860490799
216900,454,train,eikonal,0.012208406813442707
216900,454,train,render,0.08137822151184082
216900,454,train,total,0.08259905874729156
217000,454,train,eikonal,0.01131046935915947
217000,454,train,render,0.07608306407928467
217000,454,train,total,0.07721411436796188
217100,455,train,eikonal,0.01602630503475666
217100,455,train,render,0.08359827846288681
217100,455,train,total,0.08520090579986572
217200,455,train,eikonal,0.008316682651638985
217200,455,train,render,0.07544377446174622
217200,455,train,total,0.07627544552087784
217300,455,train,eikonal,0.010151265189051628
217300,455,train,render,0.075548455119133
217300,455,train,total,0.07656358182430267
217400,455,train,eikonal,0.011400730349123478
217400,455,train,render,0.09871427714824677
217400,455,train,total,0.09985435009002686
217500,455,train,eikonal,0.010859491303563118
217500,455,train,render,0.08619992434978485
217500,455,train,total,0.08728587627410889
217600,456,train,eikonal,0.016174960881471634
217600,456,train,render,0.09236344695091248
217600,456,train,total,0.09398094564676285
217700,456,train,eikonal,0.009146647527813911
217700,456,train,render,0.07432377338409424
217700,456,train,total,0.075238436460495
217800,456,train,eikonal,0.019086172804236412
217800,456,train,render,0.07992642372846603
217800,456,train,total,0.08183503895998001
217900,456,train,eikonal,0.011925810016691685
217900,456,train,render,0.08059188723564148
217900,456,train,total,0.08178447186946869
218000,457,train,eikonal,0.01604117453098297
218000,457,train,render,0.07595087587833405
218000,457,train,total,0.07755499333143234
218100,457,train,eikonal,0.010197833180427551
218100,457,train,render,0.06695710122585297
218100,457,train,total,0.06797688454389572
218200,457,train,eikonal,0.010570190846920013
218200,457,train,render,0.07881224155426025
218200,457,train,total,0.07986926287412643
218300,457,train,eikonal,0.010313650593161583
218300,457,train,render,0.07580346614122391
218300,457,train,total,0.07683482766151428
218400,457,train,eikonal,0.011389004066586494
218400,457,train,render,0.0743681937456131
218400,457,train,total,0.07550709694623947
218500,458,train,eikonal,0.01029003132134676
218500,458,train,render,0.12880420684814453
218500,458,train,total,0.12983320653438568
218600,458,train,eikonal,0.017475590109825134
218600,458,train,render,0.0818755179643631
218600,458,train,total,0.08362307399511337
218700,458,train,eikonal,0.010560194030404091
218700,458,train,render,0.08349987119436264
218700,458,train,total,0.08455589413642883
218800,458,train,eikonal,0.01177983172237873
218800,458,train,render,0.08673631399869919
218800,458,train,total,0.08791429549455643
218900,458,train,eikonal,0.009946971200406551
218900,458,train,render,0.08986108005046844
218900,458,train,total,0.09085577726364136
219000,459,train,eikonal,0.010342421941459179
219000,459,train,render,0.07812870293855667
219000,459,train,total,0.07916294783353806
219100,459,train,eikonal,0.01079423539340496
219100,459,train,render,0.09468264877796173
219100,459,train,total,0.09576207399368286
219200,459,train,eikonal,0.017712432891130447
219200,459,train,render,0.08745266497135162
219200,459,train,total,0.08922390639781952
219300,459,train,eikonal,0.017653033137321472
219300,459,train,render,0.06886030733585358
219300,459,train,total,0.07062561064958572
219400,459,train,eikonal,0.010000679641962051
219400,459,train,render,0.08373073488473892
219400,459,train,total,0.08473080396652222
219500,460,train,eikonal,0.00841711275279522
219500,460,train,render,0.08499132841825485
219500,460,train,total,0.08583304286003113
219600,460,train,eikonal,0.015092113055288792
219600,460,train,render,0.07716074585914612
219600,460,train,total,0.0786699578166008
219700,460,train,eikonal,0.00847689900547266
219700,460,train,render,0.08161012828350067
219700,460,train,total,0.08245781809091568
219800,460,train,eikonal,0.010728695429861546
219800,460,train,render,0.07317539304494858
219800,460,train,total,0.07424826174974442
219900,461,train,eikonal,0.011273845098912716
219900,461,train,render,0.07430796325206757
219900,461,train,total,0.0754353478550911
220000,461,train,eikonal,0.008153177797794342
220000,461,train,render,0.0796031504869461
220000,461,train,total,0.08041846752166748
220100,461,train,eikonal,0.010190123692154884
220100,461,train,render,0.07267799973487854
220100,461,train,total,0.07369701564311981
220200,461,train,eikonal,0.011101252399384975
220200,461,train,render,0.06757331639528275
220200,461,train,total,0.0686834380030632
220300,461,train,eikonal,0.013611866161227226
220300,461,train,render,0.07796919345855713
220300,461,train,total,0.07933037728071213
220400,462,train,eikonal,0.010363342240452766
220400,462,train,render,0.08595584332942963
220400,462,train,total,0.08699217438697815
220500,462,train,eikonal,0.010646933689713478
220500,462,train,render,0.07901911437511444
220500,462,train,total,0.08008380979299545
220600,462,train,eikonal,0.007680175825953484
220600,462,train,render,0.07454463839530945
220600,462,train,total,0.07531265914440155
220700,462,train,eikonal,0.009973918087780476
220700,462,train,render,0.08683816343545914
220700,462,train,total,0.08783555775880814
220800,462,train,eikonal,0.014615513384342194
220800,462,train,render,0.08016813546419144
220800,462,train,total,0.0816296860575676
220900,463,train,eikonal,0.011967604979872704
220900,463,train,render,0.07142288237810135
220900,463,train,total,0.07261963933706284
221000,463,train,eikonal,0.008982344530522823
221000,463,train,render,0.065594382584095
221000,463,train,total,0.06649261713027954
221100,463,train,eikonal,0.01440368965268135
221100,463,train,render,0.08445382118225098
221100,463,train,total,0.08589418977499008
221200,463,train,eikonal,0.015143468976020813
221200,463,train,render,0.0739164724946022
221200,463,train,total,0.07543081790208817
221300,463,train,eikonal,0.01056531723588705
221300,463,train,render,0.07408730685710907
221300,463,train,total,0.07514383643865585
221400,464,train,eikonal,0.009713711217045784
221400,464,train,render,0.06885881721973419
221400,464,train,total,0.06983018666505814
221500,464,train,eikonal,0.015196478925645351
221500,464,train,render,0.07903742790222168
221500,464,train,total,0.08055707812309265
221600,464,train,eikonal,0.009733766317367554
221600,464,train,render,0.07120305299758911
221600,464,train,total,0.07217642664909363
221700,464,train,eikonal,0.00995662808418274
221700,464,train,render,0.0766066461801529
221700,464,train,total,0.0776023119688034
221800,464,train,eikonal,0.011433635838329792
221800,464,train,render,0.1500391960144043
221800,464,train,total,0.15118256211280823
221900,465,train,eikonal,0.012917237356305122
221900,465,train,render,0.07980691641569138
221900,465,train,total,0.08109863847494125
222000,465,train,eikonal,0.010748051106929779
222000,465,train,render,0.07510620355606079
222000,465,train,total,0.07618100941181183
222100,465,train,eikonal,0.012111049145460129
222100,465,train,render,0.06572334468364716
222100,465,train,total,0.06693445146083832
222200,465,train,eikonal,0.012958254665136337
222200,465,train,render,0.08339758962392807
222200,465,train,total,0.08469341695308685
222300,466,train,eikonal,0.007892985828220844
222300,466,train,render,0.07292580604553223
222300,466,train,total,0.07371510565280914
222400,466,train,eikonal,0.009053131565451622
222400,466,train,render,0.08137883245944977
222400,466,train,total,0.08228414505720139
222500,466,train,eikonal,0.014563610777258873
222500,466,train,render,0.07432730495929718
222500,466,train,total,0.07578366249799728
222600,466,train,eikonal,0.0064931269735097885
222600,466,train,render,0.07754340022802353
222600,466,train,total,0.07819271087646484
222700,466,train,eikonal,0.00960584171116352
222700,466,train,render,0.08670152723789215
222700,466,train,total,0.08766210824251175
222800,467,train,eikonal,0.011525063775479794
222800,467,train,render,0.06699793040752411
222800,467,train,total,0.06815043836832047
222900,467,train,eikonal,0.011557926423847675
222900,467,train,render,0.09616412222385406
222900,467,train,total,0.09731991589069366
223000,467,train,eikonal,0.007790853269398212
223000,467,train,render,0.06994572281837463
223000,467,train,total,0.07072480767965317
223100,467,train,eikonal,0.012142898514866829
223100,467,train,render,0.08940940350294113
223100,467,train,total,0.09062369167804718
223200,467,train,eikonal,0.019980130717158318
223200,467,train,render,0.08134730160236359
223200,467,train,total,0.08334531635046005
223300,468,train,eikonal,0.012515118345618248
223300,468,train,render,0.07793495059013367
223300,468,train,total,0.07918646186590195
223400,468,train,eikonal,0.012819206342101097
223400,468,train,render,0.07197074592113495
223400,468,train,total,0.07325266301631927
223500,468,train,eikonal,0.013452280312776566
223500,468,train,render,0.07137084007263184
223500,468,train,total,0.07271606475114822
223600,468,train,eikonal,0.008964122273027897
223600,468,train,render,0.0721798837184906
223600,468,train,total,0.0730762928724289
223700,468,train,eikonal,0.012773152440786362
223700,468,train,render,0.06928762793540955
223700,468,train,total,0.07056494057178497
223800,469,train,eikonal,0.010807979851961136
223800,469,train,render,0.07467903196811676
223800,469,train,total,0.07575982809066772
223900,469,train,eikonal,0.01447810884565115
223900,469,train,render,0.07982929050922394
223900,469,train,total,0.08127710223197937
224000,469,train,eikonal,0.007769323885440826
224000,469,train,render,0.07463964819908142
224000,469,train,total,0.07541657984256744
224100,469,train,eikonal,0.017196057364344597
224100,469,train,render,0.07506580650806427
224100,469,train,total,0.07678541541099548
224200,470,train,eikonal,0.008715128526091576
224200,470,train,render,0.07713937759399414
224200,470,train,total,0.07801088690757751
224300,470,train,eikonal,0.013269152492284775
224300,470,train,render,0.08438855409622192
224300,470,train,total,0.08571547269821167
224400,470,train,eikonal,0.010163857601583004
224400,470,train,render,0.08881443738937378
224400,470,train,total,0.08983082324266434
224500,470,train,eikonal,0.018372226506471634
224500,470,train,render,0.08347387611865997
224500,470,train,total,0.08531109988689423
224600,470,train,eikonal,0.011492581106722355
224600,470,train,render,0.07073069363832474
224600,470,train,total,0.07187995314598083
224700,471,train,eikonal,0.01583310402929783
224700,471,train,render,0.07855847477912903
224700,471,train,total,0.08014178276062012
224800,471,train,eikonal,0.011812854558229446
224800,471,train,render,0.07467424124479294
224800,471,train,total,0.07585552334785461
224900,471,train,eikonal,0.010447442531585693
224900,471,train,render,0.08266085386276245
224900,471,train,total,0.0837055966258049
225000,471,train,eikonal,0.010289709083735943
225000,471,train,render,0.13916724920272827
225000,471,train,total,0.14019621908664703
225100,471,train,eikonal,0.009770953096449375
225100,471,train,render,0.08073577284812927
225100,471,train,total,0.08171287178993225
225200,472,train,eikonal,0.007786883041262627
225200,472,train,render,0.07968724519014359
225200,472,train,total,0.08046593517065048
225300,472,train,eikonal,0.011293423362076283
225300,472,train,render,0.09150393307209015
225300,472,train,total,0.09263327717781067
225400,472,train,eikonal,0.012886266224086285
225400,472,train,render,0.08537465333938599
225400,472,train,total,0.08666328340768814
225500,472,train,eikonal,0.010449494235217571
225500,472,train,render,0.07093239575624466
225500,472,train,total,0.07197734713554382
225600,472,train,eikonal,0.011939040385186672
225600,472,train,render,0.09048707783222198
225600,472,train,total,0.09168098121881485
225700,473,train,eikonal,0.00980925839394331
225700,473,train,render,0.08041323721408844
225700,473,train,total,0.08139416575431824
225800,473,train,eikonal,0.011233322322368622
225800,473,train,render,0.07700757682323456
225800,473,train,total,0.07813090831041336
225900,473,train,eikonal,0.00952337495982647
225900,473,train,render,0.08201757073402405
225900,473,train,total,0.08296991139650345
226000,473,train,eikonal,0.015302609652280807
226000,473,train,render,0.07942841947078705
226000,473,train,total,0.08095867931842804
226100,474,train,eikonal,0.006835728418081999
226100,474,train,render,0.07017067074775696
226100,474,train,total,0.07085424661636353
226200,474,train,eikonal,0.011567527428269386
226200,474,train,render,0.08284131437540054
226200,474,train,total,0.08399806916713715
226300,474,train,eikonal,0.010384481400251389
226300,474,train,render,0.08372749388217926
226300,474,train,total,0.08476594090461731
226400,474,train,eikonal,0.01275612972676754
226400,474,train,render,0.08107127994298935
226400,474,train,total,0.08234689384698868
226500,474,train,eikonal,0.010474169626832008
226500,474,train,render,0.07925543189048767
226500,474,train,total,0.08030284941196442
226600,475,train,eikonal,0.010167386382818222
226600,475,train,render,0.0779799222946167
226600,475,train,total,0.07899665832519531
226700,475,train,eikonal,0.010912435129284859
226700,475,train,render,0.07185505330562592
226700,475,train,total,0.07294629514217377
226800,475,train,eikonal,0.015162517316639423
226800,475,train,render,0.07841242849826813
226800,475,train,total,0.0799286812543869
226900,475,train,eikonal,0.013700246810913086
226900,475,train,render,0.08141136914491653
226900,475,train,total,0.08278139680624008
227000,475,train,eikonal,0.011542163789272308
227000,475,train,render,0.0803540050983429
227000,475,train,total,0.08150821924209595
227100,476,train,eikonal,0.010033845901489258
227100,476,train,render,0.09755314886569977
227100,476,train,total,0.0985565334558487
227200,476,train,eikonal,0.0105430968105793
227200,476,train,render,0.09881660342216492
227200,476,train,total,0.09987091273069382
227300,476,train,eikonal,0.012982681393623352
227300,476,train,render,0.07961635291576385
227300,476,train,total,0.08091462403535843
227400,476,train,eikonal,0.01317190658301115
227400,476,train,render,0.08487850427627563
227400,476,train,total,0.0861956924200058
227500,476,train,eikonal,0.010353666730225086
227500,476,train,render,0.07266376912593842
227500,476,train,total,0.07369913905858994
227600,477,train,eikonal,0.010264713317155838
227600,477,train,render,0.07161770015954971
227600,477,train,total,0.0726441740989685
227700,477,train,eikonal,0.017539631575345993
227700,477,train,render,0.08408142626285553
227700,477,train,total,0.08583538979291916
227800,477,train,eikonal,0.011762561276555061
227800,477,train,render,0.07927456498146057
227800,477,train,total,0.08045081794261932
227900,477,train,eikonal,0.01535907480865717
227900,477,train,render,0.07409900426864624
227900,477,train,total,0.0756349116563797
228000,477,train,eikonal,0.01080329343676567
228000,477,train,render,0.08215752989053726
228000,477,train,total,0.08323785662651062
228100,478,train,eikonal,0.014462707564234734
228100,478,train,render,0.07919056713581085
228100,478,train,total,0.08063683658838272
228200,478,train,eikonal,0.01039915718138218
228200,478,train,render,0.1326785385608673
228200,478,train,total,0.13371846079826355
228300,478,train,eikonal,0.009244539774954319
228300,478,train,render,0.07407471537590027
228300,478,train,total,0.07499916851520538
228400,478,train,eikonal,0.011533902958035469
228400,478,train,render,0.09763757884502411
228400,478,train,total,0.0987909659743309
228500,479,train,eikonal,0.009802883490920067
228500,479,train,render,0.07016555964946747
228500,479,train,total,0.07114584743976593
228600,479,train,eikonal,0.010295649990439415
228600,479,train,render,0.09444090723991394
228600,479,train,total,0.09547047317028046
228700,479,train,eikonal,0.010114720091223717
228700,479,train,render,0.08458875119686127
228700,479,train,total,0.08560021966695786
228800,479,train,eikonal,0.010599583387374878
228800,479,train,render,0.07137571275234222
228800,479,train,total,0.07243566960096359
228900,479,train,eikonal,0.01101120188832283
228900,479,train,render,0.08607704937458038
228900,479,train,total,0.08717817068099976
229000,480,train,eikonal,0.009886408224701881
229000,480,train,render,0.07483159005641937
229000,480,train,total,0.07582022994756699
229100,480,train,eikonal,0.011994514614343643
229100,480,train,render,0.08304291218519211
229100,480,train,total,0.08424236625432968
229200,480,train,eikonal,0.014669082127511501
229200,480,train,render,0.07707753777503967
229200,480,train,total,0.07854444533586502
229300,480,train,eikonal,0.009075016714632511
229300,480,train,render,0.09071974456310272
229300,480,train,total,0.09162724763154984
229400,480,train,eikonal,0.014100275933742523
229400,480,train,render,0.08186931163072586
229400,480,train,total,0.08327934145927429
229500,481,train,eikonal,0.010632863268256187
229500,481,train,render,0.07566016912460327
229500,481,train,total,0.07672345638275146
229600,481,train,eikonal,0.010626830160617828
229600,481,train,render,0.09801077842712402
229600,481,train,total,0.09907346218824387
229700,481,train,eikonal,0.013569718226790428
229700,481,train,render,0.0724775493144989
229700,481,train,total,0.07383452355861664
229800,481,train,eikonal,0.019391939043998718
229800,481,train,render,0.08866819739341736
229800,481,train,total,0.09060738980770111
229900,481,train,eikonal,0.007860114797949791
229900,481,train,render,0.09165994822978973
229900,481,train,total,0.09244596213102341
230000,482,train,eikonal,0.009907100349664688
230000,482,train,render,0.08327056467533112
230000,482,train,total,0.08426127582788467
230100,482,train,eikonal,0.010974772274494171
230100,482,train,render,0.08040124177932739
230100,482,train,total,0.08149871975183487
230200,482,train,eikonal,0.016043394804000854
230200,482,train,render,0.07866725325584412
230200,482,train,total,0.08027159422636032
230300,482,train,eikonal,0.011877806857228279
230300,482,train,render,0.07827906310558319
230300,482,train,total,0.07946684211492538
230400,483,train,eikonal,0.008614260703325272
230400,483,train,render,0.07586562633514404
230400,483,train,total,0.07672705501317978
230500,483,train,eikonal,0.011671770364046097
230500,483,train,render,0.0880429744720459
230500,483,train,total,0.0892101526260376
230600,483,train,eikonal,0.012058061547577381
230600,483,train,render,0.08345462381839752
230600,483,train,total,0.08466043323278427
230700,483,train,eikonal,0.012452594935894012
230700,483,train,render,0.07998185604810715
230700,483,train,total,0.08122711628675461
230800,483,train,eikonal,0.012318016029894352
230800,483,train,render,0.08076949417591095
230800,483,train,total,0.08200129866600037
230900,484,train,eikonal,0.011357026174664497
230900,484,train,render,0.09005674719810486
230900,484,train,total,0.09119244664907455
231000,484,train,eikonal,0.016178876161575317
231000,484,train,render,0.07969090342521667
231000,484,train,total,0.08130878955125809
231100,484,train,eikonal,0.011681677773594856
231100,484,train,render,0.07931693643331528
231100,484,train,total,0.08048510551452637
231200,484,train,eikonal,0.01676105707883835
231200,484,train,render,0.07091373205184937
231200,484,train,total,0.07258983701467514
231300,484,train,eikonal,0.00818350538611412
231300,484,train,render,0.07799145579338074
231300,484,train,total,0.07880980521440506
231400,485,train,eikonal,0.010813556611537933
231400,485,train,render,0.07968693971633911
231400,485,train,total,0.08076829463243484
231500,485,train,eikonal,0.010384805500507355
231500,485,train,render,0.07354261726140976
231500,485,train,total,0.0745811015367508
231600,485,train,eikonal,0.011313436552882195
231600,485,train,render,0.08793658018112183
231600,485,train,total,0.08906792104244232
231700,485,train,eikonal,0.01008290983736515
231700,485,train,render,0.0803341418504715
231700,485,train,total,0.0813424363732338
231800,485,train,eikonal,0.009507705457508564
231800,485,train,render,0.08496558666229248
231800,485,train,total,0.08591635525226593
231900,486,train,eikonal,0.01016840897500515
231900,486,train,render,0.10274720191955566
231900,486,train,total,0.10376404225826263
232000,486,train,eikonal,0.01046600192785263
232000,486,train,render,0.0849451869726181
232000,486,train,total,0.08599178493022919
232100,486,train,eikonal,0.014326585456728935
232100,486,train,render,0.07971607148647308
232100,486,train,total,0.08114872872829437
232200,486,train,eikonal,0.012309571728110313
232200,486,train,render,0.08438698947429657
232200,486,train,total,0.08561794459819794
232300,487,train,eikonal,0.017756162211298943
232300,487,train,render,0.07987330853939056
232300,487,train,total,0.08164892345666885
232400,487,train,eikonal,0.012707221321761608
232400,487,train,render,0.07262839376926422
232400,487,train,total,0.07389911264181137
232500,487,train,eikonal,0.010453950613737106
232500,487,train,render,0.09123778343200684
232500,487,train,total,0.09228318184614182
232600,487,train,eikonal,0.010705647990107536
232600,487,train,render,0.0831393152475357
232600,487,train,total,0.0842098817229271
232700,487,train,eikonal,0.009363343939185143
232700,487,train,render,0.08032446354627609
232700,487,train,total,0.0812608003616333
232800,488,train,eikonal,0.011472584679722786
232800,488,train,render,0.08478927612304688
232800,488,train,total,0.0859365314245224
232900,488,train,eikonal,0.007512941956520081
232900,488,train,render,0.07941161841154099
232900,488,train,total,0.080162912607193
233000,488,train,eikonal,0.0093056196346879
233000,488,train,render,0.13519901037216187
233000,488,train,total,0.13612957298755646
233100,488,train,eikonal,0.00904047954827547
233100,488,train,render,0.08302508294582367
233100,488,train,total,0.08392912894487381
233200,488,train,eikonal,0.009640451520681381
233200,488,train,render,0.07323330640792847
233200,488,train,total,0.07419735193252563
233300,489,train,eikonal,0.008752599358558655
233300,489,train,render,0.08436231315135956
233300,489,train,total,0.08523757010698318
233400,489,train,eikonal,0.01047754567116499
233400,489,train,render,0.07292251288890839
233400,489,train,total,0.073970265686512
233500,489,train,eikonal,0.00826023705303669
233500,489,train,render,0.07792700082063675
233500,489,train,total,0.0787530243396759
233600,489,train,eikonal,0.009183035232126713
233600,489,train,render,0.08359766006469727
233600,489,train,total,0.08451596647500992
233700,489,train,eikonal,0.009878418408334255
233700,489,train,render,0.09446659684181213
233700,489,train,total,0.09545443952083588
233800,490,train,eikonal,0.0110575370490551
233800,490,train,render,0.07255951315164566
233800,490,train,total,0.07366526871919632
233900,490,train,eikonal,0.00989347230643034
233900,490,train,render,0.0787794291973114
233900,490,train,total,0.07976877689361572
234000,490,train,eikonal,0.014522071927785873
234000,490,train,render,0.07779820263385773
234000,490,train,total,0.07925041019916534
234100,490,train,eikonal,0.008601178415119648
234100,490,train,render,0.07406296581029892
234100,490,train,total,0.0749230831861496
234200,490,train,eikonal,0.011490978300571442
234200,490,train,render,0.0870932787656784
234200,490,train,total,0.08824237436056137
234300,491,train,eikonal,0.015335090458393097
234300,491,train,render,0.07323428988456726
234300,491,train,total,0.07476779818534851
234400,491,train,eikonal,0.009689806029200554
234400,491,train,render,0.08238092064857483
234400,491,train,total,0.08334989845752716
234500,491,train,eikonal,0.0106615349650383
234500,491,train,render,0.08074738085269928
234500,491,train,total,0.08181353658437729
234600,491,train,eikonal,0.010671735741198063
234600,491,train,render,0.09025014936923981
234600,491,train,total,0.0913173258304596
234700,492,train,eikonal,0.005871651228517294
234700,492,train,render,0.07306420803070068
234700,492,train,total,0.07365137338638306
234800,492,train,eikonal,0.00959850661456585
234800,492,train,render,0.08694131672382355
234800,492,train,total,0.08790116757154465
234900,492,train,eikonal,0.015888158231973648
234900,492,train,render,0.07548316568136215
234900,492,train,total,0.07707197964191437
235000,492,train,eikonal,0.009211685508489609
235000,492,train,render,0.08307206630706787
235000,492,train,total,0.08399323374032974
235100,492,train,eikonal,0.00895720161497593
235100,492,train,render,0.06973633915185928
235100,492,train,total,0.07063206285238266
235200,493,train,eikonal,0.011415209621191025
235200,493,train,render,0.08153410255908966
235200,493,train,total,0.08267562091350555
235300,493,train,eikonal,0.010057320818305016
235300,493,train,render,0.08363394439220428
235300,493,train,total,0.08463967591524124
235400,493,train,eikonal,0.010290645062923431
235400,493,train,render,0.07629042118787766
235400,493,train,total,0.07731948792934418
235500,493,train,eikonal,0.008051746524870396
235500,493,train,render,0.0817752555012703
235500,493,train,total,0.08258043229579926
235600,493,train,eikonal,0.014078278094530106
235600,493,train,render,0.07994790375232697
235600,493,train,total,0.08135572820901871
235700,494,train,eikonal,0.009950422681868076
235700,494,train,render,0.06790757179260254
235700,494,train,total,0.06890261173248291
235800,494,train,eikonal,0.0074898963794112206
235800,494,train,render,0.0720481276512146
235800,494,train,total,0.07279711961746216
235900,494,train,eikonal,0.009822300635278225
235900,494,train,render,0.08109575510025024
235900,494,train,total,0.0820779874920845
236000,494,train,eikonal,0.01274738647043705
236000,494,train,render,0.08052142709493637
236000,494,train,total,0.08179616928100586
236100,494,train,eikonal,0.011068737134337425
236100,494,train,render,0.0821562111377716
236100,494,train,total,0.0832630842924118
236200,495,train,eikonal,0.009529135189950466
236200,495,train,render,0.07662080228328705
236200,495,train,total,0.07757371664047241
236300,495,train,eikonal,0.010205911472439766
236300,495,train,render,0.08600649237632751
236300,495,train,total,0.08702708035707474
236400,495,train,eikonal,0.011400192975997925
236400,495,train,render,0.08754923939704895
236400,495,train,total,0.08868926018476486
236500,495,train,eikonal,0.01696326769888401
236500,495,train,render,0.07972367107868195
236500,495,train,total,0.08141999691724777
236600,496,train,eikonal,0.009957654401659966
236600,496,train,render,0.08668143302202225
236600,496,train,total,0.08767719566822052
236700,496,train,eikonal,0.01515992358326912
236700,496,train,render,0.08236274868249893
236700,496,train,total,0.08387874066829681
236800,496,train,eikonal,0.012812837027013302
236800,496,train,render,0.079142726957798
236800,496,train,total,0.08042401075363159
236900,496,train,eikonal,0.013077881187200546
236900,496,train,render,0.08596563339233398
236900,496,train,total,0.08727341890335083
237000,496,train,eikonal,0.009511575102806091
237000,496,train,render,0.08144950866699219
237000,496,train,total,0.08240066468715668
237100,497,train,eikonal,0.015553190372884274
237100,497,train,render,0.07525719702243805
237100,497,train,total,0.0768125131726265
237200,497,train,eikonal,0.011534133926033974
237200,497,train,render,0.08601833134889603
237200,497,train,total,0.08717174828052521
237300,497,train,eikonal,0.012654849328100681
237300,497,train,render,0.09443449974060059
237300,497,train,total,0.0956999883055687
237400,497,train,eikonal,0.013200678862631321
237400,497,train,render,0.0782988965511322
237400,497,train,total,0.07961896806955338
237500,497,train,eikonal,0.01736900769174099
237500,497,train,render,0.0788269191980362
237500,497,train,total,0.08056382089853287
237600,498,train,eikonal,0.01795649528503418
237600,498,train,render,0.07967895269393921
237600,498,train,total,0.08147460222244263
237700,498,train,eikonal,0.014026504009962082
237700,498,train,render,0.07517631351947784
237700,498,train,total,0.07657896727323532
237800,498,train,eikonal,0.011317024007439613
237800,498,train,render,0.0817376971244812
237800,498,train,total,0.08286940306425095
237900,498,train,eikonal,0.009998461231589317
237900,498,train,render,0.06946507841348648
237900,498,train,total,0.07046492397785187
238000,498,train,eikonal,0.011001583188772202
238000,498,train,render,0.07235955446958542
238000,498,train,total,0.07345971465110779
238100,499,train,eikonal,0.012139210477471352
238100,499,train,render,0.08289790153503418
238100,499,train,total,0.08411182463169098
238200,499,train,eikonal,0.016691163182258606
238200,499,train,render,0.0817345529794693
238200,499,train,total,0.08340366929769516
238300,499,train,eikonal,0.018338102847337723
238300,499,train,render,0.08091221749782562
238300,499,train,total,0.08274602890014648
238400,499,train,eikonal,0.012585717253386974
238400,499,train,render,0.08086457848548889
238400,499,train,total,0.08212315291166306
238500,500,train,eikonal,0.009078426286578178
238500,500,train,render,0.09621618688106537
238500,500,train,total,0.09712403267621994
238600,500,train,eikonal,0.012473072856664658
238600,500,train,render,0.08333073556423187
238600,500,train,total,0.08457804471254349
238700,500,train,eikonal,0.008592059835791588
238700,500,train,render,0.15162310004234314
238700,500,train,total,0.1524823009967804
238800,500,train,eikonal,0.009829585440456867
238800,500,train,render,0.08080658316612244
238800,500,train,total,0.0817895382642746
238900,500,train,eikonal,0.017319178208708763
238900,500,train,render,0.07817159593105316
238900,500,train,total,0.0799035131931305
239000,501,train,eikonal,0.012686868198215961
239000,501,train,render,0.08578634262084961
239000,501,train,total,0.0870550274848938
239100,501,train,eikonal,0.009405363351106644
239100,501,train,render,0.08323513716459274
239100,501,train,total,0.08417567610740662
239200,501,train,eikonal,0.01655140146613121
239200,501,train,render,0.07839211821556091
239200,501,train,total,0.08004725724458694
239300,501,train,eikonal,0.01517875213176012
239300,501,train,render,0.07778997719287872
239300,501,train,total,0.07930785417556763
239400,501,train,eikonal,0.009096470661461353
239400,501,train,render,0.07415896654129028
239400,501,train,total,0.07506861537694931
239500,502,train,eikonal,0.009967942722141743
239500,502,train,render,0.077130027115345
239500,502,train,total,0.07812681794166565
239600,502,train,eikonal,0.010908268392086029
239600,502,train,render,0.07190735638141632
239600,502,train,total,0.07299818098545074
239700,502,train,eikonal,0.009799310006201267
239700,502,train,render,0.12836754322052002
239700,502,train,total,0.12934747338294983
239800,502,train,eikonal,0.01662278175354004
239800,502,train,render,0.08282944560050964
239800,502,train,total,0.08449172228574753
239900,502,train,eikonal,0.015805618837475777
239900,502,train,render,0.07913601398468018
239900,502,train,total,0.080716572701931
240000,503,train,eikonal,0.012805577367544174
240000,503,train,render,0.07082134485244751
240000,503,train,total,0.0721019059419632
240100,503,train,eikonal,0.021679170429706573
240100,503,train,render,0.08403259515762329
240100,503,train,total,0.08620051294565201
240200,503,train,eikonal,0.010828864760696888
240200,503,train,render,0.08045513927936554
240200,503,train,total,0.08153802901506424
240300,503,train,eikonal,0.00880497321486473
240300,503,train,render,0.0820373073220253
240300,503,train,total,0.08291780203580856
240400,503,train,eikonal,0.012024860829114914
240400,503,train,render,0.06792154908180237
240400,503,train,total,0.06912403553724289
240500,504,train,eikonal,0.013116312213242054
240500,504,train,render,0.07427369803190231
240500,504,train,total,0.07558532804250717
240600,504,train,eikonal,0.016867754980921745
240600,504,train,render,0.07874374836683273
240600,504,train,total,0.0804305225610733
240700,504,train,eikonal,0.016893215477466583
240700,504,train,render,0.10416044294834137
240700,504,train,total,0.10584976524114609
240800,504,train,eikonal,0.009885549545288086
240800,504,train,render,0.08042379468679428
240800,504,train,total,0.08141235262155533
240900,505,train,eikonal,0.0127869863063097
240900,505,train,render,0.07968487590551376
240900,505,train,total,0.08096357434988022
241000,505,train,eikonal,0.008783269673585892
241000,505,train,render,0.08180667459964752
241000,505,train,total,0.08268500119447708
241100,505,train,eikonal,0.011829403229057789
241100,505,train,render,0.08448874950408936
241100,505,train,total,0.08567169308662415
241200,505,train,eikonal,0.010686825029551983
241200,505,train,render,0.07970297336578369
241200,505,train,total,0.08077165484428406
241300,505,train,eikonal,0.014381993561983109
241300,505,train,render,0.07919558882713318
241300,505,train,total,0.08063378930091858
241400,506,train,eikonal,0.010298625566065311
241400,506,train,render,0.07833738625049591
241400,506,train,total,0.0793672502040863
241500,506,train,eikonal,0.011119211092591286
241500,506,train,render,0.07492764294147491
241500,506,train,total,0.07603956758975983
241600,506,train,eikonal,0.00952987838536501
241600,506,train,render,0.07161732763051987
241600,506,train,total,0.0725703164935112
241700,506,train,eikonal,0.009329954162240028
241700,506,train,render,0.07903055846691132
241700,506,train,total,0.0799635574221611
241800,506,train,eikonal,0.010340842418372631
241800,506,train,render,0.09261291474103928
241800,506,train,total,0.09364699572324753
241900,507,train,eikonal,0.020099559798836708
241900,507,train,render,0.07349299639463425
241900,507,train,total,0.07550295442342758
242000,507,train,eikonal,0.009869466535747051
242000,507,train,render,0.08431915938854218
242000,507,train,total,0.08530610799789429
242100,507,train,eikonal,0.010623546317219734
242100,507,train,render,0.0743013471364975
242100,507,train,total,0.07536370307207108
242200,507,train,eikonal,0.008441643789410591
242200,507,train,render,0.07144016027450562
242200,507,train,total,0.07228432595729828
242300,507,train,eikonal,0.008384954184293747
242300,507,train,render,0.0773012638092041
242300,507,train,total,0.0781397596001625
242400,508,train,eikonal,0.01112483162432909
242400,508,train,render,0.08400390297174454
242400,508,train,total,0.08511638641357422
242500,508,train,eikonal,0.008484216406941414
242500,508,train,render,0.08717882633209229
242500,508,train,total,0.08802724629640579
242600,508,train,eikonal,0.010511787608265877
242600,508,train,render,0.08483424782752991
242600,508,train,total,0.0858854278922081
242700,508,train,eikonal,0.01113191433250904
242700,508,train,render,0.07225091010332108
242700,508,train,total,0.07336410135030746
242800,509,train,eikonal,0.010373547673225403
242800,509,train,render,0.07984645664691925
242800,509,train,total,0.08088380843400955
242900,509,train,eikonal,0.013057919219136238
242900,509,train,render,0.07843045145273209
242900,509,train,total,0.07973624020814896
243000,509,train,eikonal,0.01725916750729084
243000,509,train,render,0.07761761546134949
243000,509,train,total,0.0793435350060463
243100,509,train,eikonal,0.011169628240168095
243100,509,train,render,0.08451881259679794
243100,509,train,total,0.08563577383756638
243200,509,train,eikonal,0.01569182612001896
243200,509,train,render,0.07713612914085388
243200,509,train,total,0.0787053108215332
243300,510,train,eikonal,0.01145851332694292
243300,510,train,render,0.08499445766210556
243300,510,train,total,0.08614031225442886
243400,510,train,eikonal,0.011095232330262661
243400,510,train,render,0.06667809188365936
243400,510,train,total,0.06778761744499207
243500,510,train,eikonal,0.010214658454060555
243500,510,train,render,0.07413442432880402
243500,510,train,total,0.07515589147806168
243600,510,train,eikonal,0.018919777125120163
243600,510,train,render,0.07756254076957703
243600,510,train,total,0.07945451885461807
243700,510,train,eikonal,0.009990683756768703
243700,510,train,render,0.09533615410327911
243700,510,train,total,0.09633522480726242
243800,511,train,eikonal,0.00935848243534565
243800,511,train,render,0.07045070081949234
243800,511,train,total,0.07138654589653015
243900,511,train,eikonal,0.007663355208933353
243900,511,train,render,0.0716995894908905
243900,511,train,total,0.0724659264087677
244000,511,train,eikonal,0.014887718483805656
244000,511,train,render,0.08194112777709961
244000,511,train,total,0.08342990279197693
244100,511,train,eikonal,0.010442551225423813
244100,511,train,render,0.07240128517150879
244100,511,train,total,0.07344554364681244
244200,511,train,eikonal,0.014826487749814987
244200,511,train,render,0.08147794008255005
244200,511,train,total,0.0829605907201767
244300,512,train,eikonal,0.010747307911515236
244300,512,train,render,0.08325453102588654
244300,512,train,total,0.0843292623758316
244400,512,train,eikonal,0.012672597542405128
244400,512,train,render,0.07416141033172607
244400,512,train,total,0.07542867213487625
244500,512,train,eikonal,0.009194915182888508
244500,512,train,render,0.07956553995609283
244500,512,train,total,0.0804850310087204
244600,512,train,eikonal,0.009391206316649914
244600,512,train,render,0.07929414510726929
244600,512,train,total,0.08023326843976974
244700,512,train,eikonal,0.01125525962561369
244700,512,train,render,0.08559174835681915
244700,512,train,total,0.08671727776527405
244800,513,train,eikonal,0.016483768820762634
244800,513,train,render,0.07437705993652344
244800,513,train,total,0.07602543383836746
244900,513,train,eikonal,0.012638845480978489
244900,513,train,render,0.07153142243623734
244900,513,train,total,0.0727953091263771
245000,513,train,eikonal,0.009045790880918503
245000,513,train,render,0.07887163758277893
245000,513,train,total,0.07977622002363205
245100,513,train,eikonal,0.010105797089636326
245100,513,train,render,0.0855240672826767
245100,513,train,total,0.08653464913368225
245200,514,train,eikonal,0.0086714718490839
245200,514,train,render,0.08716721832752228
245200,514,train,total,0.08803436905145645
245300,514,train,eikonal,0.008063364773988724
245300,514,train,render,0.08526568114757538
245300,514,train,total,0.08607202023267746
245400,514,train,eikonal,0.009063828736543655
245400,514,train,render,0.072017602622509
245400,514,train,total,0.07292398810386658
245500,514,train,eikonal,0.008307664655148983
245500,514,train,render,0.07803994417190552
245500,514,train,total,0.07887071371078491
245600,514,train,eikonal,0.009937230497598648
245600,514,train,render,0.08052206039428711
245600,514,train,total,0.08151578158140182
245700,515,train,eikonal,0.010419820435345173
245700,515,train,render,0.08370795845985413
245700,515,train,total,0.08474993705749512
245800,515,train,eikonal,0.00954083725810051
245800,515,train,render,0.0851462334394455
245800,515,train,total,0.08610031753778458
245900,515,train,eikonal,0.011561314575374126
245900,515,train,render,0.08025932312011719
245900,515,train,total,0.08141545206308365
246000,515,train,eikonal,0.007647797465324402
246000,515,train,render,0.07730312645435333
246000,515,train,total,0.07806790620088577
246100,515,train,eikonal,0.015330337919294834
246100,515,train,render,0.08973465859889984
246100,515,train,total,0.09126769006252289
246200,516,train,eikonal,0.01151810772716999
246200,516,train,render,0.08120791614055634
246200,516,train,total,0.08235972374677658
246300,516,train,eikonal,0.011481024324893951
246300,516,train,render,0.07703274488449097
246300,516,train,total,0.07818084955215454
246400,516,train,eikonal,0.01088083628565073
246400,516,train,render,0.0844188779592514
246400,516,train,total,0.08550696074962616
246500,516,train,eikonal,0.011574565432965755
246500,516,train,render,0.0863787904381752
246500,516,train,total,0.08753624558448792
246600,516,train,eikonal,0.011511529795825481
246600,516,train,render,0.08024634420871735
246600,516,train,total,0.08139749616384506
246700,517,train,eikonal,0.013734789565205574
246700,517,train,render,0.08293914794921875
246700,517,train,total,0.08431262522935867
246800,517,train,eikonal,0.011981155723333359
246800,517,train,render,0.07272520661354065
246800,517,train,total,0.07392331957817078
246900,517,train,eikonal,0.008763233199715614
246900,517,train,render,0.09850242733955383
246900,517,train,total,0.09937874972820282
247000,517,train,eikonal,0.010716281831264496
247000,517,train,render,0.087323397397995
247000,517,train,total,0.08839502930641174
247100,518,train,eikonal,0.015290849842131138
247100,518,train,render,0.07788068056106567
247100,518,train,total,0.07940976321697235
247200,518,train,eikonal,0.011081458069384098
247200,518,train,render,0.09781965613365173
247200,518,train,total,0.098927803337574
247300,518,train,eikonal,0.01011405885219574
247300,518,train,render,0.0864308774471283
247300,518,train,total,0.08744228631258011
247400,518,train,eikonal,0.00895736925303936
247400,518,train,render,0.07361531257629395
247400,518,train,total,0.07451105117797852
247500,518,train,eikonal,0.009634054265916348
247500,518,train,render,0.08836185932159424
247500,518,train,total,0.08932526409626007
247600,519,train,eikonal,0.009427414275705814
247600,519,train,render,0.08113408833742142
247600,519,train,total,0.08207683265209198
247700,519,train,eikonal,0.013403404504060745
247700,519,train,render,0.08573587238788605
247700,519,train,total,0.08707620948553085
247800,519,train,eikonal,0.016678251326084137
247800,519,train,render,0.0887022316455841
247800,519,train,total,0.0903700590133667
247900,519,train,eikonal,0.008627776056528091
247900,519,train,render,0.08290348947048187
247900,519,train,total,0.08376626670360565
248000,519,train,eikonal,0.008485965430736542
248000,519,train,render,0.07157820463180542
248000,519,train,total,0.07242680341005325
248100,520,train,eikonal,0.01403149962425232
248100,520,train,render,0.0696508139371872
248100,520,train,total,0.07105396687984467
248200,520,train,eikonal,0.008950304239988327
248200,520,train,render,0.07843458652496338
248200,520,train,total,0.07932961732149124
248300,520,train,eikonal,0.011218557134270668
248300,520,train,render,0.0778479278087616
248300,520,train,total,0.07896978408098221
248400,520,train,eikonal,0.016613787040114403
248400,520,train,render,0.08877106010913849
248400,520,train,total,0.09043243527412415
248500,520,train,eikonal,0.009059477597475052
248500,520,train,render,0.07622437179088593
248500,520,train,total,0.07713031768798828
248600,521,train,eikonal,0.009817525744438171
248600,521,train,render,0.07705523818731308
248600,521,train,total,0.07803699374198914
248700,521,train,eikonal,0.011502883397042751
248700,521,train,render,0.08887029439210892
248700,521,train,total,0.09002058207988739
248800,521,train,eikonal,0.00914499256759882
248800,521,train,render,0.07133033871650696
248800,521,train,total,0.07224483788013458
248900,521,train,eikonal,0.010330491699278355
248900,521,train,render,0.07072770595550537
248900,521,train,total,0.07176075875759125
249000,522,train,eikonal,0.013070765882730484
249000,522,train,render,0.07883070409297943
249000,522,train,total,0.08013778179883957
249100,522,train,eikonal,0.012597373686730862
249100,522,train,render,0.08202260732650757
249100,522,train,total,0.08328234404325485
249200,522,train,eikonal,0.015088298358023167
249200,522,train,render,0.07991094887256622
249200,522,train,total,0.08141978085041046
249300,522,train,eikonal,0.01093410886824131
249300,522,train,render,0.07325532287359238
249300,522,train,total,0.07434873282909393
249400,522,train,eikonal,0.010066723451018333
249400,522,train,render,0.0855114758014679
249400,522,train,total,0.08651814609766006
249500,523,train,eikonal,0.009590277448296547
249500,523,train,render,0.07847774028778076
249500,523,train,total,0.0794367715716362
249600,523,train,eikonal,0.009108347818255424
249600,523,train,render,0.07316482067108154
249600,523,train,total,0.07407565414905548
249700,523,train,eikonal,0.010020180605351925
249700,523,train,render,0.07452182471752167
249700,523,train,total,0.07552384585142136
249800,523,train,eikonal,0.011103713884949684
249800,523,train,render,0.0957985371351242
249800,523,train,total,0.09690891206264496
249900,523,train,eikonal,0.01399007998406887
249900,523,train,render,0.073802649974823
249900,523,train,total,0.07520166039466858
250000,524,train,eikonal,0.010083246044814587
250000,524,train,render,0.07320451736450195
250000,524,train,total,0.07421284168958664
250100,524,train,eikonal,0.013941871002316475
250100,524,train,render,0.07960562407970428
250100,524,train,total,0.08099981397390366
250200,524,train,eikonal,0.015327727422118187
250200,524,train,render,0.0828671008348465
250200,524,train,total,0.08439987152814865
250300,524,train,eikonal,0.017214901745319366
250300,524,train,render,0.08321379125118256
250300,524,train,total,0.0849352777004242
250400,524,train,eikonal,0.012283779680728912
250400,524,train,render,0.080101378262043
250400,524,train,total,0.08132975548505783
250500,525,train,eikonal,0.011402048170566559
250500,525,train,render,0.07991188764572144
250500,525,train,total,0.08105209469795227
250600,525,train,eikonal,0.009524623863399029
250600,525,train,render,0.08056390285491943
250600,525,train,total,0.08151636272668839
250700,525,train,eikonal,0.011693647131323814
250700,525,train,render,0.07964697480201721
250700,525,train,total,0.08081633597612381
250800,525,train,eikonal,0.011350519955158234
250800,525,train,render,0.07133984565734863
250800,525,train,total,0.0724748969078064
250900,525,train,eikonal,0.009281767532229424
250900,525,train,render,0.08897306770086288
250900,525,train,total,0.08990124613046646
251000,526,train,eikonal,0.012242188677191734
251000,526,train,render,0.08611442148685455
251000,526,train,total,0.0873386412858963
251100,526,train,eikonal,0.009244405664503574
251100,526,train,render,0.0694243460893631
251100,526,train,total,0.07034878432750702
251200,526,train,eikonal,0.012016169726848602
251200,526,train,render,0.07619541883468628
251200,526,train,total,0.07739703357219696
251300,526,train,eikonal,0.0101339565590024
251300,526,train,render,0.07657395303249359
251300,526,train,total,0.07758735120296478
251400,527,train,eikonal,0.01121022179722786
251400,527,train,render,0.07267783582210541
251400,527,train,total,0.07379885762929916
251500,527,train,eikonal,0.010616743937134743
251500,527,train,render,0.07238253951072693
251500,527,train,total,0.07344421744346619
251600,527,train,eikonal,0.012972899712622166
251600,527,train,render,0.07875436544418335
251600,527,train,total,0.08005165308713913
251700,527,train,eikonal,0.010777365416288376
251700,527,train,render,0.07695760577917099
251700,527,train,total,0.07803533971309662
251800,527,train,eikonal,0.011740196496248245
251800,527,train,render,0.0872112438082695
251800,527,train,total,0.08838526159524918
251900,528,train,eikonal,0.009772616438567638
251900,528,train,render,0.0850645899772644
251900,528,train,total,0.08604185283184052
252000,528,train,eikonal,0.008948860689997673
252000,528,train,render,0.08085177838802338
252000,528,train,total,0.0817466676235199
252100,528,train,eikonal,0.010507497936487198
252100,528,train,render,0.08079396933317184
252100,528,train,total,0.08184471726417542
252200,528,train,eikonal,0.013258074410259724
252200,528,train,render,0.08253485709428787
252200,528,train,total,0.08386066555976868
252300,528,train,eikonal,0.011143784038722515
252300,528,train,render,0.07884025573730469
252300,528,train,total,0.07995463162660599
252400,529,train,eikonal,0.020375719293951988
252400,529,train,render,0.0886671170592308
252400,529,train,total,0.09070468693971634
252500,529,train,eikonal,0.010305024683475494
252500,529,train,render,0.07707294821739197
252500,529,train,total,0.0781034529209137
252600,529,train,eikonal,0.011320077814161777
252600,529,train,render,0.09031312167644501
252600,529,train,total,0.09144513309001923
252700,529,train,eikonal,0.013014454394578934
252700,529,train,render,0.07607676088809967
252700,529,train,total,0.07737820595502853
252800,529,train,eikonal,0.008848495781421661
252800,529,train,render,0.07696233689785004
252800,529,train,total,0.0778471827507019
252900,530,train,eikonal,0.009889021515846252
252900,530,train,render,0.08677604794502258
252900,530,train,total,0.08776494860649109
253000,530,train,eikonal,0.008330660872161388
253000,530,train,render,0.0798809826374054
253000,530,train,total,0.08071404695510864
253100,530,train,eikonal,0.009852278977632523
253100,530,train,render,0.08858568966388702
253100,530,train,total,0.08957091718912125
253200,530,train,eikonal,0.01093378383666277
253200,530,train,render,0.06427593529224396
253200,530,train,total,0.06536931544542313
253300,531,train,eikonal,0.010976234450936317
253300,531,train,render,0.09395065903663635
253300,531,train,total,0.09504828602075577
253400,531,train,eikonal,0.012304534204304218
253400,531,train,render,0.07289630174636841
253400,531,train,total,0.07412675768136978
253500,531,train,eikonal,0.007837537676095963
253500,531,train,render,0.0757700577378273
253500,531,train,total,0.0765538141131401
253600,531,train,eikonal,0.008297083899378777
253600,531,train,render,0.07374793291091919
253600,531,train,total,0.07457764446735382
253700,531,train,eikonal,0.011379998177289963
253700,531,train,render,0.08513477444648743
253700,531,train,total,0.08627277612686157
253800,532,train,eikonal,0.010851208120584488
253800,532,train,render,0.0825074091553688
253800,532,train,total,0.08359252661466599
253900,532,train,eikonal,0.00944714155048132
253900,532,train,render,0.12736786901950836
253900,532,train,total,0.1283125877380371
254000,532,train,eikonal,0.009977903217077255
254000,532,train,render,0.08121620118618011
254000,532,train,total,0.08221399039030075
254100,532,train,eikonal,0.00845212023705244
254100,532,train,render,0.077458456158638
254100,532,train,total,0.07830366492271423
254200,532,train,eikonal,0.007960006594657898
254200,532,train,render,0.08212606608867645
254200,532,train,total,0.08292206376791
254300,533,train,eikonal,0.01582058146595955
254300,533,train,render,0.07663916051387787
254300,533,train,total,0.07822121679782867
254400,533,train,eikonal,0.009435088373720646
254400,533,train,render,0.086403489112854
254400,533,train,total,0.08734700083732605
254500,533,train,eikonal,0.008786633610725403
254500,533,train,render,0.09481146186590195
254500,533,train,total,0.09569012373685837
254600,533,train,eikonal,0.010925778187811375
254600,533,train,render,0.08709796518087387
254600,533,train,total,0.08819054067134857
254700,533,train,eikonal,0.00916825421154499
254700,533,train,render,0.08062779903411865
254700,533,train,total,0.08154462277889252
254800,534,train,eikonal,0.008791311644017696
254800,534,train,render,0.07222359627485275
254800,534,train,total,0.07310272753238678
254900,534,train,eikonal,0.009971469640731812
254900,534,train,render,0.07165247946977615
254900,534,train,total,0.07264962792396545
255000,534,train,eikonal,0.0104233268648386
255000,534,train,render,0.08696576952934265
255000,534,train,total,0.0880081057548523
255100,534,train,eikonal,0.010441524907946587
255100,534,train,render,0.08595587313175201
255100,534,train,total,0.08700002729892731
255200,535,train,eikonal,0.01169806718826294
255200,535,train,render,0.09215566515922546
255200,535,train,total,0.09332547336816788
255300,535,train,eikonal,0.010039773769676685
255300,535,train,render,0.08300021290779114
255300,535,train,total,0.08400419354438782
255400,535,train,eikonal,0.011033136397600174
255400,535,train,render,0.07514645159244537
255400,535,train,total,0.07624976336956024
255500,535,train,eikonal,0.011636954732239246
255500,535,train,render,0.0751032680273056
255500,535,train,total,0.07626696676015854
255600,535,train,eikonal,0.01063983328640461
255600,535,train,render,0.09619957208633423
255600,535,train,total,0.09726355224847794
255700,536,train,eikonal,0.0102925980463624
255700,536,train,render,0.09166763722896576
255700,536,train,total,0.0926968976855278
255800,536,train,eikonal,0.010435368865728378
255800,536,train,render,0.07849214971065521
255800,536,train,total,0.07953568547964096
255900,536,train,eikonal,0.014117009937763214
255900,536,train,render,0.07098165899515152
255900,536,train,total,0.07239335775375366
256000,536,train,eikonal,0.012812717817723751
256000,536,train,render,0.07863827049732208
256000,536,train,total,0.07991953939199448
256100,536,train,eikonal,0.01789337582886219
256100,536,train,render,0.09177882224321365
256100,536,train,total,0.09356816112995148
256200,537,train,eikonal,0.010604199953377247
256200,537,train,render,0.07772426307201385
256200,537,train,total,0.07878468185663223
256300,537,train,eikonal,0.010096474550664425
256300,537,train,render,0.08183427900075912
256300,537,train,total,0.08284392952919006
256400,537,train,eikonal,0.010030975565314293
256400,537,train,render,0.0670986995100975
256400,537,train,total,0.06810179352760315
256500,537,train,eikonal,0.008746586740016937
256500,537,train,render,0.06677479296922684
256500,537,train,total,0.06764945387840271
256600,537,train,eikonal,0.012759823352098465
256600,537,train,render,0.07296979427337646
256600,537,train,total,0.07424577325582504
256700,538,train,eikonal,0.009118659421801567
256700,538,train,render,0.08292479813098907
256700,538,train,total,0.08383666723966599
256800,538,train,eikonal,0.0074227480217814445
256800,538,train,render,0.07801030576229095
256800,538,train,total,0.07875257730484009
256900,538,train,eikonal,0.010066632181406021
256900,538,train,render,0.0687762051820755
256900,538,train,total,0.06978286802768707
257000,538,train,eikonal,0.01156519539654255
257000,538,train,render,0.07668563723564148
257000,538,train,total,0.07784215360879898
257100,538,train,eikonal,0.01027309987694025
257100,538,train,render,0.0749049037694931
257100,538,train,total,0.07593221217393875
257200,539,train,eikonal,0.011884883046150208
257200,539,train,render,0.06884802877902985
257200,539,train,total,0.07003651559352875
257300,539,train,eikonal,0.010252795182168484
257300,539,train,render,0.08710364252328873
257300,539,train,total,0.08812892436981201
257400,539,train,eikonal,0.018633414059877396
257400,539,train,render,0.086324542760849
257400,539,train,total,0.08818788081407547
257500,539,train,eikonal,0.008469233289361
257500,539,train,render,0.08327195048332214
257500,539,train,total,0.08411887288093567
257600,540,train,eikonal,0.011465745978057384
257600,540,train,render,0.08530661463737488
257600,540,train,total,0.08645319193601608
257700,540,train,eikonal,0.01125597395002842
257700,540,train,render,0.08009007573127747
257700,540,train,total,0.08121567219495773
257800,540,train,eikonal,0.00937720201909542
257800,540,train,render,0.11040438711643219
257800,540,train,total,0.11134210973978043
257900,540,train,eikonal,0.011827131733298302
257900,540,train,render,0.08737366646528244
257900,540,train,total,0.08855637907981873
258000,540,train,eikonal,0.008885858580470085
258000,540,train,render,0.07279424369335175
258000,540,train,total,0.07368282973766327
258100,541,train,eikonal,0.010354396887123585
258100,541,train,render,0.08212610334157944
258100,541,train,total,0.08316154032945633
258200,541,train,eikonal,0.012934467755258083
258200,541,train,render,0.08286391198635101
258200,541,train,total,0.08415735512971878
258300,541,train,eikonal,0.007931878790259361
258300,541,train,render,0.07570237666368484
258300,541,train,total,0.07649556547403336
258400,541,train,eikonal,0.013694471679627895
258400,541,train,render,0.08315195143222809
258400,541,train,total,0.08452139794826508
258500,541,train,eikonal,0.014815142378211021
258500,541,train,render,0.07987392693758011
258500,541,train,total,0.08135543763637543
258600,542,train,eikonal,0.008359374478459358
258600,542,train,render,0.07292380183935165
258600,542,train,total,0.07375974208116531
258700,542,train,eikonal,0.009293285198509693
258700,542,train,render,0.08718974143266678
258700,542,train,total,0.08811906725168228
258800,542,train,eikonal,0.013544512912631035
258800,542,train,render,0.07043176889419556
258800,542,train,total,0.07178621739149094
258900,542,train,eikonal,0.00985397957265377
258900,542,train,render,0.09260252118110657
258900,542,train,total,0.09358792006969452
259000,542,train,eikonal,0.008395582437515259
259000,542,train,render,0.08194991946220398
259000,542,train,total,0.08278948068618774
259100,543,train,eikonal,0.01608946919441223
259100,543,train,render,0.08597740530967712
259100,543,train,total,0.08758635073900223
259200,543,train,eikonal,0.020081229507923126
259200,543,train,render,0.08707767724990845
259200,543,train,total,0.08908580243587494
259300,543,train,eikonal,0.01051592081785202
259300,543,train,render,0.07294869422912598
259300,543,train,total,0.074000284075737
259400,543,train,eikonal,0.015385271050035954
259400,543,train,render,0.07498273253440857
259400,543,train,total,0.07652126252651215
259500,544,train,eikonal,0.010172493755817413
259500,544,train,render,0.07581743597984314
259500,544,train,total,0.07683468610048294
259600,544,train,eikonal,0.009172230958938599
259600,544,train,render,0.08516502380371094
259600,544,train,total,0.08608224987983704
259700,544,train,eikonal,0.01075336430221796
259700,544,train,render,0.07259735465049744
259700,544,train,total,0.07367268949747086
259800,544,train,eikonal,0.01077423058450222
259800,544,train,render,0.07643081247806549
259800,544,train,total,0.07750823348760605
259900,544,train,eikonal,0.010640507563948631
259900,544,train,render,0.07913465797901154
259900,544,train,total,0.08019870519638062
260000,545,train,eikonal,0.009323213249444962
260000,545,train,render,0.07732458412647247
260000,545,train,total,0.07825690507888794
260100,545,train,eikonal,0.0100534837692976
260100,545,train,render,0.07558250427246094
260100,545,train,total,0.07658785581588745
260200,545,train,eikonal,0.008905692957341671
260200,545,train,render,0.07901144027709961
260200,545,train,total,0.07990200817584991
260300,545,train,eikonal,0.01089282613247633
260300,545,train,render,0.07736518979072571
260300,545,train,total,0.07845447212457657
260400,545,train,eikonal,0.010414841584861279
260400,545,train,render,0.08076174557209015
260400,545,train,total,0.08180323243141174
260500,546,train,eikonal,0.01586964912712574
260500,546,train,render,0.09478647261857986
260500,546,train,total,0.09637343883514404
260600,546,train,eikonal,0.011153094470500946
260600,546,train,render,0.08401480317115784
260600,546,train,total,0.08513011038303375
260700,546,train,eikonal,0.01314814854413271
260700,546,train,render,0.07929860055446625
260700,546,train,total,0.08061341196298599
260800,546,train,eikonal,0.010498382151126862
260800,546,train,render,0.08268576860427856
260800,546,train,total,0.08373560756444931
260900,546,train,eikonal,0.009267428889870644
260900,546,train,render,0.06300200521945953
260900,546,train,total,0.0639287456870079
261000,547,train,eikonal,0.009549898095428944
261000,547,train,render,0.07950860261917114
261000,547,train,total,0.08046359568834305
261100,547,train,eikonal,0.009274576790630817
261100,547,train,render,0.0756901204586029
261100,547,train,total,0.07661757618188858
261200,547,train,eikonal,0.01440691202878952
261200,547,train,render,0.07927477359771729
261200,547,train,total,0.08071546256542206
261300,547,train,eikonal,0.01089011412113905
261300,547,train,render,0.08624602109193802
261300,547,train,total,0.08733503520488739
261400,548,train,eikonal,0.014761174097657204
261400,548,train,render,0.07703911513090134
261400,548,train,total,0.07851523160934448
261500,548,train,eikonal,0.010572372004389763
261500,548,train,render,0.07687094062566757
261500,548,train,total,0.07792817801237106
261600,548,train,eikonal,0.009030809625983238
261600,548,train,render,0.07960472255945206
261600,548,train,total,0.0805077999830246
261700,548,train,eikonal,0.01686500385403633
261700,548,train,render,0.09173658490180969
261700,548,train,total,0.09342308342456818
261800,548,train,eikonal,0.008305566385388374
261800,548,train,render,0.07149215042591095
261800,548,train,total,0.07232270389795303
261900,549,train,eikonal,0.010211808606982231
261900,549,train,render,0.09074960649013519
261900,549,train,total,0.09177079051733017
262000,549,train,eikonal,0.009718231856822968
262000,549,train,render,0.08456006646156311
262000,549,train,total,0.08553189039230347
262100,549,train,eikonal,0.013747193850576878
262100,549,train,render,0.08005043864250183
262100,549,train,total,0.08142516016960144
262200,549,train,eikonal,0.01013862807303667
262200,549,train,render,0.07221832871437073
262200,549,train,total,0.07323218882083893
262300,549,train,eikonal,0.009206166490912437
262300,549,train,render,0.07363228499889374
262300,549,train,total,0.07455290108919144
262400,550,train,eikonal,0.009582066908478737
262400,550,train,render,0.07963857799768448
262400,550,train,total,0.08059678226709366
262500,550,train,eikonal,0.013967356644570827
262500,550,train,render,0.08497238159179688
262500,550,train,total,0.0863691195845604
262600,550,train,eikonal,0.010244342498481274
262600,550,train,render,0.0828651487827301
262600,550,train,total,0.08388958126306534
262700,550,train,eikonal,0.009843181818723679
262700,550,train,render,0.07355161756277084
262700,550,train,total,0.07453593611717224
262800,550,train,eikonal,0.009465436451137066
262800,550,train,render,0.06869935989379883
262800,550,train,total,0.06964590400457382
262900,551,train,eikonal,0.01039159670472145
262900,551,train,render,0.08234892785549164
262900,551,train,total,0.08338809013366699
263000,551,train,eikonal,0.01646125316619873
263000,551,train,render,0.07448109984397888
263000,551,train,total,0.07612722367048264
263100,551,train,eikonal,0.009557283483445644
263100,551,train,render,0.07461503148078918
263100,551,train,total,0.07557076215744019
263200,551,train,eikonal,0.010602124035358429
263200,551,train,render,0.14230620861053467
263200,551,train,total,0.14336642622947693
263300,551,train,eikonal,0.008642610162496567
263300,551,train,render,0.07756984233856201
263300,551,train,total,0.07843410223722458
263400,552,train,eikonal,0.013419216498732567
263400,552,train,render,0.08127349615097046
263400,552,train,total,0.08261542022228241
263500,552,train,eikonal,0.017243770882487297
263500,552,train,render,0.07552407681941986
263500,552,train,total,0.0772484540939331
263600,552,train,eikonal,0.016469158232212067
263600,552,train,render,0.07763965427875519
263600,552,train,total,0.07928656786680222
263700,552,train,eikonal,0.008369842544198036
263700,552,train,render,0.08473382890224457
263700,552,train,total,0.0855708122253418
263800,553,train,eikonal,0.007341921795159578
263800,553,train,render,0.08567406237125397
263800,553,train,total,0.08640825748443604
263900,553,train,eikonal,0.010113712400197983
263900,553,train,render,0.08316811919212341
263900,553,train,total,0.08417949080467224
264000,553,train,eikonal,0.010519130155444145
264000,553,train,render,0.0843128114938736
264000,553,train,total,0.08536472171545029
264100,553,train,eikonal,0.00923168659210205
264100,553,train,render,0.06197215989232063
264100,553,train,total,0.06289532780647278
264200,553,train,eikonal,0.010313693434000015
264200,553,train,render,0.07644526660442352
264200,553,train,total,0.0774766355752945
264300,554,train,eikonal,0.010510547086596489
264300,554,train,render,0.08003843575716019
264300,554,train,total,0.08108948916196823
264400,554,train,eikonal,0.013330483809113503
264400,554,train,render,0.07128147035837173
264400,554,train,total,0.07261452078819275
264500,554,train,eikonal,0.010162919759750366
264500,554,train,render,0.08201830089092255
264500,554,train,total,0.08303458988666534
264600,554,train,eikonal,0.010194085538387299
264600,554,train,render,0.0874091237783432
264600,554,train,total,0.08842853456735611
264700,554,train,eikonal,0.010738172568380833
264700,554,train,render,0.08646824955940247
264700,554,train,total,0.08754206448793411
264800,555,train,eikonal,0.009641585871577263
264800,555,train,render,0.08640053868293762
264800,555,train,total,0.08736469596624374
264900,555,train,eikonal,0.01647428423166275
264900,555,train,render,0.07880310714244843
264900,555,train,total,0.08045053482055664
265000,555,train,eikonal,0.010865692049264908
265000,555,train,render,0.06381495296955109
265000,555,train,total,0.06490152329206467
265100,555,train,eikonal,0.010032447054982185
265100,555,train,render,0.0804581344127655
265100,555,train,total,0.08146137744188309
265200,555,train,eikonal,0.015144706703722477
265200,555,train,render,0.08468784391880035
265200,555,train,total,0.08620231598615646
265300,556,train,eikonal,0.011856302618980408
265300,556,train,render,0.07385130226612091
265300,556,train,total,0.07503693550825119
265400,556,train,eikonal,0.009176034480333328
265400,556,train,render,0.08949992805719376
265400,556,train,total,0.0904175341129303
265500,556,train,eikonal,0.013369152322411537
265500,556,train,render,0.08344447612762451
265500,556,train,total,0.08478139340877533
265600,556,train,eikonal,0.010895401239395142
265600,556,train,render,0.08163873851299286
265600,556,train,total,0.08272828161716461
265700,557,train,eikonal,0.01537236012518406
265700,557,train,render,0.07681135833263397
265700,557,train,total,0.07834859192371368
265800,557,train,eikonal,0.012331773526966572
265800,557,train,render,0.07929063588380814
265800,557,train,total,0.08052381128072739
265900,557,train,eikonal,0.011081581935286522
265900,557,train,render,0.08295094966888428
265900,557,train,total,0.08405910432338715
266000,557,train,eikonal,0.010305548086762428
266000,557,train,render,0.08382076025009155
266000,557,train,total,0.08485131710767746
266100,557,train,eikonal,0.009326810017228127
266100,557,train,render,0.07856625318527222
266100,557,train,total,0.07949893176555634
266200,558,train,eikonal,0.009750977158546448
266200,558,train,render,0.07400620728731155
266200,558,train,total,0.07498130202293396
266300,558,train,eikonal,0.010326690040528774
266300,558,train,render,0.081621453166008
266300,558,train,total,0.08265411853790283
266400,558,train,eikonal,0.011396173387765884
266400,558,train,render,0.08006115257740021
266400,558,train,total,0.08120077103376389
266500,558,train,eikonal,0.009636376053094864
266500,558,train,render,0.07395228743553162
266500,558,train,total,0.07491592317819595
266600,558,train,eikonal,0.011652287095785141
266600,558,train,render,0.07826761156320572
266600,558,train,total,0.07943283766508102
266700,559,train,eikonal,0.011854240670800209
266700,559,train,render,0.07637864351272583
266700,559,train,total,0.0775640681385994
266800,559,train,eikonal,0.016856903210282326
266800,559,train,render,0.07782186567783356
266800,559,train,total,0.07950755953788757
266900,559,train,eikonal,0.008404392749071121
266900,559,train,render,0.0752224549651146
266900,559,train,total,0.0760628953576088
267000,559,train,eikonal,0.008487898856401443
267000,559,train,render,0.07346253097057343
267000,559,train,total,0.07431132346391678
267100,559,train,eikonal,0.008566787466406822
267100,559,train,render,0.0810401439666748
267100,559,train,total,0.0818968191742897
267200,560,train,eikonal,0.009853913448750973
267200,560,train,render,0.08231645077466965
267200,560,train,total,0.083301842212677
267300,560,train,eikonal,0.008857924491167068
267300,560,train,render,0.08302654325962067
267300,560,train,total,0.08391233533620834
267400,560,train,eikonal,0.009408434852957726
267400,560,train,render,0.07214643061161041
267400,560,train,total,0.07308727502822876
267500,560,train,eikonal,0.01222897320985794
267500,560,train,render,0.07537519931793213
267500,560,train,total,0.07659809291362762
267600,561,train,eikonal,0.008836009539663792
267600,561,train,render,0.07479636371135712
267600,561,train,total,0.0756799653172493
267700,561,train,eikonal,0.007771200500428677
267700,561,train,render,0.07573485374450684
267700,561,train,total,0.07651197165250778
267800,561,train,eikonal,0.010706010274589062
267800,561,train,render,0.0847615972161293
267800,561,train,total,0.08583220094442368
267900,561,train,eikonal,0.00945308804512024
267900,561,train,render,0.07850724458694458
267900,561,train,total,0.07945255190134048
268000,561,train,eikonal,0.016374699771404266
268000,561,train,render,0.0783485621213913
268000,561,train,total,0.07998603582382202
268100,562,train,eikonal,0.011327393352985382
268100,562,train,render,0.07901062071323395
268100,562,train,total,0.08014336228370667
268200,562,train,eikonal,0.00959276407957077
268200,562,train,render,0.07554247230291367
268200,562,train,total,0.0765017494559288
268300,562,train,eikonal,0.012173471041023731
268300,562,train,render,0.07268451154232025
268300,562,train,total,0.07390186190605164
268400,562,train,eikonal,0.008121166378259659
268400,562,train,render,0.07162138819694519
268400,562,train,total,0.07243350148200989
268500,562,train,eikonal,0.011028078384697437
268500,562,train,render,0.07332508265972137
268500,562,train,total,0.07442788779735565
268600,563,train,eikonal,0.01102430373430252
268600,563,train,render,0.07646327465772629
268600,563,train,total,0.07756570726633072
268700,563,train,eikonal,0.009838542900979519
268700,563,train,render,0.07501538097858429
268700,563,train,total,0.07599923759698868
268800,563,train,eikonal,0.00901147909462452
268800,563,train,render,0.07698650658130646
268800,563,train,total,0.0778876543045044
268900,563,train,eikonal,0.009696739725768566
268900,563,train,render,0.07388108223676682
268900,563,train,total,0.07485075294971466
269000,563,train,eikonal,0.015509659424424171
269000,563,train,render,0.07621195167303085
269000,563,train,total,0.0777629166841507
269100,564,train,eikonal,0.010165300220251083
269100,564,train,render,0.08205351233482361
269100,564,train,total,0.08307003974914551
269200,564,train,eikonal,0.018585041165351868
269200,564,train,render,0.07455796003341675
269200,564,train,total,0.07641646265983582
269300,564,train,eikonal,0.013852248899638653
269300,564,train,render,0.07249395549297333
269300,564,train,total,0.0738791823387146
269400,564,train,eikonal,0.01734529435634613
269400,564,train,render,0.07681349664926529
269400,564,train,total,0.07854802906513214
269500,564,train,eikonal,0.009480529464781284
269500,564,train,render,0.08024050295352936
269500,564,train,total,0.08118855953216553
269600,565,train,eikonal,0.01227785274386406
269600,565,train,render,0.07596190273761749
269600,565,train,total,0.07718969136476517
269700,565,train,eikonal,0.010570263490080833
269700,565,train,render,0.11652562022209167
269700,565,train,total,0.11758264899253845
269800,565,train,eikonal,0.015700606629252434
269800,565,train,render,0.07475295662879944
269800,565,train,total,0.0763230174779892
269900,565,train,eikonal,0.009281005710363388
269900,565,train,render,0.08679947257041931
269900,565,train,total,0.08772757649421692
270000,566,train,eikonal,0.01597721129655838
270000,566,train,render,0.08389459550380707
270000,566,train,total,0.08549231290817261
270100,566,train,eikonal,0.010500213131308556
270100,566,train,render,0.07416055351495743
270100,566,train,total,0.0752105712890625
270200,566,train,eikonal,0.010737910866737366
270200,566,train,render,0.09239745140075684
270200,566,train,total,0.09347124397754669
270300,566,train,eikonal,0.011271059513092041
270300,566,train,render,0.07822440564632416
270300,566,train,total,0.0793515145778656
270400,566,train,eikonal,0.009323382750153542
270400,566,train,render,0.07758107781410217
270400,566,train,total,0.07851341366767883
270500,567,train,eikonal,0.01749570295214653
270500,567,train,render,0.0757138803601265
270500,567,train,total,0.07746344804763794
270600,567,train,eikonal,0.0098225437104702
270600,567,train,render,0.08523412048816681
270600,567,train,total,0.08621637523174286
270700,567,train,eikonal,0.013334461487829685
270700,567,train,render,0.0917828232049942
270700,567,train,total,0.09311626851558685
270800,567,train,eikonal,0.015448863618075848
270800,567,train,render,0.07932093739509583
270800,567,train,total,0.08086582273244858
270900,567,train,eikonal,0.009308073669672012
270900,567,train,render,0.09455783665180206
270900,567,train,total,0.09548864513635635
271000,568,train,eikonal,0.010222334414720535
271000,568,train,render,0.07888057082891464
271000,568,train,total,0.07990280538797379
271100,568,train,eikonal,0.00878359004855156
271100,568,train,render,0.07333163917064667
271100,568,train,total,0.07420999556779861
271200,568,train,eikonal,0.008276477456092834
271200,568,train,render,0.06991030275821686
271200,568,train,total,0.07073795050382614
271300,568,train,eikonal,0.009577696211636066
271300,568,train,render,0.07579965889453888
271300,568,train,total,0.07675743103027344
271400,568,train,eikonal,0.009583262726664543
271400,568,train,render,0.07444706559181213
271400,568,train,total,0.07540538907051086
271500,569,train,eikonal,0.008429118432104588
271500,569,train,render,0.07182291150093079
271500,569,train,total,0.07266582548618317
271600,569,train,eikonal,0.010025148279964924
271600,569,train,render,0.07690414786338806
271600,569,train,total,0.07790666073560715
271700,569,train,eikonal,0.00868152640759945
271700,569,train,render,0.07206515967845917
271700,569,train,total,0.07293330878019333
271800,569,train,eikonal,0.009418664500117302
271800,569,train,render,0.07917436212301254
271800,569,train,total,0.08011622726917267
271900,570,train,eikonal,0.010185247287154198
271900,570,train,render,0.07549507915973663
271900,570,train,total,0.07651360332965851
272000,570,train,eikonal,0.008653344586491585
272000,570,train,render,0.07574807852506638
272000,570,train,total,0.0766134113073349
272100,570,train,eikonal,0.011716349050402641
272100,570,train,render,0.0897807776927948
272100,570,train,total,0.09095241129398346
272200,570,train,eikonal,0.009873845614492893
272200,570,train,render,0.0804271548986435
272200,570,train,total,0.08141454309225082
272300,570,train,eikonal,0.009503643959760666
272300,570,train,render,0.08479563891887665
272300,570,train,total,0.08574600517749786
272400,571,train,eikonal,0.011174045503139496
272400,571,train,render,0.08665241301059723
272400,571,train,total,0.08776982128620148
272500,571,train,eikonal,0.016239846125245094
272500,571,train,render,0.08359721302986145
272500,571,train,total,0.08522120118141174
272600,571,train,eikonal,0.009031020104885101
272600,571,train,render,0.07909630984067917
272600,571,train,total,0.0799994096159935
272700,571,train,eikonal,0.013825338333845139
272700,571,train,render,0.07743991911411285
272700,571,train,total,0.07882245630025864
272800,571,train,eikonal,0.020602919161319733
272800,571,train,render,0.08068738877773285
272800,571,train,total,0.082747682929039
272900,572,train,eikonal,0.011198570020496845
272900,572,train,render,0.07281944155693054
272900,572,train,total,0.07393930107355118
273000,572,train,eikonal,0.010240163654088974
273000,572,train,render,0.07011247426271439
273000,572,train,total,0.0711364895105362
273100,572,train,eikonal,0.010189817287027836
273100,572,train,render,0.06778301298618317
273100,572,train,total,0.06880199164152145
273200,572,train,eikonal,0.013465926051139832
273200,572,train,render,0.0797654539346695
273200,572,train,total,0.08111204952001572
273300,572,train,eikonal,0.008861417882144451
273300,572,train,render,0.08775851875543594
273300,572,train,total,0.08864466100931168
273400,573,train,eikonal,0.009876174852252007
273400,573,train,render,0.08350685983896255
273400,573,train,total,0.08449447900056839
273500,573,train,eikonal,0.011598420329391956
273500,573,train,render,0.07866761833429337
273500,573,train,total,0.0798274576663971
273600,573,train,eikonal,0.013351840898394585
273600,573,train,render,0.0801849439740181
273600,573,train,total,0.08152012526988983
273700,573,train,eikonal,0.013715080916881561
273700,573,train,render,0.07217420637607574
273700,573,train,total,0.07354571670293808
273800,574,train,eikonal,0.008510096929967403
273800,574,train,render,0.07578442245721817
273800,574,train,total,0.0766354352235794
273900,574,train,eikonal,0.008412819355726242
273900,574,train,render,0.06764116883277893
273900,574,train,total,0.06848245114088058
274000,574,train,eikonal,0.013847574591636658
274000,574,train,render,0.07461969554424286
274000,574,train,total,0.07600445300340652
274100,574,train,eikonal,0.009724052622914314
274100,574,train,render,0.07863498479127884
274100,574,train,total,0.07960738986730576
274200,574,train,eikonal,0.011859740130603313
274200,574,train,render,0.08869316428899765
274200,574,train,total,0.08987914025783539
274300,575,train,eikonal,0.014433182775974274
274300,575,train,render,0.07327273488044739
274300,575,train,total,0.07471605390310287
274400,575,train,eikonal,0.009029996581375599
274400,575,train,render,0.06616470962762833
274400,575,train,total,0.0670677125453949
274500,575,train,eikonal,0.013518491759896278
274500,575,train,render,0.07518298923969269
274500,575,train,total,0.07653483748435974
274600,575,train,eikonal,0.011876596137881279
274600,575,train,render,0.07063201814889908
274600,575,train,total,0.07181967794895172
274700,575,train,eikonal,0.010889291763305664
274700,575,train,render,0.07228895276784897
274700,575,train,total,0.07337788492441177
274800,576,train,eikonal,0.010989594273269176
274800,576,train,render,0.06649671494960785
274800,576,train,total,0.06759567558765411
274900,576,train,eikonal,0.011264553293585777
274900,576,train,render,0.08686742186546326
274900,576,train,total,0.08799387514591217
275000,576,train,eikonal,0.00816681794822216
275000,576,train,render,0.0688805878162384
275000,576,train,total,0.06969726830720901
275100,576,train,eikonal,0.016403555870056152
275100,576,train,render,0.08986443281173706
275100,576,train,total,0.0915047898888588
275200,576,train,eikonal,0.014473744668066502
275200,576,train,render,0.07629154622554779
275200,576,train,total,0.077738918364048
275300,577,train,eikonal,0.009557686746120453
275300,577,train,render,0.07934163510799408
275300,577,train,total,0.08029740303754807
275400,577,train,eikonal,0.01597333699464798
275400,577,train,render,0.08012323826551437
275400,577,train,total,0.08172057569026947
275500,577,train,eikonal,0.010407187044620514
275500,577,train,render,0.08413955569267273
275500,577,train,total,0.08518027514219284
275600,577,train,eikonal,0.014360804110765457
275600,577,train,render,0.08459848165512085
275600,577,train,total,0.08603455871343613
275700,577,train,eikonal,0.009710748679935932
275700,577,train,render,0.07586993277072906
275700,577,train,total,0.07684100419282913
275800,578,train,eikonal,0.0098103703930974
275800,578,train,render,0.07888231426477432
275800,578,train,total,0.07986335456371307
275900,578,train,eikonal,0.01074207853525877
275900,578,train,render,0.08193854987621307
275900,578,train,total,0.08301275968551636
276000,578,train,eikonal,0.010262442752718925
276000,578,train,render,0.0754350945353508
276000,578,train,total,0.07646133750677109
276100,578,train,eikonal,0.016669968143105507
276100,578,train,render,0.08736260235309601
276100,578,train,total,0.08902960270643234
276200,579,train,eikonal,0.008108113892376423
276200,579,train,render,0.07785472273826599
276200,579,train,total,0.07866553217172623
276300,579,train,eikonal,0.008474163711071014
276300,579,train,render,0.08866818994283676
276300,579,train,total,0.08951560407876968
276400,579,train,eikonal,0.009206390008330345
276400,579,train,render,0.06965671479701996
276400,579,train,total,0.07057735323905945
276500,579,train,eikonal,0.00937703624367714
276500,579,train,render,0.0819137841463089
276500,579,train,total,0.08285148441791534
276600,579,train,eikonal,0.011717007495462894
276600,579,train,render,0.08855192363262177
276600,579,train,total,0.0897236242890358
276700,580,train,eikonal,0.009910152293741703
276700,580,train,render,0.07675313204526901
276700,580,train,total,0.07774414867162704
276800,580,train,eikonal,0.015111694112420082
276800,580,train,render,0.08189287781715393
276800,580,train,total,0.0834040492773056
276900,580,train,eikonal,0.015982631593942642
276900,580,train,render,0.08212555944919586
276900,580,train,total,0.08372382074594498
277000,580,train,eikonal,0.009628219529986382
277000,580,train,render,0.09394922107458115
277000,580,train,total,0.09491204470396042
277100,580,train,eikonal,0.00908280722796917
277100,580,train,render,0.08309809863567352
277100,580,train,total,0.08400637656450272
277200,581,train,eikonal,0.008846807293593884
277200,581,train,render,0.06705063581466675
277200,581,train,total,0.06793531775474548
277300,581,train,eikonal,0.012544318102300167
277300,581,train,render,0.07358905673027039
277300,581,train,total,0.07484348863363266
277400,581,train,eikonal,0.009134996682405472
277400,581,train,render,0.07372353225946426
277400,581,train,total,0.0746370330452919
277500,581,train,eikonal,0.009508339688181877
277500,581,train,render,0.08565883338451385
277500,581,train,total,0.08660966902971268
277600,581,train,eikonal,0.009662633761763573
277600,581,train,render,0.1507023721933365
277600,581,train,total,0.15166863799095154
277700,582,train,eikonal,0.009759821929037571
277700,582,train,render,0.0888454020023346
277700,582,train,total,0.08982138335704803
277800,582,train,eikonal,0.009017686359584332
277800,582,train,render,0.07352688908576965
277800,582,train,total,0.07442865520715714
277900,582,train,eikonal,0.010294295847415924
277900,582,train,render,0.09335200488567352
277900,582,train,total,0.0943814367055893
278000,582,train,eikonal,0.01928427442908287
278000,582,train,render,0.08133751153945923
278000,582,train,total,0.08326593786478043
278100,583,train,eikonal,0.008581845089793205
278100,583,train,render,0.07741314172744751
278100,583,train,total,0.07827132940292358
278200,583,train,eikonal,0.006746143568307161
278200,583,train,render,0.07363545894622803
278200,583,train,total,0.0743100717663765
278300,583,train,eikonal,0.010590557008981705
278300,583,train,render,0.07827809453010559
278300,583,train,total,0.07933714985847473
278400,583,train,eikonal,0.01045416109263897
278400,583,train,render,0.09025830030441284
278400,583,train,total,0.09130371361970901
278500,583,train,eikonal,0.010115803219377995
278500,583,train,render,0.07291193306446075
278500,583,train,total,0.0739235132932663
278600,584,train,eikonal,0.016075177118182182
278600,584,train,render,0.07828101515769958
278600,584,train,total,0.07988853007555008
278700,584,train,eikonal,0.013421314768493176
278700,584,train,render,0.08381538093090057
278700,584,train,total,0.08515751361846924
278800,584,train,eikonal,0.015803620219230652
278800,584,train,render,0.07810864597558975
278800,584,train,total,0.07968901097774506
278900,584,train,eikonal,0.012854903936386108
278900,584,train,render,0.08258798718452454
278900,584,train,total,0.08387348055839539
279000,584,train,eikonal,0.009760065004229546
279000,584,train,render,0.07702869176864624
279000,584,train,total,0.07800469547510147
279100,585,train,eikonal,0.009261595085263252
279100,585,train,render,0.07335664331912994
279100,585,train,total,0.07428280264139175
279200,585,train,eikonal,0.008535144850611687
279200,585,train,render,0.08015277981758118
279200,585,train,total,0.08100629597902298
279300,585,train,eikonal,0.02038773149251938
279300,585,train,render,0.07874296605587006
279300,585,train,total,0.08078174293041229
279400,585,train,eikonal,0.011292099952697754
279400,585,train,render,0.10097238421440125
279400,585,train,total,0.10210159420967102
279500,585,train,eikonal,0.016231566667556763
279500,585,train,render,0.08372826874256134
279500,585,train,total,0.08535142242908478
279600,586,train,eikonal,0.012317401356995106
279600,586,train,render,0.08670388162136078
279600,586,train,total,0.08793561905622482
279700,586,train,eikonal,0.009138530120253563
279700,586,train,render,0.14291144907474518
279700,586,train,total,0.14382530748844147
279800,586,train,eikonal,0.01339639350771904
279800,586,train,render,0.06669652462005615
279800,586,train,total,0.06803616136312485
279900,586,train,eikonal,0.016126802191138268
279900,586,train,render,0.08160765469074249
279900,586,train,total,0.08322033286094666
280000,587,train,eikonal,0.008521771989762783
280000,587,train,render,0.07361504435539246
280000,587,train,total,0.07446721941232681
280100,587,train,eikonal,0.01120569184422493
280100,587,train,render,0.07486617565155029
280100,587,train,total,0.07598674297332764
280200,587,train,eikonal,0.010430695489048958
280200,587,train,render,0.06911657005548477
280200,587,train,total,0.07015963643789291
280300,587,train,eikonal,0.01007029414176941
280300,587,train,render,0.09171051532030106
280300,587,train,total,0.09271754324436188
280400,587,train,eikonal,0.008715320378541946
280400,587,train,render,0.09310754388570786
280400,587,train,total,0.09397907555103302
280500,588,train,eikonal,0.012829042971134186
280500,588,train,render,0.07602687180042267
280500,588,train,total,0.07730977237224579
280600,588,train,eikonal,0.00952879711985588
280600,588,train,render,0.09400379657745361
280600,588,train,total,0.09495667368173599
280700,588,train,eikonal,0.008761269971728325
280700,588,train,render,0.07930764555931091
280700,588,train,total,0.08018377423286438
280800,588,train,eikonal,0.008169284090399742
280800,588,train,render,0.10489679872989655
280800,588,train,total,0.10571372509002686
280900,588,train,eikonal,0.009092607535421848
280900,588,train,render,0.08814820647239685
280900,588,train,total,0.08905746787786484
281000,589,train,eikonal,0.011867480352520943
281000,589,train,render,0.0731094628572464
281000,589,train,total,0.07429621368646622
281100,589,train,eikonal,0.015691542997956276
281100,589,train,render,0.07381071150302887
281100,589,train,total,0.0753798633813858
281200,589,train,eikonal,0.01179832685738802
281200,589,train,render,0.08072492480278015
281200,589,train,total,0.08190475404262543
281300,589,train,eikonal,0.017006423324346542
281300,589,train,render,0.08549601584672928
281300,589,train,total,0.08719665557146072
281400,589,train,eikonal,0.007504120469093323
281400,589,train,render,0.07950221747159958
281400,589,train,total,0.08025263249874115
281500,590,train,eikonal,0.008397897705435753
281500,590,train,render,0.0762198269367218
281500,590,train,total,0.07705961912870407
281600,590,train,eikonal,0.009741589426994324
281600,590,train,render,0.07636207342147827
281600,590,train,total,0.07733622938394547
281700,590,train,eikonal,0.012162638828158379
281700,590,train,render,0.07514415681362152
281700,590,train,total,0.07636041939258575
281800,590,train,eikonal,0.012681367807090282
281800,590,train,render,0.07904793322086334
281800,590,train,total,0.08031606674194336
281900,590,train,eikonal,0.00782703422009945
281900,590,train,render,0.08010996878147125
281900,590,train,total,0.08089267462491989
282000,591,train,eikonal,0.016090378165245056
282000,591,train,render,0.08650943636894226
282000,591,train,total,0.08811847120523453
282100,591,train,eikonal,0.0107764583081007
282100,591,train,render,0.07352998852729797
282100,591,train,total,0.07460763305425644
282200,591,train,eikonal,0.0088391387835145
282200,591,train,render,0.12318753451108932
282200,591,train,total,0.12407144904136658
282300,591,train,eikonal,0.010188311338424683
282300,591,train,render,0.07409501820802689
282300,591,train,total,0.07511384785175323
282400,592,train,eikonal,0.006237863563001156
282400,592,train,render,0.08568856120109558
282400,592,train,total,0.08631234616041183
282500,592,train,eikonal,0.009569421410560608
282500,592,train,render,0.09570258855819702
282500,592,train,total,0.09665953367948532
282600,592,train,eikonal,0.009544158354401588
282600,592,train,render,0.08543987572193146
282600,592,train,total,0.0863942950963974
282700,592,train,eikonal,0.015199769288301468
282700,592,train,render,0.08855882287025452
282700,592,train,total,0.09007880091667175
282800,592,train,eikonal,0.009456598199903965
282800,592,train,render,0.06405434012413025
282800,592,train,total,0.06499999761581421
282900,593,train,eikonal,0.010372456163167953
282900,593,train,render,0.08547769486904144
282900,593,train,total,0.08651494234800339
283000,593,train,eikonal,0.009752793237566948
283000,593,train,render,0.06783806532621384
283000,593,train,total,0.06881334632635117
283100,593,train,eikonal,0.009333372116088867
283100,593,train,render,0.07791312038898468
283100,593,train,total,0.07884645462036133
283200,593,train,eikonal,0.00943764392286539
283200,593,train,render,0.07566535472869873
283200,593,train,total,0.07660911977291107
283300,593,train,eikonal,0.009844853542745113
283300,593,train,render,0.07949461042881012
283300,593,train,total,0.08047909289598465
283400,594,train,eikonal,0.009595489129424095
283400,594,train,render,0.07461924850940704
283400,594,train,total,0.07557879388332367
283500,594,train,eikonal,0.009845742955803871
283500,594,train,render,0.08182531595230103
283500,594,train,total,0.08280988782644272
283600,594,train,eikonal,0.008830415084958076
283600,594,train,render,0.08511759340763092
283600,594,train,total,0.08600063621997833
283700,594,train,eikonal,0.00965064950287342
283700,594,train,render,0.07862614095211029
283700,594,train,total,0.07959120720624924
283800,594,train,eikonal,0.01702551171183586
283800,594,train,render,0.07351987808942795
283800,594,train,total,0.0752224326133728
283900,595,train,eikonal,0.013448172248899937
283900,595,train,render,0.07464925944805145
283900,595,train,total,0.07599407434463501
284000,595,train,eikonal,0.008311253972351551
284000,595,train,render,0.09340067207813263
284000,595,train,total,0.09423179924488068
284100,595,train,eikonal,0.015818582847714424
284100,595,train,render,0.08733298629522324
284100,595,train,total,0.08891484141349792
284200,595,train,eikonal,0.00840351078659296
284200,595,train,render,0.08982281386852264
284200,595,train,total,0.09066316485404968
284300,596,train,eikonal,0.010292922146618366
284300,596,train,render,0.08641701936721802
284300,596,train,total,0.08744630962610245
284400,596,train,eikonal,0.010820819064974785
284400,596,train,render,0.0827256590127945
284400,596,train,total,0.08380774408578873
284500,596,train,eikonal,0.01062092650681734
284500,596,train,render,0.06769600510597229
284500,596,train,total,0.06875810027122498
284600,596,train,eikonal,0.008799044415354729
284600,596,train,render,0.07062774896621704
284600,596,train,total,0.07150765508413315
284700,596,train,eikonal,0.010099443607032299
284700,596,train,render,0.07341788709163666
284700,596,train,total,0.07442782819271088
284800,597,train,eikonal,0.007747437804937363
284800,597,train,render,0.07881724834442139
284800,597,train,total,0.07959198951721191
284900,597,train,eikonal,0.009720735251903534
284900,597,train,render,0.07570835947990417
284900,597,train,total,0.07668043673038483
285000,597,train,eikonal,0.01682797260582447
285000,597,train,render,0.08492052555084229
285000,597,train,total,0.0866033211350441
285100,597,train,eikonal,0.010571987368166447
285100,597,train,render,0.06998131424188614
285100,597,train,total,0.07103851437568665
285200,597,train,eikonal,0.009550582617521286
285200,597,train,render,0.0893719494342804
285200,597,train,total,0.09032700955867767
285300,598,train,eikonal,0.021968189626932144
285300,598,train,render,0.08038896322250366
285300,598,train,total,0.08258578181266785
285400,598,train,eikonal,0.00969439186155796
285400,598,train,render,0.07082582265138626
285400,598,train,total,0.0717952623963356
285500,598,train,eikonal,0.015924446284770966
285500,598,train,render,0.08649607002735138
285500,598,train,total,0.0880885124206543
285600,598,train,eikonal,0.00939418375492096
285600,598,train,render,0.09457189589738846
285600,598,train,total,0.09551131725311279
285700,598,train,eikonal,0.008013850077986717
285700,598,train,render,0.07343045622110367
285700,598,train,total,0.0742318406701088
285800,599,train,eikonal,0.011521684005856514
285800,599,train,render,0.08088332414627075
285800,599,train,total,0.08203548938035965
285900,599,train,eikonal,0.015885790809988976
285900,599,train,render,0.08592142164707184
285900,599,train,total,0.08750999718904495
286000,599,train,eikonal,0.01009359396994114
286000,599,train,render,0.08552417159080505
286000,599,train,total,0.08653353154659271
286100,599,train,eikonal,0.010319698601961136
286100,599,train,render,0.08741969615221024
286100,599,train,total,0.08845166862010956
286200,600,train,eikonal,0.010312631726264954
286200,600,train,render,0.07109810411930084
286200,600,train,total,0.07212936878204346
286300,600,train,eikonal,0.011898405849933624
286300,600,train,render,0.07708075642585754
286300,600,train,total,0.07827059924602509
286400,600,train,eikonal,0.010503671132028103
286400,600,train,render,0.0894419401884079
286400,600,train,total,0.09049230813980103
286500,600,train,eikonal,0.014575313776731491
286500,600,train,render,0.07448653131723404
286500,600,train,total,0.07594406604766846
286600,600,train,eikonal,0.009911357425153255
286600,600,train,render,0.06944134831428528
286600,600,train,total,0.07043248414993286
286700,601,train,eikonal,0.00740572065114975
286700,601,train,render,0.06768186390399933
286700,601,train,total,0.06842243671417236
286800,601,train,eikonal,0.008313454687595367
286800,601,train,render,0.07749100029468536
286800,601,train,total,0.07832234352827072
286900,601,train,eikonal,0.01557600311934948
286900,601,train,render,0.07413062453269958
286900,601,train,total,0.07568822801113129
287000,601,train,eikonal,0.009878912940621376
287000,601,train,render,0.07499605417251587
287000,601,train,total,0.07598394900560379
287100,601,train,eikonal,0.00970807671546936
287100,601,train,render,0.07886992394924164
287100,601,train,total,0.07984073460102081
287200,602,train,eikonal,0.013149991631507874
287200,602,train,render,0.08337657153606415
287200,602,train,total,0.08469156920909882
287300,602,train,eikonal,0.014996316283941269
287300,602,train,render,0.07344049215316772
287300,602,train,total,0.07494012266397476
287400,602,train,eikonal,0.010726558975875378
287400,602,train,render,0.0729764997959137
287400,602,train,total,0.07404915243387222
287500,602,train,eikonal,0.01241807360202074
287500,602,train,render,0.0719306617975235
287500,602,train,total,0.07317247241735458
287600,602,train,eikonal,0.009155403822660446
287600,602,train,render,0.08181014657020569
287600,602,train,total,0.08272568881511688
287700,603,train,eikonal,0.014000454917550087
287700,603,train,render,0.07406118512153625
287700,603,train,total,0.07546123117208481
287800,603,train,eikonal,0.008704222738742828
287800,603,train,render,0.07889753580093384
287800,603,train,total,0.07976795732975006
287900,603,train,eikonal,0.009408403187990189
287900,603,train,render,0.08654212951660156
287900,603,train,total,0.08748296648263931
288000,603,train,eikonal,0.00931653380393982
288000,603,train,render,0.09843070060014725
288000,603,train,total,0.09936235100030899
288100,603,train,eikonal,0.010425354354083538
288100,603,train,render,0.08991530537605286
288100,603,train,total,0.09095784276723862
288200,604,train,eikonal,0.009552576579153538
288200,604,train,render,0.07593956589698792
288200,604,train,total,0.07689482718706131
288300,604,train,eikonal,0.009473595768213272
288300,604,train,render,0.09047947824001312
288300,604,train,total,0.09142683446407318
288400,604,train,eikonal,0.010563712567090988
288400,604,train,render,0.08042923361063004
288400,604,train,total,0.08148560672998428
288500,604,train,eikonal,0.009231449104845524
288500,604,train,render,0.0784619003534317
288500,604,train,total,0.07938504219055176
288600,605,train,eikonal,0.015223745256662369
288600,605,train,render,0.07425466179847717
288600,605,train,total,0.07577703893184662
288700,605,train,eikonal,0.010173672810196877
288700,605,train,render,0.07715970277786255
288700,605,train,total,0.0781770721077919
288800,605,train,eikonal,0.010412568226456642
288800,605,train,render,0.07764056324958801
288800,605,train,total,0.0786818191409111
288900,605,train,eikonal,0.010814152657985687
288900,605,train,render,0.08397005498409271
288900,605,train,total,0.08505146950483322
289000,605,train,eikonal,0.010412747040390968
289000,605,train,render,0.07550360262393951
289000,605,train,total,0.0765448808670044
289100,606,train,eikonal,0.007940210402011871
289100,606,train,render,0.0878283828496933
289100,606,train,total,0.08862240612506866
289200,606,train,eikonal,0.008994238451123238
289200,606,train,render,0.07337735593318939
289200,606,train,total,0.07427678257226944
289300,606,train,eikonal,0.006431072950363159
289300,606,train,render,0.08366693556308746
289300,606,train,total,0.08431003987789154
289400,606,train,eikonal,0.014376824721693993
289400,606,train,render,0.08083711564540863
289400,606,train,total,0.08227479457855225
289500,606,train,eikonal,0.012106874026358128
289500,606,train,render,0.07207295298576355
289500,606,train,total,0.07328364253044128
289600,607,train,eikonal,0.017048485577106476
289600,607,train,render,0.0838237851858139
289600,607,train,total,0.08552863448858261
289700,607,train,eikonal,0.01263381540775299
289700,607,train,render,0.07055144011974335
289700,607,train,total,0.07181482017040253
289800,607,train,eikonal,0.012028565630316734
289800,607,train,render,0.08458212018013
289800,607,train,total,0.08578497916460037
289900,607,train,eikonal,0.01302819512784481
289900,607,train,render,0.07775844633579254
289900,607,train,total,0.07906126230955124
290000,607,train,eikonal,0.010069001466035843
290000,607,train,render,0.08208540081977844
290000,607,train,total,0.08309230208396912
290100,608,train,eikonal,0.016207009553909302
290100,608,train,render,0.12774035334587097
290100,608,train,total,0.12936104834079742
290200,608,train,eikonal,0.009615575894713402
290200,608,train,render,0.07974065840244293
290200,608,train,total,0.08070221543312073
290300,608,train,eikonal,0.011582275852560997
290300,608,train,render,0.07089725136756897
290300,608,train,total,0.07205548137426376
290400,608,train,eikonal,0.011704047210514545
290400,608,train,render,0.08578075468540192
290400,608,train,total,0.08695115894079208
290500,609,train,eikonal,0.014335487969219685
290500,609,train,render,0.07934513688087463
290500,609,train,total,0.08077868819236755
290600,609,train,eikonal,0.009167174808681011
290600,609,train,render,0.08397126197814941
290600,609,train,total,0.08488798141479492
290700,609,train,eikonal,0.008514849469065666
290700,609,train,render,0.07904033362865448
290700,609,train,total,0.07989181578159332
290800,609,train,eikonal,0.010055269114673138
290800,609,train,render,0.08549383282661438
290800,609,train,total,0.08649936318397522
290900,609,train,eikonal,0.008559564128518105
290900,609,train,render,0.06330922245979309
290900,609,train,total,0.06416518241167068
291000,610,train,eikonal,0.00936877727508545
291000,610,train,render,0.07816235721111298
291000,610,train,total,0.07909923791885376
291100,610,train,eikonal,0.01013380941003561
291100,610,train,render,0.08372530341148376
291100,610,train,total,0.08473868668079376
291200,610,train,eikonal,0.009006774984300137
291200,610,train,render,0.08321541547775269
291200,610,train,total,0.08411609381437302
291300,610,train,eikonal,0.014529284089803696
291300,610,train,render,0.08015476912260056
291300,610,train,total,0.08160769939422607
291400,610,train,eikonal,0.009828582406044006
291400,610,train,render,0.07409270107746124
291400,610,train,total,0.07507555931806564
291500,611,train,eikonal,0.015129191800951958
291500,611,train,render,0.07610034942626953
291500,611,train,total,0.07761327177286148
291600,611,train,eikonal,0.009748023003339767
291600,611,train,render,0.08482382446527481
291600,611,train,total,0.08579862862825394
291700,611,train,eikonal,0.008801008574664593
291700,611,train,render,0.07718414068222046
291700,611,train,total,0.07806424051523209
291800,611,train,eikonal,0.009404816664755344
291800,611,train,render,0.072532057762146
291800,611,train,total,0.0734725371003151
291900,611,train,eikonal,0.010858215391635895
291900,611,train,render,0.0826636254787445
291900,611,train,total,0.0837494432926178
292000,612,train,eikonal,0.012206213548779488
292000,612,train,render,0.07240211218595505
292000,612,train,total,0.07362273335456848
292100,612,train,eikonal,0.01159236766397953
292100,612,train,render,0.07662147283554077
292100,612,train,total,0.07778070867061615
292200,612,train,eikonal,0.013179400004446507
292200,612,train,render,0.07739146798849106
292200,612,train,total,0.07870940864086151
292300,612,train,eikonal,0.011364453472197056
292300,612,train,render,0.0851576179265976
292300,612,train,total,0.08629406243562698
292400,612,train,eikonal,0.011189309880137444
292400,612,train,render,0.08139710128307343
292400,612,train,total,0.08251602947711945
292500,613,train,eikonal,0.01516555342823267
292500,613,train,render,0.07721385359764099
292500,613,train,total,0.07873041182756424
292600,613,train,eikonal,0.011196153238415718
292600,613,train,render,0.06598663330078125
292600,613,train,total,0.06710624694824219
292700,613,train,eikonal,0.00934470072388649
292700,613,train,render,0.07797306776046753
292700,613,train,total,0.07890753448009491
292800,613,train,eikonal,0.009434797801077366
292800,613,train,render,0.07718676328659058
292800,613,train,total,0.07813024520874023
292900,614,train,eikonal,0.01324765756726265
292900,614,train,render,0.07365208864212036
292900,614,train,total,0.0749768540263176
293000,614,train,eikonal,0.01098841056227684
293000,614,train,render,0.07632802426815033
293000,614,train,total,0.07742686569690704
293100,614,train,eikonal,0.0087550338357687
293100,614,train,render,0.0688697099685669
293100,614,train,total,0.06974521279335022
293200,614,train,eikonal,0.011631334200501442
293200,614,train,render,0.07030193507671356
293200,614,train,total,0.07146506756544113
293300,614,train,eikonal,0.009598997421562672
293300,614,train,render,0.1032230481505394
293300,614,train,total,0.10418295115232468
293400,615,train,eikonal,0.010995643213391304
293400,615,train,render,0.07806367427110672
293400,615,train,total,0.07916323840618134
293500,615,train,eikonal,0.009899715892970562
293500,615,train,render,0.0905536413192749
293500,615,train,total,0.09154361486434937
293600,615,train,eikonal,0.009171616286039352
293600,615,train,render,0.07967955619096756
293600,615,train,total,0.08059671521186829
293700,615,train,eikonal,0.007901756092905998
293700,615,train,render,0.06898239254951477
293700,615,train,total,0.06977257132530212
293800,615,train,eikonal,0.009559355676174164
293800,615,train,render,0.08974021673202515
293800,615,train,total,0.09069615602493286
293900,616,train,eikonal,0.011645643040537834
293900,616,train,render,0.08651964366436005
293900,616,train,total,0.08768420666456223
294000,616,train,eikonal,0.008537940680980682
294000,616,train,render,0.0877535417675972
294000,616,train,total,0.08860733360052109
294100,616,train,eikonal,0.008721927180886269
294100,616,train,render,0.0959579348564148
294100,616,train,total,0.09683012962341309
294200,616,train,eikonal,0.009199954569339752
294200,616,train,render,0.14841511845588684
294200,616,train,total,0.149335116147995
294300,616,train,eikonal,0.012152772396802902
294300,616,train,render,0.07840337604284286
294300,616,train,total,0.0796186551451683
294400,617,train,eikonal,0.014099898748099804
294400,617,train,render,0.07171942293643951
294400,617,train,total,0.07312941551208496
294500,617,train,eikonal,0.009256459772586823
294500,617,train,render,0.08422757685184479
294500,617,train,total,0.08515322208404541
294600,617,train,eikonal,0.011781688779592514
294600,617,train,render,0.08082188665866852
294600,617,train,total,0.08200005441904068
294700,617,train,eikonal,0.012496666982769966
294700,617,train,render,0.08092620968818665
294700,617,train,total,0.08217587321996689
294800,618,train,eikonal,0.008500945754349232
294800,618,train,render,0.07367508113384247
294800,618,train,total,0.07452517747879028
294900,618,train,eikonal,0.010967806912958622
294900,618,train,render,0.08046325296163559
294900,618,train,total,0.08156003057956696
295000,618,train,eikonal,0.010916396975517273
295000,618,train,render,0.08020814508199692
295000,618,train,total,0.0812997817993164
295100,618,train,eikonal,0.009269585832953453
295100,618,train,render,0.07987920939922333
295100,618,train,total,0.08080616593360901
295200,618,train,eikonal,0.007169241551309824
295200,618,train,render,0.062409885227680206
295200,618,train,total,0.0631268098950386
295300,619,train,eikonal,0.01021011732518673
295300,619,train,render,0.08051949739456177
295300,619,train,total,0.08154051005840302
295400,619,train,eikonal,0.009602021425962448
295400,619,train,render,0.07876509428024292
295400,619,train,total,0.07972529530525208
295500,619,train,eikonal,0.010052922181785107
295500,619,train,render,0.0832522064447403
295500,619,train,total,0.08425749838352203
295600,619,train,eikonal,0.011903878301382065
295600,619,train,render,0.08486256003379822
295600,619,train,total,0.08605294674634933
295700,619,train,eikonal,0.008230699226260185
295700,619,train,render,0.06119435280561447
295700,619,train,total,0.062017422169446945
295800,620,train,eikonal,0.00962346512824297
295800,620,train,render,0.0699664056301117
295800,620,train,total,0.07092875242233276
295900,620,train,eikonal,0.007836567237973213
295900,620,train,render,0.07775448262691498
295900,620,train,total,0.07853814214468002
296000,620,train,eikonal,0.014127185568213463
296000,620,train,render,0.08360865712165833
296000,620,train,total,0.08502137660980225
296100,620,train,eikonal,0.00958967860788107
296100,620,train,render,0.0803142786026001
296100,620,train,total,0.08127324283123016
296200,620,train,eikonal,0.006962752901017666
296200,620,train,render,0.06831194460391998
296200,620,train,total,0.06900821626186371
296300,621,train,eikonal,0.009571152739226818
296300,621,train,render,0.07503810524940491
296300,621,train,total,0.07599522173404694
296400,621,train,eikonal,0.012396177276968956
296400,621,train,render,0.07815173268318176
296400,621,train,total,0.07939135283231735
296500,621,train,eikonal,0.009890234097838402
296500,621,train,render,0.07279612123966217
296500,621,train,total,0.07378514111042023
296600,621,train,eikonal,0.005824897903949022
296600,621,train,render,0.0847068578004837
296600,621,train,total,0.08528934419155121
296700,622,train,eikonal,0.007976416498422623
296700,622,train,render,0.07416000962257385
296700,622,train,total,0.07495765388011932
296800,622,train,eikonal,0.010235946625471115
296800,622,train,render,0.077052041888237
296800,622,train,total,0.07807563990354538
296900,622,train,eikonal,0.009356159716844559
296900,622,train,render,0.06885223090648651
296900,622,train,total,0.06978784501552582
297000,622,train,eikonal,0.009602341800928116
297000,622,train,render,0.06467384099960327
297000,622,train,total,0.06563407182693481
297100,622,train,eikonal,0.016153503209352493
297100,622,train,render,0.08281590044498444
297100,622,train,total,0.0844312533736229
297200,623,train,eikonal,0.009703002870082855
297200,623,train,render,0.07735757529735565
297200,623,train,total,0.07832787930965424
297300,623,train,eikonal,0.010425585322082043
297300,623,train,render,0.07488953322172165
297300,623,train,total,0.0759320929646492
297400,623,train,eikonal,0.008666654117405415
297400,623,train,render,0.07172058522701263
297400,623,train,total,0.07258725166320801
297500,623,train,eikonal,0.017436016350984573
297500,623,train,render,0.0803404301404953
297500,623,train,total,0.08208402991294861
297600,623,train,eikonal,0.008612028323113918
297600,623,train,render,0.08399718999862671
297600,623,train,total,0.08485839515924454
297700,624,train,eikonal,0.009611833840608597
297700,624,train,render,0.07568110525608063
297700,624,train,total,0.07664228975772858
297800,624,train,eikonal,0.009403086267411709
297800,624,train,render,0.11340752989053726
297800,624,train,total,0.11434783786535263
297900,624,train,eikonal,0.008225562050938606
297900,624,train,render,0.08317343890666962
297900,624,train,total,0.0839959979057312
298000,624,train,eikonal,0.008597789332270622
298000,624,train,render,0.08556988835334778
298000,624,train,total,0.0864296704530716
298100,624,train,eikonal,0.00911213830113411
298100,624,train,render,0.07449574768543243
298100,624,train,total,0.07540696114301682
298200,625,train,eikonal,0.010765792801976204
298200,625,train,render,0.08889660239219666
298200,625,train,total,0.08997318148612976
298300,625,train,eikonal,0.014035753905773163
298300,625,train,render,0.08852636814117432
298300,625,train,total,0.08992994576692581
298400,625,train,eikonal,0.01028395351022482
298400,625,train,render,0.08760033547878265
298400,625,train,total,0.08862873166799545
298500,625,train,eikonal,0.014177048578858376
298500,625,train,render,0.08209945261478424
298500,625,train,total,0.0835171565413475
298600,625,train,eikonal,0.010858260095119476
298600,625,train,render,0.06456955522298813
298600,625,train,total,0.06565538048744202
298700,626,train,eikonal,0.011114811524748802
298700,626,train,render,0.07757256925106049
298700,626,train,total,0.07868404686450958
298800,626,train,eikonal,0.014608707278966904
298800,626,train,render,0.07744534313678741
298800,626,train,total,0.07890621572732925
298900,626,train,eikonal,0.008174880407750607
298900,626,train,render,0.07794320583343506
298900,626,train,total,0.07876069098711014
299000,626,train,eikonal,0.013582157902419567
299000,626,train,render,0.07746780663728714
299000,626,train,total,0.07882602512836456
299100,627,train,eikonal,0.013463780283927917
299100,627,train,render,0.07811220735311508
299100,627,train,total,0.07945858687162399
299200,627,train,eikonal,0.008916961029171944
299200,627,train,render,0.0758955180644989
299200,627,train,total,0.07678721100091934
299300,627,train,eikonal,0.012826425954699516
299300,627,train,render,0.09008002281188965
299300,627,train,total,0.09136266261339188
299400,627,train,eikonal,0.0101173035800457
299400,627,train,render,0.08734320104122162
299400,627,train,total,0.0883549302816391
299500,627,train,eikonal,0.008005226962268353
299500,627,train,render,0.07515425980091095
299500,627,train,total,0.07595477998256683
299600,628,train,eikonal,0.009365338832139969
299600,628,train,render,0.08191084861755371
299600,628,train,total,0.08284737914800644
299700,628,train,eikonal,0.009430564939975739
299700,628,train,render,0.08707000315189362
299700,628,train,total,0.08801306039094925
299800,628,train,eikonal,0.008150804787874222
299800,628,train,render,0.08044885843992233
299800,628,train,total,0.0812639370560646
299900,628,train,eikonal,0.008625747635960579
299900,628,train,render,0.08560328185558319
299900,628,train,total,0.08646585792303085
300000,628,train,eikonal,0.009145230054855347
300000,628,train,render,0.08379480242729187
300000,628,train,total,0.08470932394266129
300100,629,train,eikonal,0.009617618285119534
300100,629,train,render,0.10648778825998306
300100,629,train,total,0.10744954645633698
300200,629,train,eikonal,0.008681995794177055
300200,629,train,render,0.08333897590637207
300200,629,train,total,0.08420717716217041
300300,629,train,eikonal,0.009030059911310673
300300,629,train,render,0.0742044746875763
300300,629,train,total,0.07510747760534286
300400,629,train,eikonal,0.009527381509542465
300400,629,train,render,0.07480044662952423
300400,629,train,total,0.07575318217277527
300500,629,train,eikonal,0.016975916922092438
300500,629,train,render,0.07858976721763611
300500,629,train,total,0.08028735965490341
300600,630,train,eikonal,0.010703464969992638
300600,630,train,render,0.07905057817697525
300600,630,train,total,0.08012092113494873
300700,630,train,eikonal,0.008670616894960403
300700,630,train,render,0.0719006359577179
300700,630,train,total,0.0727676972746849
300800,630,train,eikonal,0.014069839380681515
300800,630,train,render,0.07465355098247528
300800,630,train,total,0.07606053352355957
300900,630,train,eikonal,0.0077516064047813416
300900,630,train,render,0.07576881349086761
300900,630,train,total,0.07654397189617157
301000,631,train,eikonal,0.008450656197965145
301000,631,train,render,0.08185286819934845
301000,631,train,total,0.08269793540239334
301100,631,train,eikonal,0.008638257160782814
301100,631,train,render,0.07219485938549042
301100,631,train,total,0.07305868715047836
301200,631,train,eikonal,0.008824555203318596
301200,631,train,render,0.06911297142505646
301200,631,train,total,0.06999542564153671
301300,631,train,eikonal,0.01344260759651661
301300,631,train,render,0.0755658894777298
301300,631,train,total,0.07691015303134918
301400,631,train,eikonal,0.009741686284542084
301400,631,train,render,0.08041107654571533
301400,631,train,total,0.08138524740934372
301500,632,train,eikonal,0.013086571358144283
301500,632,train,render,0.0853503942489624
301500,632,train,total,0.08665905147790909
301600,632,train,eikonal,0.010688425973057747
301600,632,train,render,0.07385675609111786
301600,632,train,total,0.07492560148239136
301700,632,train,eikonal,0.008221854455769062
301700,632,train,render,0.07480838894844055
301700,632,train,total,0.07563057541847229
301800,632,train,eikonal,0.00979091227054596
301800,632,train,render,0.0737304612994194
301800,632,train,total,0.07470954954624176
301900,632,train,eikonal,0.009533297270536423
301900,632,train,render,0.07129940390586853
301900,632,train,total,0.07225273549556732
302000,633,train,eikonal,0.007458159700036049
302000,633,train,render,0.05940394476056099
302000,633,train,total,0.06014975905418396
302100,633,train,eikonal,0.01489836536347866
302100,633,train,render,0.07450498640537262
302100,633,train,total,0.0759948194026947
302200,633,train,eikonal,0.008568773046135902
302200,633,train,render,0.07386831939220428
302200,633,train,total,0.0747251957654953
302300,633,train,eikonal,0.00942580308765173
302300,633,train,render,0.06539595872163773
302300,633,train,total,0.06633853912353516
302400,633,train,eikonal,0.01240763533860445
302400,633,train,render,0.07751194387674332
302400,633,train,total,0.07875270396471024
302500,634,train,eikonal,0.008151493035256863
302500,634,train,render,0.09090598672628403
302500,634,train,total,0.09172113239765167
302600,634,train,eikonal,0.00844579003751278
302600,634,train,render,0.0678977444767952
302600,634,train,total,0.06874231994152069
302700,634,train,eikonal,0.01068428810685873
302700,634,train,render,0.06920133531093597
302700,634,train,total,0.07026976346969604
302800,634,train,eikonal,0.008211826905608177
302800,634,train,render,0.07928532361984253
302800,634,train,total,0.08010650426149368
302900,635,train,eikonal,0.006523243151605129
302900,635,train,render,0.08094833791255951
302900,635,train,total,0.08160065859556198
303000,635,train,eikonal,0.013772333040833473
303000,635,train,render,0.08058628439903259
303000,635,train,total,0.08196351677179337
303100,635,train,eikonal,0.008430108428001404
303100,635,train,render,0.08400925993919373
303100,635,train,total,0.08485227078199387
303200,635,train,eikonal,0.00823749229311943
303200,635,train,render,0.06781088560819626
303200,635,train,total,0.06863463670015335
303300,635,train,eikonal,0.009813107550144196
303300,635,train,render,0.07908925414085388
303300,635,train,total,0.08007056266069412
303400,636,train,eikonal,0.0082152234390378
303400,636,train,render,0.06733965128660202
303400,636,train,total,0.06816117465496063
303500,636,train,eikonal,0.005688263103365898
303500,636,train,render,0.06787943840026855
303500,636,train,total,0.0684482678771019
303600,636,train,eikonal,0.008362660184502602
303600,636,train,render,0.09205219894647598
303600,636,train,total,0.09288846701383591
303700,636,train,eikonal,0.007827972993254662
303700,636,train,render,0.06940393149852753
303700,636,train,total,0.07018672674894333
303800,636,train,eikonal,0.013284214772284031
303800,636,train,render,0.08430729806423187
303800,636,train,total,0.0856357216835022
303900,637,train,eikonal,0.007877894677221775
303900,637,train,render,0.0772760733962059
303900,637,train,total,0.07806386053562164
304000,637,train,eikonal,0.008797544986009598
304000,637,train,render,0.07654508203268051
304000,637,train,total,0.07742483913898468
304100,637,train,eikonal,0.008164112456142902
304100,637,train,render,0.08311203122138977
304100,637,train,total,0.08392844349145889
304200,637,train,eikonal,0.007530121132731438
304200,637,train,render,0.06722961366176605
304200,637,train,total,0.06798262894153595
304300,637,train,eikonal,0.0088504608720541
304300,637,train,render,0.06991484761238098
304300,637,train,total,0.07079989463090897
304400,638,train,eikonal,0.009276501834392548
304400,638,train,render,0.0800088569521904
304400,638,train,total,0.0809365063905716
304500,638,train,eikonal,0.009852719493210316
304500,638,train,render,0.08012045919895172
304500,638,train,total,0.08110573142766953
304600,638,train,eikonal,0.007612564601004124
304600,638,train,render,0.07918940484523773
304600,638,train,total,0.07995066046714783
304700,638,train,eikonal,0.013376329094171524
304700,638,train,render,0.07848738133907318
304700,638,train,total,0.0798250138759613
304800,638,train,eikonal,0.008956356905400753
304800,638,train,render,0.07999011874198914
304800,638,train,total,0.08088575303554535
304900,639,train,eikonal,0.006733535788953304
304900,639,train,render,0.06808900833129883
304900,639,train,total,0.06876236200332642
305000,639,train,eikonal,0.009224606677889824
305000,639,train,render,0.13924190402030945
305000,639,train,total,0.1401643604040146
305100,639,train,eikonal,0.015699245035648346
305100,639,train,render,0.0747925341129303
305100,639,train,total,0.07636246085166931
305200,639,train,eikonal,0.01354027260094881
305200,639,train,render,0.06724774092435837
305200,639,train,total,0.06860176473855972
305300,640,train,eikonal,0.009324039332568645
305300,640,train,render,0.08670942485332489
305300,640,train,total,0.08764182776212692
305400,640,train,eikonal,0.0081563089042902
305400,640,train,render,0.11356815695762634
305400,640,train,total,0.11438378691673279
305500,640,train,eikonal,0.014904181472957134
305500,640,train,render,0.07699454575777054
305500,640,train,total,0.07848496735095978
305600,640,train,eikonal,0.006514959968626499
305600,640,train,render,0.07587552070617676
305600,640,train,total,0.07652701437473297
305700,640,train,eikonal,0.011827949434518814
305700,640,train,render,0.08092255890369415
305700,640,train,total,0.082105353474617
305800,641,train,eikonal,0.010022012516856194
305800,641,train,render,0.08954831212759018
305800,641,train,total,0.0905505120754242
305900,641,train,eikonal,0.009022185578942299
305900,641,train,render,0.0824451893568039
305900,641,train,total,0.08334740996360779
306000,641,train,eikonal,0.01450781337916851
306000,641,train,render,0.07325777411460876
306000,641,train,total,0.07470855861902237
306100,641,train,eikonal,0.006887685041874647
306100,641,train,render,0.07731027901172638
306100,641,train,total,0.077999047935009
306200,641,train,eikonal,0.007844172418117523
306200,641,train,render,0.08403277397155762
306200,641,train,total,0.08481719344854355
306300,642,train,eikonal,0.008621372282505035
306300,642,train,render,0.09653402119874954
306300,642,train,total,0.09739615768194199
306400,642,train,eikonal,0.009770845994353294
306400,642,train,render,0.07001093029975891
306400,642,train,total,0.0709880143404007
306500,642,train,eikonal,0.009040862321853638
306500,642,train,render,0.08021439611911774
306500,642,train,total,0.08111847937107086
306600,642,train,eikonal,0.01490231603384018
306600,642,train,render,0.06784674525260925
306600,642,train,total,0.06933698058128357
306700,642,train,eikonal,0.007129583973437548
306700,642,train,render,0.06823152303695679
306700,642,train,total,0.06894448399543762
306800,643,train,eikonal,0.00853028055280447
306800,643,train,render,0.08683745563030243
306800,643,train,total,0.08769048005342484
306900,643,train,eikonal,0.008905867114663124
306900,643,train,render,0.07996728271245956
306900,643,train,total,0.08085787296295166
307000,643,train,eikonal,0.009633534587919712
307000,643,train,render,0.08867862820625305
307000,643,train,total,0.0896419808268547
307100,643,train,eikonal,0.009918073192238808
307100,643,train,render,0.08418379724025726
307100,643,train,total,0.08517560362815857
307200,644,train,eikonal,0.008602151647210121
307200,644,train,render,0.07005567848682404
307200,644,train,total,0.07091589272022247
307300,644,train,eikonal,0.008998647332191467
307300,644,train,render,0.0731624960899353
307300,644,train,total,0.07406236231327057
307400,644,train,eikonal,0.008280323818325996
307400,644,train,render,0.06843186914920807
307400,644,train,total,0.06925990432500839
307500,644,train,eikonal,0.009054376743733883
307500,644,train,render,0.07005578279495239
307500,644,train,total,0.07096122205257416
307600,644,train,eikonal,0.009868891909718513
307600,644,train,render,0.06860522925853729
307600,644,train,total,0.06959211826324463
307700,645,train,eikonal,0.00842942576855421
307700,645,train,render,0.08049669861793518
307700,645,train,total,0.08133964240550995
307800,645,train,eikonal,0.00750297075137496
307800,645,train,render,0.07300738990306854
307800,645,train,total,0.07375768572092056
307900,645,train,eikonal,0.007997973822057247
307900,645,train,render,0.07422986626625061
307900,645,train,total,0.07502966374158859
308000,645,train,eikonal,0.007673110347241163
308000,645,train,render,0.08066554367542267
308000,645,train,total,0.08143285661935806
308100,645,train,eikonal,0.007252010982483625
308100,645,train,render,0.07930901646614075
308100,645,train,total,0.08003421872854233
308200,646,train,eikonal,0.008297313004732132
308200,646,train,render,0.088984414935112
308200,646,train,total,0.08981414884328842
308300,646,train,eikonal,0.009546584449708462
308300,646,train,render,0.06426938623189926
308300,646,train,total,0.0652240440249443
308400,646,train,eikonal,0.008354181423783302
308400,646,train,render,0.08947102725505829
308400,646,train,total,0.09030644595623016
308500,646,train,eikonal,0.008753285743296146
308500,646,train,render,0.06876537203788757
308500,646,train,total,0.06964070349931717
308600,646,train,eikonal,0.009528162889182568
308600,646,train,render,0.0791727602481842
308600,646,train,total,0.08012557774782181
308700,647,train,eikonal,0.011229345574975014
308700,647,train,render,0.09909197688102722
308700,647,train,total,0.10021491348743439
308800,647,train,eikonal,0.009704343974590302
308800,647,train,render,0.07001083344221115
308800,647,train,total,0.07098126411437988
308900,647,train,eikonal,0.008619196712970734
308900,647,train,render,0.07568254321813583
308900,647,train,total,0.07654446363449097
309000,647,train,eikonal,0.00797330029308796
309000,647,train,render,0.06966957449913025
309000,647,train,total,0.07046690583229065
309100,648,train,eikonal,0.018873244524002075
309100,648,train,render,0.07505591213703156
309100,648,train,total,0.07694323360919952
309200,648,train,eikonal,0.0081336610019207
309200,648,train,render,0.061808861792087555
309200,648,train,total,0.06262222677469254
309300,648,train,eikonal,0.014048919081687927
309300,648,train,render,0.07114055752754211
309300,648,train,total,0.07254544645547867
309400,648,train,eikonal,0.01179810892790556
309400,648,train,render,0.07838015258312225
309400,648,train,total,0.07955996692180634
309500,648,train,eikonal,0.009711683727800846
309500,648,train,render,0.07838617265224457
309500,648,train,total,0.0793573409318924
309600,649,train,eikonal,0.008355517871677876
309600,649,train,render,0.08613011240959167
309600,649,train,total,0.0869656652212143
309700,649,train,eikonal,0.014988111332058907
309700,649,train,render,0.0673801526427269
309700,649,train,total,0.06887896358966827
309800,649,train,eikonal,0.00909571722149849
309800,649,train,render,0.07795073091983795
309800,649,train,total,0.07886030524969101
309900,649,train,eikonal,0.006756986491382122
309900,649,train,render,0.06532816588878632
309900,649,train,total,0.06600386649370193
310000,649,train,eikonal,0.015717770904302597
310000,649,train,render,0.06288674473762512
310000,649,train,total,0.06445851922035217
310100,650,train,eikonal,0.007709619589149952
310100,650,train,render,0.08452971279621124
310100,650,train,total,0.08530067652463913
310200,650,train,eikonal,0.008776548318564892
310200,650,train,render,0.0763397067785263
310200,650,train,total,0.07721736282110214
310300,650,train,eikonal,0.009137463755905628
310300,650,train,render,0.0771045833826065
310300,650,train,total,0.07801833003759384
310400,650,train,eikonal,0.008580818772315979
310400,650,train,render,0.08858758211135864
310400,650,train,total,0.08944566547870636
310500,650,train,eikonal,0.008480222895741463
310500,650,train,render,0.08311186730861664
310500,650,train,total,0.08395989239215851
310600,651,train,eikonal,0.00852341391146183
310600,651,train,render,0.07329142093658447
310600,651,train,total,0.07414375990629196
310700,651,train,eikonal,0.015373249538242817
310700,651,train,render,0.07841561734676361
310700,651,train,total,0.07995294034481049
310800,651,train,eikonal,0.009007399901747704
310800,651,train,render,0.06661251187324524
310800,651,train,total,0.06751324981451035
310900,651,train,eikonal,0.011872904375195503
310900,651,train,render,0.07988107204437256
310900,651,train,total,0.08106835931539536
311000,651,train,eikonal,0.0140579454600811
311000,651,train,render,0.07752932608127594
311000,651,train,total,0.07893512398004532
311100,652,train,eikonal,0.0092250294983387
311100,652,train,render,0.07109151780605316
311100,652,train,total,0.07201401889324188
311200,652,train,eikonal,0.0138444434851408
311200,652,train,render,0.08008536696434021
311200,652,train,total,0.0814698114991188
311300,652,train,eikonal,0.007832318544387817
311300,652,train,render,0.07384888827800751
311300,652,train,total,0.07463212311267853
311400,652,train,eikonal,0.009211083874106407
311400,652,train,render,0.08015897870063782
311400,652,train,total,0.08108008652925491
311500,653,train,eikonal,0.009200145490467548
311500,653,train,render,0.06644889712333679
311500,653,train,total,0.06736890971660614
311600,653,train,eikonal,0.00834448542445898
311600,653,train,render,0.0825762152671814
311600,653,train,total,0.08341066539287567
311700,653,train,eikonal,0.008690407499670982
311700,653,train,render,0.06833530217409134
311700,653,train,total,0.06920434534549713
311800,653,train,eikonal,0.007595507428050041
311800,653,train,render,0.06850200891494751
311800,653,train,total,0.06926155835390091
311900,653,train,eikonal,0.0077013010159134865
311900,653,train,render,0.06941147148609161
311900,653,train,total,0.07018160074949265
312000,654,train,eikonal,0.011780325323343277
312000,654,train,render,0.08446262031793594
312000,654,train,total,0.08564065396785736
312100,654,train,eikonal,0.007145914249122143
312100,654,train,render,0.07134217023849487
312100,654,train,total,0.07205676287412643
312200,654,train,eikonal,0.010968699119985104
312200,654,train,render,0.06940004229545593
312200,654,train,total,0.07049690932035446
312300,654,train,eikonal,0.00801723450422287
312300,654,train,render,0.14783605933189392
312300,654,train,total,0.1486377865076065
312400,654,train,eikonal,0.012295875698328018
312400,654,train,render,0.08699283748865128
312400,654,train,total,0.08822242170572281
312500,655,train,eikonal,0.008753759786486626
312500,655,train,render,0.074666328728199
312500,655,train,total,0.07554170489311218
312600,655,train,eikonal,0.00891209952533245
312600,655,train,render,0.07606818526983261
312600,655,train,total,0.07695939391851425
312700,655,train,eikonal,0.010106772184371948
312700,655,train,render,0.08056928217411041
312700,655,train,total,0.08157996088266373
312800,655,train,eikonal,0.009009959176182747
312800,655,train,render,0.0727112889289856
312800,655,train,total,0.0736122876405716
312900,655,train,eikonal,0.008607721887528896
312900,655,train,render,0.08971317857503891
312900,655,train,total,0.09057395160198212
313000,656,train,eikonal,0.014666112139821053
313000,656,train,render,0.06664927303791046
313000,656,train,total,0.06811588257551193
313100,656,train,eikonal,0.008039193227887154
313100,656,train,render,0.08195389807224274
313100,656,train,total,0.08275781571865082
313200,656,train,eikonal,0.009760646149516106
313200,656,train,render,0.06684710085391998
313200,656,train,total,0.06782316416501999
313300,656,train,eikonal,0.008221211843192577
313300,656,train,render,0.07982812821865082
313300,656,train,total,0.08065024763345718
313400,657,train,eikonal,0.013265050947666168
313400,657,train,render,0.06938441097736359
313400,657,train,total,0.0707109123468399
313500,657,train,eikonal,0.015106186270713806
313500,657,train,render,0.07878020405769348
313500,657,train,total,0.08029082417488098
313600,657,train,eikonal,0.007615956943482161
313600,657,train,render,0.07781308889389038
313600,657,train,total,0.07857468724250793
313700,657,train,eikonal,0.010321959853172302
313700,657,train,render,0.07205724716186523
313700,657,train,total,0.07308944314718246
313800,657,train,eikonal,0.009251032024621964
313800,657,train,render,0.08241135627031326
313800,657,train,total,0.08333645761013031
313900,658,train,eikonal,0.013535790145397186
313900,658,train,render,0.07338592410087585
313900,658,train,total,0.0747395008802414
314000,658,train,eikonal,0.008789164014160633
314000,658,train,render,0.07504987716674805
314000,658,train,total,0.07592879235744476
314100,658,train,eikonal,0.010603147558867931
314100,658,train,render,0.07348579913377762
314100,658,train,total,0.07454611361026764
314200,658,train,eikonal,0.007661379873752594
314200,658,train,render,0.07359616458415985
314200,658,train,total,0.07436230033636093
314300,658,train,eikonal,0.008291371166706085
314300,658,train,render,0.076256163418293
314300,658,train,total,0.07708530128002167
314400,659,train,eikonal,0.008335020393133163
314400,659,train,render,0.08608207106590271
314400,659,train,total,0.08691557496786118
314500,659,train,eikonal,0.009561657905578613
314500,659,train,render,0.06735043227672577
314500,659,train,total,0.06830659508705139
314600,659,train,eikonal,0.009398959577083588
314600,659,train,render,0.07014521956443787
314600,659,train,total,0.0710851177573204
314700,659,train,eikonal,0.010144524276256561
314700,659,train,render,0.06252747029066086
314700,659,train,total,0.06354191899299622
314800,659,train,eikonal,0.007497010752558708
314800,659,train,render,0.07997822016477585
314800,659,train,total,0.08072791993618011
314900,660,train,eikonal,0.009450198151171207
314900,660,train,render,0.08107893168926239
314900,660,train,total,0.08202394843101501
315000,660,train,eikonal,0.00896495021879673
315000,660,train,render,0.07485939562320709
315000,660,train,total,0.07575589418411255
315100,660,train,eikonal,0.007643441669642925
315100,660,train,render,0.08482954651117325
315100,660,train,total,0.08559389412403107
315200,660,train,eikonal,0.011954762041568756
315200,660,train,render,0.07800458371639252
315200,660,train,total,0.07920005917549133
315300,661,train,eikonal,0.013951016589999199
315300,661,train,render,0.07737557590007782
315300,661,train,total,0.07877067476511002
315400,661,train,eikonal,0.008034570142626762
315400,661,train,render,0.06934405863285065
315400,661,train,total,0.07014751434326172
315500,661,train,eikonal,0.011626960709691048
315500,661,train,render,0.06680132448673248
315500,661,train,total,0.06796401739120483
315600,661,train,eikonal,0.010570988059043884
315600,661,train,render,0.13637757301330566
315600,661,train,total,0.1374346762895584
315700,661,train,eikonal,0.01949588768184185
315700,661,train,render,0.08196615427732468
315700,661,train,total,0.08391574025154114
315800,662,train,eikonal,0.007332043256610632
315800,662,train,render,0.08170682191848755
315800,662,train,total,0.08244002610445023
315900,662,train,eikonal,0.008686404675245285
315900,662,train,render,0.07391626387834549
315900,662,train,total,0.07478490471839905
316000,662,train,eikonal,0.012100696563720703
316000,662,train,render,0.07110774517059326
316000,662,train,total,0.07231781631708145
316100,662,train,eikonal,0.008192564360797405
316100,662,train,render,0.0771811231970787
316100,662,train,total,0.07800038158893585
316200,662,train,eikonal,0.008612090721726418
316200,662,train,render,0.08046315610408783
316200,662,train,total,0.08132436871528625
316300,663,train,eikonal,0.009273279458284378
316300,663,train,render,0.07042898237705231
316300,663,train,total,0.07135631144046783
316400,663,train,eikonal,0.012358789332211018
316400,663,train,render,0.07177401334047318
316400,663,train,total,0.07300989329814911
316500,663,train,eikonal,0.0092255724593997
316500,663,train,render,0.07699980586767197
316500,663,train,total,0.07792236655950546
316600,663,train,eikonal,0.008294787257909775
316600,663,train,render,0.07255708426237106
316600,663,train,total,0.07338656485080719
316700,663,train,eikonal,0.007946029305458069
316700,663,train,render,0.07145228981971741
316700,663,train,total,0.07224689424037933
316800,664,train,eikonal,0.01385745033621788
316800,664,train,render,0.07225152850151062
316800,664,train,total,0.07363727688789368
316900,664,train,eikonal,0.010927578434348106
316900,664,train,render,0.07051512598991394
316900,664,train,total,0.07160788029432297
317000,664,train,eikonal,0.008555672131478786
317000,664,train,render,0.06549561023712158
317000,664,train,total,0.06635117530822754
317100,664,train,eikonal,0.008163065649569035
317100,664,train,render,0.07759663462638855
317100,664,train,total,0.07841294258832932
317200,664,train,eikonal,0.012164980173110962
317200,664,train,render,0.08317478001117706
317200,664,train,total,0.0843912810087204
317300,665,train,eikonal,0.0094844289124012
317300,665,train,render,0.07930056750774384
317300,665,train,total,0.08024901151657104
317400,665,train,eikonal,0.008278138935565948
317400,665,train,render,0.079889215528965
317400,665,train,total,0.08071702718734741
317500,665,train,eikonal,0.01174883358180523
317500,665,train,render,0.07011596113443375
317500,665,train,total,0.07129084318876266
317600,665,train,eikonal,0.008395458571612835
317600,665,train,render,0.07773816585540771
317600,665,train,total,0.07857771217823029
317700,666,train,eikonal,0.008845178410410881
317700,666,train,render,0.07460083067417145
317700,666,train,total,0.07548534870147705
317800,666,train,eikonal,0.009384257718920708
317800,666,train,render,0.0784555971622467
317800,666,train,total,0.07939402014017105
317900,666,train,eikonal,0.008906185626983643
317900,666,train,render,0.06840434670448303
317900,666,train,total,0.06929496675729752
318000,666,train,eikonal,0.013341493904590607
318000,666,train,render,0.07971344888210297
318000,666,train,total,0.08104759454727173
318100,666,train,eikonal,0.0065663717687129974
318100,666,train,render,0.07159638404846191
318100,666,train,total,0.07225301861763
318200,667,train,eikonal,0.015086718834936619
318200,667,train,render,0.07866264879703522
318200,667,train,total,0.08017132431268692
318300,667,train,eikonal,0.01570788212120533
318300,667,train,render,0.07272712886333466
318300,667,train,total,0.07429791986942291
318400,667,train,eikonal,0.013639594428241253
318400,667,train,render,0.07023156434297562
318400,667,train,total,0.07159552723169327
318500,667,train,eikonal,0.008606573566794395
318500,667,train,render,0.07739917933940887
318500,667,train,total,0.07825983315706253
318600,667,train,eikonal,0.01103905588388443
318600,667,train,render,0.06525281071662903
318600,667,train,total,0.06635671854019165
318700,668,train,eikonal,0.01349409855902195
318700,668,train,render,0.08143605291843414
318700,668,train,total,0.082785464823246
318800,668,train,eikonal,0.007564256899058819
318800,668,train,render,0.07182617485523224
318800,668,train,total,0.07258260250091553
318900,668,train,eikonal,0.007461609318852425
318900,668,train,render,0.1490180492401123
318900,668,train,total,0.14976420998573303
319000,668,train,eikonal,0.007853816263377666
319000,668,train,render,0.06724109500646591
319000,668,train,total,0.06802647560834885
319100,668,train,eikonal,0.010970364324748516
319100,668,train,render,0.0743422657251358
319100,668,train,total,0.07543930411338806
319200,669,train,eikonal,0.0067592281848192215
319200,669,train,render,0.06719809770584106
319200,669,train,total,0.06787402182817459
319300,669,train,eikonal,0.0074285827577114105
319300,669,train,render,0.08102653175592422
319300,669,train,total,0.08176939189434052
319400,669,train,eikonal,0.007424156181514263
319400,669,train,render,0.06997501850128174
319400,669,train,total,0.07071743160486221
319500,669,train,eikonal,0.007813720963895321
319500,669,train,render,0.07540006935596466
319500,669,train,total,0.07618144154548645
319600,670,train,eikonal,0.009231426753103733
319600,670,train,render,0.06900925189256668
319600,670,train,total,0.06993239372968674
319700,670,train,eikonal,0.009547904133796692
319700,670,train,render,0.07265737652778625
319700,670,train,total,0.07361216843128204
319800,670,train,eikonal,0.008890429511666298
319800,670,train,render,0.07798704504966736
319800,670,train,total,0.0788760855793953
319900,670,train,eikonal,0.007996571250259876
319900,670,train,render,0.07529284060001373
319900,670,train,total,0.07609249651432037
320000,670,train,eikonal,0.01512688584625721
320000,670,train,render,0.07483674585819244
320000,670,train,total,0.07634943723678589
320100,671,train,eikonal,0.009593336842954159
320100,671,train,render,0.07148618996143341
320100,671,train,total,0.07244552671909332
320200,671,train,eikonal,0.00850340723991394
320200,671,train,render,0.06195429712533951
320200,671,train,total,0.06280463933944702
320300,671,train,eikonal,0.008082623593509197
320300,671,train,render,0.07535409927368164
320300,671,train,total,0.07616236060857773
320400,671,train,eikonal,0.009576410055160522
320400,671,train,render,0.06878200173377991
320400,671,train,total,0.06973963975906372
320500,671,train,eikonal,0.007889226078987122
320500,671,train,render,0.0804450511932373
320500,671,train,total,0.08123397082090378
320600,672,train,eikonal,0.010066661983728409
320600,672,train,render,0.07935526967048645
320600,672,train,total,0.08036193251609802
320700,672,train,eikonal,0.007688436657190323
320700,672,train,render,0.08622279763221741
320700,672,train,total,0.08699163794517517
320800,672,train,eikonal,0.007354937959462404
320800,672,train,render,0.07629138976335526
320800,672,train,total,0.07702688127756119
320900,672,train,eikonal,0.015526620671153069
320900,672,train,render,0.0780591368675232
320900,672,train,total,0.07961180061101913
321000,672,train,eikonal,0.007020956836640835
321000,672,train,render,0.06960269808769226
321000,672,train,total,0.07030479609966278
321100,673,train,eikonal,0.017659664154052734
321100,673,train,render,0.07967129349708557
321100,673,train,total,0.08143725991249084
321200,673,train,eikonal,0.008877076208591461
321200,673,train,render,0.07116447389125824
321200,673,train,total,0.07205218076705933
321300,673,train,eikonal,0.009017027914524078
321300,673,train,render,0.06966766715049744
321300,673,train,total,0.07056936621665955
321400,673,train,eikonal,0.008494766429066658
321400,673,train,render,0.06948810815811157
321400,673,train,total,0.07033758610486984
321500,674,train,eikonal,0.011268500238656998
321500,674,train,render,0.07021176815032959
321500,674,train,total,0.07133861631155014
321600,674,train,eikonal,0.011960405856370926
321600,674,train,render,0.07456722855567932
321600,674,train,total,0.0757632702589035
321700,674,train,eikonal,0.005406965035945177
321700,674,train,render,0.0886080414056778
321700,674,train,total,0.08914873749017715
321800,674,train,eikonal,0.01853482611477375
321800,674,train,render,0.08016212284564972
321800,674,train,total,0.08201560378074646
321900,674,train,eikonal,0.008411782793700695
321900,674,train,render,0.07507750391960144
321900,674,train,total,0.07591868191957474
322000,675,train,eikonal,0.009899650700390339
322000,675,train,render,0.07212290167808533
322000,675,train,total,0.0731128677725792
322100,675,train,eikonal,0.007279583252966404
322100,675,train,render,0.06553371250629425
322100,675,train,total,0.0662616714835167
322200,675,train,eikonal,0.008047983981668949
322200,675,train,render,0.07748261094093323
322200,675,train,total,0.07828740775585175
322300,675,train,eikonal,0.008942590095102787
322300,675,train,render,0.06393800675868988
322300,675,train,total,0.06483226269483566
322400,675,train,eikonal,0.00961027480661869
322400,675,train,render,0.08970533311367035
322400,675,train,total,0.09066636115312576
322500,676,train,eikonal,0.01068849302828312
322500,676,train,render,0.07164470851421356
322500,676,train,total,0.07271356135606766
322600,676,train,eikonal,0.008874229155480862
322600,676,train,render,0.07798779010772705
322600,676,train,total,0.07887521386146545
322700,676,train,eikonal,0.013135979883372784
322700,676,train,render,0.07053349912166595
322700,676,train,total,0.0718470960855484
322800,676,train,eikonal,0.00881972350180149
322800,676,train,render,0.07558274269104004
322800,676,train,total,0.0764647126197815
322900,676,train,eikonal,0.006987507455050945
322900,676,train,render,0.07252773642539978
322900,676,train,total,0.07322648912668228
323000,677,train,eikonal,0.006165757775306702
323000,677,train,render,0.07158587872982025
323000,677,train,total,0.07220245152711868
323100,677,train,eikonal,0.009106931276619434
323100,677,train,render,0.07676146924495697
323100,677,train,total,0.07767216116189957
323200,677,train,eikonal,0.01361095905303955
323200,677,train,render,0.07816486060619354
323200,677,train,total,0.07952595502138138
323300,677,train,eikonal,0.00835714302957058
323300,677,train,render,0.0766671672463417
323300,677,train,total,0.07750288397073746
323400,677,train,eikonal,0.012402860447764397
323400,677,train,render,0.07335156947374344
323400,677,train,total,0.07459185272455215
323500,678,train,eikonal,0.008128073066473007
323500,678,train,render,0.07746798545122147
323500,678,train,total,0.07828079164028168
323600,678,train,eikonal,0.009315555915236473
323600,678,train,render,0.0823666900396347
323600,678,train,total,0.08329824358224869
323700,678,train,eikonal,0.007964232936501503
323700,678,train,render,0.07736867666244507
323700,678,train,total,0.07816509902477264
323800,678,train,eikonal,0.013611363247036934
323800,678,train,render,0.07972028851509094
323800,678,train,total,0.08108142763376236
323900,679,train,eikonal,0.007452468387782574
323900,679,train,render,0.07679714262485504
323900,679,train,total,0.07754238694906235
324000,679,train,eikonal,0.009737672284245491
324000,679,train,render,0.07453946769237518
324000,679,train,total,0.07551323622465134
324100,679,train,eikonal,0.017436586320400238
324100,679,train,render,0.0721573457121849
324100,679,train,total,0.07390100508928299
324200,679,train,eikonal,0.008376787416636944
324200,679,train,render,0.08745373040437698
324200,679,train,total,0.08829140663146973
324300,679,train,eikonal,0.008398577570915222
324300,679,train,render,0.07741259783506393
324300,679,train,total,0.07825245708227158
324400,680,train,eikonal,0.009159739129245281
324400,680,train,render,0.07687624543905258
324400,680,train,total,0.0777922198176384
324500,680,train,eikonal,0.007332347799092531
324500,680,train,render,0.07144487649202347
324500,680,train,total,0.07217811048030853
324600,680,train,eikonal,0.008596865460276604
324600,680,train,render,0.07120496034622192
324600,680,train,total,0.07206464558839798
324700,680,train,eikonal,0.007993023842573166
324700,680,train,render,0.0719156563282013
324700,680,train,total,0.07271496206521988
324800,680,train,eikonal,0.007906779646873474
324800,680,train,render,0.07512456178665161
324800,680,train,total,0.07591523975133896
324900,681,train,eikonal,0.008786316029727459
324900,681,train,render,0.07999314367771149
324900,681,train,total,0.08087177574634552
325000,681,train,eikonal,0.00852553453296423
325000,681,train,render,0.06810776144266129
325000,681,train,total,0.06896031647920609
325100,681,train,eikonal,0.010105284862220287
325100,681,train,render,0.07300771027803421
325100,681,train,total,0.07401823997497559
325200,681,train,eikonal,0.012910624966025352
325200,681,train,render,0.06411105394363403
325200,681,train,total,0.06540211290121078
325300,681,train,eikonal,0.011840902268886566
325300,681,train,render,0.07631218433380127
325300,681,train,total,0.07749627530574799
325400,682,train,eikonal,0.007827932015061378
325400,682,train,render,0.07567819952964783
325400,682,train,total,0.07646099478006363
325500,682,train,eikonal,0.008846338838338852
325500,682,train,render,0.06518106162548065
325500,682,train,total,0.0660656988620758
325600,682,train,eikonal,0.008219845592975616
325600,682,train,render,0.07004977762699127
325600,682,train,total,0.0708717629313469
325700,682,train,eikonal,0.008214645087718964
325700,682,train,render,0.08334305882453918
325700,682,train,total,0.08416452258825302
325800,683,train,eikonal,0.008258023299276829
325800,683,train,render,0.06981857120990753
325800,683,train,total,0.07064437121152878
325900,683,train,eikonal,0.007256324402987957
325900,683,train,render,0.07505932450294495
325900,683,train,total,0.07578495889902115
326000,683,train,eikonal,0.007897702977061272
326000,683,train,render,0.0732722133398056
326000,683,train,total,0.07406198233366013
326100,683,train,eikonal,0.008877386339008808
326100,683,train,render,0.06453648209571838
326100,683,train,total,0.06542421877384186
326200,683,train,eikonal,0.008236403577029705
326200,683,train,render,0.0775584876537323
326200,683,train,total,0.07838212698698044
326300,684,train,eikonal,0.007985030300915241
326300,684,train,render,0.0891004353761673
326300,684,train,total,0.08989893645048141
326400,684,train,eikonal,0.008416661061346531
326400,684,train,render,0.06622492522001266
326400,684,train,total,0.06706659495830536
326500,684,train,eikonal,0.012764801271259785
326500,684,train,render,0.06820908188819885
326500,684,train,total,0.06948556005954742
326600,684,train,eikonal,0.009792494587600231
326600,684,train,render,0.07994899898767471
326600,684,train,total,0.0809282511472702
326700,684,train,eikonal,0.006706595420837402
326700,684,train,render,0.07356977462768555
326700,684,train,total,0.07424043118953705
326800,685,train,eikonal,0.014671861194074154
326800,685,train,render,0.08669859170913696
326800,685,train,total,0.0881657749414444
326900,685,train,eikonal,0.0067145428620278835
326900,685,train,render,0.06621859967708588
326900,685,train,total,0.06689005345106125
327000,685,train,eikonal,0.008698396384716034
327000,685,train,render,0.08594667166471481
327000,685,train,total,0.08681651204824448
327100,685,train,eikonal,0.008528649806976318
327100,685,train,render,0.07004914432764053
327100,685,train,total,0.0709020122885704
327200,685,train,eikonal,0.008328473195433617
327200,685,train,render,0.07585939764976501
327200,685,train,total,0.07669224590063095
327300,686,train,eikonal,0.00845115352421999
327300,686,train,render,0.06559628248214722
327300,686,train,total,0.06644139438867569
327400,686,train,eikonal,0.0077806804329156876
327400,686,train,render,0.07842729240655899
327400,686,train,total,0.07920536398887634
327500,686,train,eikonal,0.009759260341525078
327500,686,train,render,0.07651866972446442
327500,686,train,total,0.07749459892511368
327600,686,train,eikonal,0.0068802377209067345
327600,686,train,render,0.0795983299612999
327600,686,train,total,0.08028635382652283
327700,687,train,eikonal,0.014608816243708134
327700,687,train,render,0.07684364914894104
327700,687,train,total,0.07830452919006348
327800,687,train,eikonal,0.013631652109324932
327800,687,train,render,0.06993835419416428
327800,687,train,total,0.07130151987075806
327900,687,train,eikonal,0.005924155004322529
327900,687,train,render,0.08132253587245941
327900,687,train,total,0.08191495388746262
328000,687,train,eikonal,0.02073582634329796
328000,687,train,render,0.06838993728160858
328000,687,train,total,0.07046352326869965
328100,687,train,eikonal,0.00829307921230793
328100,687,train,render,0.06993025541305542
328100,687,train,total,0.07075956463813782
328200,688,train,eikonal,0.00847848691046238
328200,688,train,render,0.08003783226013184
328200,688,train,total,0.08088567852973938
328300,688,train,eikonal,0.007729333825409412
328300,688,train,render,0.08715754747390747
328300,688,train,total,0.08793047815561295
328400,688,train,eikonal,0.008640221320092678
328400,688,train,render,0.07761649787425995
328400,688,train,total,0.07848051935434341
328500,688,train,eikonal,0.007969750091433525
328500,688,train,render,0.1227608323097229
328500,688,train,total,0.12355780601501465
328600,688,train,eikonal,0.006922625936567783
328600,688,train,render,0.0978277400135994
328600,688,train,total,0.09852000325918198
328700,689,train,eikonal,0.007567706983536482
328700,689,train,render,0.07093439996242523
328700,689,train,total,0.07169117033481598
328800,689,train,eikonal,0.006054499186575413
328800,689,train,render,0.06677199900150299
328800,689,train,total,0.06737744808197021
328900,689,train,eikonal,0.009274013340473175
328900,689,train,render,0.08083725720643997
328900,689,train,total,0.08176466077566147
329000,689,train,eikonal,0.008133679628372192
329000,689,train,render,0.0654747486114502
329000,689,train,total,0.06628811359405518
329100,689,train,eikonal,0.00907890871167183
329100,689,train,render,0.06315535306930542
329100,689,train,total,0.06406324356794357
329200,690,train,eikonal,0.012083074077963829
329200,690,train,render,0.07549315690994263
329200,690,train,total,0.07670146226882935
329300,690,train,eikonal,0.009211739525198936
329300,690,train,render,0.07311545312404633
329300,690,train,total,0.0740366280078888
329400,690,train,eikonal,0.006459468975663185
329400,690,train,render,0.07870452105998993
329400,690,train,total,0.07935047149658203
329500,690,train,eikonal,0.007754922844469547
329500,690,train,render,0.08210164308547974
329500,690,train,total,0.08287713676691055
329600,690,train,eikonal,0.008771520107984543
329600,690,train,render,0.06837473809719086
329600,690,train,total,0.0692518875002861
329700,691,train,eikonal,0.013857707381248474
329700,691,train,render,0.0791698694229126
329700,691,train,total,0.08055564016103745
329800,691,train,eikonal,0.008637494407594204
329800,691,train,render,0.07730887830257416
329800,691,train,total,0.07817262411117554
329900,691,train,eikonal,0.00754344230517745
329900,691,train,render,0.08756065368652344
329900,691,train,total,0.08831499516963959
330000,691,train,eikonal,0.007946720346808434
330000,691,train,render,0.07241818308830261
330000,691,train,total,0.07321285456418991
330100,692,train,eikonal,0.00835561566054821
330100,692,train,render,0.08156336098909378
330100,692,train,total,0.082398921251297
330200,692,train,eikonal,0.009005589410662651
330200,692,train,render,0.07939048111438751
330200,692,train,total,0.08029104024171829
330300,692,train,eikonal,0.006895371712744236
330300,692,train,render,0.0724894106388092
330300,692,train,total,0.07317894697189331
330400,692,train,eikonal,0.008411752991378307
330400,692,train,render,0.06938422471284866
330400,692,train,total,0.07022540271282196
330500,692,train,eikonal,0.008152907714247704
330500,692,train,render,0.08275213092565536
330500,692,train,total,0.08356741815805435
330600,693,train,eikonal,0.007965758442878723
330600,693,train,render,0.0823439508676529
330600,693,train,total,0.083140529692173
330700,693,train,eikonal,0.007878094911575317
330700,693,train,render,0.07695861160755157
330700,693,train,total,0.0777464210987091
330800,693,train,eikonal,0.00810592994093895
330800,693,train,render,0.08637422323226929
330800,693,train,total,0.08718481659889221
330900,693,train,eikonal,0.019464582204818726
330900,693,train,render,0.07552997767925262
330900,693,train,total,0.07747643440961838
331000,693,train,eikonal,0.008341674692928791
331000,693,train,render,0.11725166440010071
331000,693,train,total,0.1180858314037323
331100,694,train,eikonal,0.011332275345921516
331100,694,train,render,0.08202538639307022
331100,694,train,total,0.08315861225128174
331200,694,train,eikonal,0.011398239061236382
331200,694,train,render,0.06765042990446091
331200,694,train,total,0.0687902569770813
331300,694,train,eikonal,0.008063617162406445
331300,694,train,render,0.07282983511686325
331300,694,train,total,0.07363619655370712
331400,694,train,eikonal,0.008077306672930717
331400,694,train,render,0.09921645373106003
331400,694,train,total,0.10002418607473373
331500,694,train,eikonal,0.013494769111275673
331500,694,train,render,0.07019871473312378
331500,694,train,total,0.07154819369316101
331600,695,train,eikonal,0.00754481740295887
331600,695,train,render,0.07790432870388031
331600,695,train,total,0.0786588117480278
331700,695,train,eikonal,0.01551463920623064
331700,695,train,render,0.06585986912250519
331700,695,train,total,0.06741133332252502
331800,695,train,eikonal,0.008717142045497894
331800,695,train,render,0.06874004006385803
331800,695,train,total,0.06961175799369812
331900,695,train,eikonal,0.008925040252506733
331900,695,train,render,0.08000460267066956
331900,695,train,total,0.08089710772037506
332000,696,train,eikonal,0.009066997095942497
332000,696,train,render,0.07713642716407776
332000,696,train,total,0.0780431255698204
332100,696,train,eikonal,0.013246172107756138
332100,696,train,render,0.0718306303024292
332100,696,train,total,0.0731552466750145
332200,696,train,eikonal,0.007932031527161598
332200,696,train,render,0.08379510045051575
332200,696,train,total,0.08458830416202545
332300,696,train,eikonal,0.009532148018479347
332300,696,train,render,0.07083359360694885
332300,696,train,total,0.0717868059873581
332400,696,train,eikonal,0.007759828120470047
332400,696,train,render,0.07952233403921127
332400,696,train,total,0.08029831945896149
332500,697,train,eikonal,0.008486136794090271
332500,697,train,render,0.0764709860086441
332500,697,train,total,0.07731959968805313
332600,697,train,eikonal,0.009421952068805695
332600,697,train,render,0.06267650425434113
332600,697,train,total,0.06361869722604752
332700,697,train,eikonal,0.014145256951451302
332700,697,train,render,0.08257053047418594
332700,697,train,total,0.08398505300283432
332800,697,train,eikonal,0.009023874998092651
332800,697,train,render,0.12555250525474548
332800,697,train,total,0.1264548897743225
332900,697,train,eikonal,0.010968456044793129
332900,697,train,render,0.08425077795982361
332900,697,train,total,0.08534762263298035
333000,698,train,eikonal,0.0112704336643219
333000,698,train,render,0.0742311030626297
333000,698,train,total,0.07535814493894577
333100,698,train,eikonal,0.006375633180141449
333100,698,train,render,0.0759550929069519
333100,698,train,total,0.07659265398979187
333200,698,train,eikonal,0.007859529927372932
333200,698,train,render,0.07507394254207611
333200,698,train,total,0.07585989683866501
333300,698,train,eikonal,0.007272463291883469
333300,698,train,render,0.06895989924669266
333300,698,train,total,0.0696871429681778
333400,698,train,eikonal,0.014238876290619373
333400,698,train,render,0.07735083997249603
333400,698,train,total,0.07877472788095474
333500,699,train,eikonal,0.012350901961326599
333500,699,train,render,0.0764649361371994
333500,699,train,total,0.07770002633333206
333600,699,train,eikonal,0.0067373402416706085
333600,699,train,render,0.08304457366466522
333600,699,train,total,0.08371830731630325
333700,699,train,eikonal,0.007421121932566166
333700,699,train,render,0.07376112043857574
333700,699,train,total,0.07450323551893234
333800,699,train,eikonal,0.008998624049127102
333800,699,train,render,0.07095414400100708
333800,699,train,total,0.07185400277376175
333900,700,train,eikonal,0.013953382149338722
333900,700,train,render,0.07548607885837555
333900,700,train,total,0.07688141614198685
334000,700,train,eikonal,0.007033707574009895
334000,700,train,render,0.07965751737356186
334000,700,train,total,0.08036088943481445
334100,700,train,eikonal,0.014569627121090889
334100,700,train,render,0.0736355260014534
334100,700,train,total,0.07509248703718185
334200,700,train,eikonal,0.00998540036380291
334200,700,train,render,0.07123761624097824
334200,700,train,total,0.07223615795373917
334300,700,train,eikonal,0.008518480695784092
334300,700,train,render,0.07065717875957489
334300,700,train,total,0.07150902599096298
334400,701,train,eikonal,0.008008803240954876
334400,701,train,render,0.06768682599067688
334400,701,train,total,0.06848770380020142
334500,701,train,eikonal,0.01326991431415081
334500,701,train,render,0.07354509830474854
334500,701,train,total,0.07487209141254425
334600,701,train,eikonal,0.005984934978187084
334600,701,train,render,0.06890276074409485
334600,701,train,total,0.06950125098228455
334700,701,train,eikonal,0.008547198958694935
334700,701,train,render,0.08495919406414032
334700,701,train,total,0.08581391721963882
334800,701,train,eikonal,0.008355988189578056
334800,701,train,render,0.07209990173578262
334800,701,train,total,0.07293549925088882
334900,702,train,eikonal,0.00889590848237276
334900,702,train,render,0.08798477053642273
334900,702,train,total,0.08887436240911484
335000,702,train,eikonal,0.009616249240934849
335000,702,train,render,0.077204629778862
335000,702,train,total,0.07816625386476517
335100,702,train,eikonal,0.00851520523428917
335100,702,train,render,0.07253037393093109
335100,702,train,total,0.07338189333677292
335200,702,train,eikonal,0.009230954572558403
335200,702,train,render,0.08019934594631195
335200,702,train,total,0.08112244307994843
335300,702,train,eikonal,0.012079152278602123
335300,702,train,render,0.07862605154514313
335300,702,train,total,0.0798339694738388
335400,703,train,eikonal,0.008684745989739895
335400,703,train,render,0.08537931740283966
335400,703,train,total,0.08624779433012009
335500,703,train,eikonal,0.013918525539338589
335500,703,train,render,0.07863697409629822
335500,703,train,total,0.08002882450819016
335600,703,train,eikonal,0.009976837784051895
335600,703,train,render,0.07170045375823975
335600,703,train,total,0.07269813865423203
335700,703,train,eikonal,0.009291978552937508
335700,703,train,render,0.07188330590724945
335700,703,train,total,0.0728125050663948
335800,703,train,eikonal,0.009972682222723961
335800,703,train,render,0.07015690952539444
335800,703,train,total,0.07115417718887329
335900,704,train,eikonal,0.00672483816742897
335900,704,train,render,0.08128298074007034
335900,704,train,total,0.08195546269416809
336000,704,train,eikonal,0.013113449327647686
336000,704,train,render,0.06755571812391281
336000,704,train,total,0.06886706501245499
336100,704,train,eikonal,0.007186464034020901
336100,704,train,render,0.07555872201919556
336100,704,train,total,0.07627736777067184
336200,704,train,eikonal,0.007618916220963001
336200,704,train,render,0.06576360762119293
336200,704,train,total,0.06652549654245377
336300,705,train,eikonal,0.010294863022863865
336300,705,train,render,0.08487488329410553
336300,705,train,total,0.08590436726808548
336400,705,train,eikonal,0.009286623448133469
336400,705,train,render,0.07595089077949524
336400,705,train,total,0.07687955349683762
336500,705,train,eikonal,0.012169967405498028
336500,705,train,render,0.06498435139656067
336500,705,train,total,0.066201351583004
336600,705,train,eikonal,0.011166349053382874
336600,705,train,render,0.06920859217643738
336600,705,train,total,0.07032522559165955
336700,705,train,eikonal,0.012482669204473495
336700,705,train,render,0.07248879224061966
336700,705,train,total,0.07373706251382828
336800,706,train,eikonal,0.008759398013353348
336800,706,train,render,0.0905114933848381
336800,706,train,total,0.09138743579387665
336900,706,train,eikonal,0.0066779255867004395
336900,706,train,render,0.07313869148492813
336900,706,train,total,0.07380648702383041
337000,706,train,eikonal,0.006420408375561237
337000,706,train,render,0.07770264148712158
337000,706,train,total,0.0783446803689003
337100,706,train,eikonal,0.015324078500270844
337100,706,train,render,0.06866854429244995
337100,706,train,total,0.07020094990730286
337200,706,train,eikonal,0.013997686095535755
337200,706,train,render,0.07632522284984589
337200,706,train,total,0.07772499322891235
337300,707,train,eikonal,0.008958954364061356
337300,707,train,render,0.07866096496582031
337300,707,train,total,0.07955686002969742
337400,707,train,eikonal,0.009056523442268372
337400,707,train,render,0.09498486667871475
337400,707,train,total,0.09589052200317383
337500,707,train,eikonal,0.00892990455031395
337500,707,train,render,0.09084761142730713
337500,707,train,total,0.09174060076475143
337600,707,train,eikonal,0.00961206667125225
337600,707,train,render,0.08399443328380585
337600,707,train,total,0.08495564013719559
337700,707,train,eikonal,0.008967846632003784
337700,707,train,render,0.06494046747684479
337700,707,train,total,0.06583724915981293
337800,708,train,eikonal,0.01084445882588625
337800,708,train,render,0.06284628063440323
337800,708,train,total,0.06393072754144669
337900,708,train,eikonal,0.008604617789387703
337900,708,train,render,0.06357435882091522
337900,708,train,total,0.06443481892347336
338000,708,train,eikonal,0.007369633298367262
338000,708,train,render,0.07798804342746735
338000,708,train,total,0.07872501015663147
338100,708,train,eikonal,0.008219176903367043
338100,708,train,render,0.12957322597503662
338100,708,train,total,0.13039514422416687
338200,709,train,eikonal,0.0094944192096591
338200,709,train,render,0.07587355375289917
338200,709,train,total,0.07682299613952637
338300,709,train,eikonal,0.00903998501598835
338300,709,train,render,0.07366789877414703
338300,709,train,total,0.07457190006971359
338400,709,train,eikonal,0.012917017564177513
338400,709,train,render,0.0740327388048172
338400,709,train,total,0.07532443851232529
338500,709,train,eikonal,0.010844091884791851
338500,709,train,render,0.075937420129776
338500,709,train,total,0.07702182978391647
338600,709,train,eikonal,0.008326251991093159
338600,709,train,render,0.07076174765825272
338600,709,train,total,0.07159437239170074
338700,710,train,eikonal,0.014435222372412682
338700,710,train,render,0.07323434948921204
338700,710,train,total,0.07467786967754364
338800,710,train,eikonal,0.008276082575321198
338800,710,train,render,0.06962570548057556
338800,710,train,total,0.07045331597328186
338900,710,train,eikonal,0.010444657877087593
338900,710,train,render,0.13812366127967834
338900,710,train,total,0.1391681283712387
339000,710,train,eikonal,0.007615223526954651
339000,710,train,render,0.0689680278301239
339000,710,train,total,0.06972955167293549
339100,710,train,eikonal,0.01127597689628601
339100,710,train,render,0.07715755701065063
339100,710,train,total,0.07828515768051147
339200,711,train,eikonal,0.009218454360961914
339200,711,train,render,0.06979101896286011
339200,711,train,total,0.0707128643989563
339300,711,train,eikonal,0.00896044448018074
339300,711,train,render,0.06880002468824387
339300,711,train,total,0.06969606876373291
339400,711,train,eikonal,0.00745580717921257
339400,711,train,render,0.06209561228752136
339400,711,train,total,0.06284119188785553
339500,711,train,eikonal,0.008971610106527805
339500,711,train,render,0.07116072624921799
339500,711,train,total,0.07205788791179657
339600,711,train,eikonal,0.007622097618877888
339600,711,train,render,0.0769156813621521
339600,711,train,total,0.0776778906583786
339700,712,train,eikonal,0.008316476829349995
339700,712,train,render,0.06809812784194946
339700,712,train,total,0.0689297765493393
339800,712,train,eikonal,0.009904465638101101
339800,712,train,render,0.0812959372997284
339800,712,train,total,0.08228638023138046
339900,712,train,eikonal,0.011176586151123047
339900,712,train,render,0.08048620820045471
339900,712,train,total,0.08160386979579926
340000,712,train,eikonal,0.008292607963085175
340000,712,train,render,0.06610332429409027
340000,712,train,total,0.06693258881568909
340100,712,train,eikonal,0.0060769133269786835
340100,712,train,render,0.07583451271057129
340100,712,train,total,0.07644220441579819
340200,713,train,eikonal,0.006914015859365463
340200,713,train,render,0.07037504017353058
340200,713,train,total,0.07106643915176392
340300,713,train,eikonal,0.008365746587514877
340300,713,train,render,0.0591767393052578
340300,713,train,total,0.060013312846422195
340400,713,train,eikonal,0.005721758119761944
340400,713,train,render,0.07910844683647156
340400,713,train,total,0.07968062162399292
340500,713,train,eikonal,0.008401879109442234
340500,713,train,render,0.07251089811325073
340500,713,train,total,0.07335108518600464
340600,714,train,eikonal,0.008652156218886375
340600,714,train,render,0.07009661197662354
340600,714,train,total,0.07096182554960251
340700,714,train,eikonal,0.008605063892900944
340700,714,train,render,0.07815273106098175
340700,714,train,total,0.07901323586702347
340800,714,train,eikonal,0.008413608185946941
340800,714,train,render,0.07920534163713455
340800,714,train,total,0.08004670590162277
340900,714,train,eikonal,0.00855426024645567
340900,714,train,render,0.06771977245807648
340900,714,train,total,0.06857519596815109
341000,714,train,eikonal,0.008519848808646202
341000,714,train,render,0.07070012390613556
341000,714,train,total,0.0715521052479744
341100,715,train,eikonal,0.014396341517567635
341100,715,train,render,0.1447981894016266
341100,715,train,total,0.1462378203868866
341200,715,train,eikonal,0.008331399410963058
341200,715,train,render,0.07136569172143936
341200,715,train,total,0.07219883054494858
341300,715,train,eikonal,0.01590081863105297
341300,715,train,render,0.07211977243423462
341300,715,train,total,0.07370985299348831
341400,715,train,eikonal,0.008378216996788979
341400,715,train,render,0.07740027457475662
341400,715,train,total,0.0782380998134613
341500,715,train,eikonal,0.012913336977362633
341500,715,train,render,0.08686394989490509
341500,715,train,total,0.08815528452396393
341600,716,train,eikonal,0.012891469523310661
341600,716,train,render,0.07486869394779205
341600,716,train,total,0.0761578381061554
341700,716,train,eikonal,0.013757854700088501
341700,716,train,render,0.07661886513233185
341700,716,train,total,0.07799465209245682
341800,716,train,eikonal,0.00977492518723011
341800,716,train,render,0.07858601212501526
341800,716,train,total,0.07956350594758987
