iteration,epoch,mode,loss,value
0,0,val,render,0.17717434465885162
0,0,val,total,0.17717434465885162
100,0,train,eikonal,0.0041209133341908455
100,0,train,render,0.5539929866790771
100,0,train,total,0.5544050931930542
200,0,train,eikonal,0.006105082109570503
200,0,train,render,0.6141698360443115
200,0,train,total,0.6147803664207458
399200,836,train,eikonal,0.06707902252674103
399200,836,train,render,0.10321329534053802
399200,836,train,total,0.10992119461297989
399300,837,train,eikonal,0.06443943828344345
399300,837,train,render,0.10830673575401306
399300,837,train,total,0.1147506833076477
399400,837,train,eikonal,0.030175084248185158
399400,837,train,render,0.2954401969909668
399400,837,train,total,0.29845771193504333
399500,837,train,eikonal,0.06505090743303299
399500,837,train,render,0.10564607381820679
399500,837,train,total,0.11215116083621979
399600,837,train,eikonal,0.03533876687288284
399600,837,train,render,0.24883908033370972
399600,837,train,total,0.25237295031547546
399700,837,train,eikonal,0.04870264232158661
399700,837,train,render,0.21100839972496033
399700,837,train,total,0.2158786654472351
399800,838,train,eikonal,0.06513451784849167
399800,838,train,render,0.09721238911151886
399800,838,train,total,0.1037258431315422
399900,838,train,eikonal,0.03582408279180527
399900,838,train,render,0.2990320324897766
399900,838,train,total,0.3026144504547119
400000,838,train,eikonal,0.04758317023515701
400000,838,train,render,0.200050950050354
400000,838,train,total,0.2048092633485794
400100,838,train,eikonal,0.06041254475712776
400100,838,train,render,0.13083654642105103
400100,838,train,total,0.13687780499458313
400200,838,train,eikonal,0.05320904403924942
400200,838,train,render,0.20271916687488556
400200,838,train,total,0.20804007351398468
400300,839,train,eikonal,0.07270556688308716
400300,839,train,render,0.10029745101928711
400300,839,train,total,0.10756801068782806
400400,839,train,eikonal,0.07085444033145905
400400,839,train,render,0.09068982303142548
400400,839,train,total,0.09777526557445526
400500,839,train,eikonal,0.028967080637812614
400500,839,train,render,0.32298439741134644
400500,839,train,total,0.32588109374046326
400600,839,train,eikonal,0.05713465437293053
400600,839,train,render,0.17387136816978455
400600,839,train,total,0.1795848309993744
400700,840,train,eikonal,0.07243490219116211
400700,840,train,render,0.10054544359445572
400700,840,train,total,0.10778893530368805
400800,840,train,eikonal,0.05431240051984787
400800,840,train,render,0.15757158398628235
400800,840,train,total,0.16300281882286072
400900,840,train,eikonal,0.05215315520763397
400900,840,train,render,0.20929747819900513
400900,840,train,total,0.21451279520988464
401000,840,train,eikonal,0.051802948117256165
401000,840,train,render,0.1988409459590912
401000,840,train,total,0.20402124524116516
401100,840,train,eikonal,0.07455721497535706
401100,840,train,render,0.10427813977003098
401100,840,train,total,0.11173386126756668
401200,841,train,eikonal,0.028146663680672646
401200,841,train,render,0.2821539044380188
401200,841,train,total,0.2849685847759247
401300,841,train,eikonal,0.04908547177910805
401300,841,train,render,0.2033313810825348
401300,841,train,total,0.20823992788791656
401400,841,train,eikonal,0.06737565994262695
401400,841,train,render,0.0929945707321167
401400,841,train,total,0.09973213821649551
401500,841,train,eikonal,0.03494004160165787
401500,841,train,render,0.2689915895462036
401500,841,train,total,0.2724855840206146
401600,841,train,eikonal,0.04864049702882767
401600,841,train,render,0.20439107716083527
401600,841,train,total,0.2092551290988922
401700,842,train,eikonal,0.03080318123102188
401700,842,train,render,0.31075072288513184
401700,842,train,total,0.31383103132247925
401800,842,train,eikonal,0.04792145639657974
401800,842,train,render,0.18038856983184814
401800,842,train,total,0.18518070876598358
401900,842,train,eikonal,0.04778065159916878
401900,842,train,render,0.23591186106204987
401900,842,train,total,0.2406899333000183
402000,842,train,eikonal,0.05739952623844147
402000,842,train,render,0.16315844655036926
402000,842,train,total,0.16889840364456177
402100,842,train,eikonal,0.07615262269973755
402100,842,train,render,0.09075047820806503
402100,842,train,total,0.09836573898792267
402200,843,train,eikonal,0.04851735755801201
402200,843,train,render,0.1819142997264862
402200,843,train,total,0.18676602840423584
402300,843,train,eikonal,0.07223550230264664
402300,843,train,render,0.08719506859779358
402300,843,train,total,0.09441861510276794
402400,843,train,eikonal,0.052057310938835144
402400,843,train,render,0.17663216590881348
402400,843,train,total,0.18183790147304535
402500,843,train,eikonal,0.049570463597774506
402500,843,train,render,0.17120546102523804
402500,843,train,total,0.1761625111103058
402600,844,train,eikonal,0.06510373950004578
402600,844,train,render,0.11196492612361908
402600,844,train,total,0.1184753030538559
402700,844,train,eikonal,0.03940736874938011
402700,844,train,render,0.22555658221244812
402700,844,train,total,0.22949731349945068
402800,844,train,eikonal,0.04939540475606918
402800,844,train,render,0.21196138858795166
402800,844,train,total,0.21690092980861664
402900,844,train,eikonal,0.05136656388640404
402900,844,train,render,0.22571182250976562
402900,844,train,total,0.23084847629070282
403000,844,train,eikonal,0.04475250840187073
403000,844,train,render,0.18235814571380615
403000,844,train,total,0.18683339655399323
403100,845,train,eikonal,0.058309558779001236
403100,845,train,render,0.16913963854312897
403100,845,train,total,0.1749705970287323
403200,845,train,eikonal,0.06509050726890564
403200,845,train,render,0.1028011366724968
403200,845,train,total,0.10931018739938736
403300,845,train,eikonal,0.06945584714412689
403300,845,train,render,0.09384921193122864
403300,845,train,total,0.10079479962587357
403400,845,train,eikonal,0.051173124462366104
403400,845,train,render,0.1654333472251892
403400,845,train,total,0.1705506592988968
403500,845,train,eikonal,0.03256964311003685
403500,845,train,render,0.309055894613266
403500,845,train,total,0.31231287121772766
403600,846,train,eikonal,0.06494873762130737
403600,846,train,render,0.09275747835636139
403600,846,train,total,0.09925235062837601
403700,846,train,eikonal,0.0713682547211647
403700,846,train,render,0.09042385220527649
403700,846,train,total,0.09756067395210266
403800,846,train,eikonal,0.05084722489118576
403800,846,train,render,0.1902458220720291
403800,846,train,total,0.19533054530620575
403900,846,train,eikonal,0.04165349900722504
403900,846,train,render,0.24029579758644104
403900,846,train,total,0.24446114897727966
404000,846,train,eikonal,0.030918506905436516
404000,846,train,render,0.31308573484420776
404000,846,train,total,0.3161775767803192
404100,847,train,eikonal,0.057790860533714294
404100,847,train,render,0.16242888569831848
404100,847,train,total,0.16820797324180603
404200,847,train,eikonal,0.05409420654177666
404200,847,train,render,0.16063928604125977
404200,847,train,total,0.16604870557785034
404300,847,train,eikonal,0.05619494616985321
404300,847,train,render,0.14409375190734863
404300,847,train,total,0.14971324801445007
404400,847,train,eikonal,0.03062892146408558
404400,847,train,render,0.29929661750793457
404400,847,train,total,0.30235952138900757
404500,848,train,eikonal,0.05608286336064339
404500,848,train,render,0.13949701189994812
404500,848,train,total,0.1451053023338318
404600,848,train,eikonal,0.041113413870334625
404600,848,train,render,0.25954633951187134
404600,848,train,total,0.26365768909454346
404700,848,train,eikonal,0.0347067266702652
404700,848,train,render,0.2930614948272705
404700,848,train,total,0.29653215408325195
404800,848,train,eikonal,0.0313858836889267
404800,848,train,render,0.292510062456131
404800,848,train,total,0.2956486642360687
404900,848,train,eikonal,0.049501776695251465
404900,848,train,render,0.22374652326107025
404900,848,train,total,0.22869670391082764
405000,849,train,eikonal,0.048817988485097885
405000,849,train,render,0.1724531501531601
405000,849,train,total,0.1773349493741989
405100,849,train,eikonal,0.06805644929409027
405100,849,train,render,0.10863742232322693
405100,849,train,total,0.11544306576251984
405200,849,train,eikonal,0.06498447805643082
405200,849,train,render,0.08397503197193146
405200,849,train,total,0.0904734805226326
405300,849,train,eikonal,0.04867143929004669
405300,849,train,render,0.2136509120464325
405300,849,train,total,0.21851804852485657
405400,849,train,eikonal,0.0663766860961914
405400,849,train,render,0.09274023771286011
405400,849,train,total,0.09937790781259537
405500,850,train,eikonal,0.06573493778705597
405500,850,train,render,0.10434269160032272
405500,850,train,total,0.11091618239879608
405600,850,train,eikonal,0.02937423437833786
405600,850,train,render,0.2997586131095886
405600,850,train,total,0.3026960492134094
405700,850,train,eikonal,0.05008682608604431
405700,850,train,render,0.19329017400741577
405700,850,train,total,0.1982988566160202
405800,850,train,eikonal,0.06004895642399788
405800,850,train,render,0.10781020671129227
405800,850,train,total,0.11381509900093079
405900,850,train,eikonal,0.047189779579639435
405900,850,train,render,0.2046198695898056
405900,850,train,total,0.20933884382247925
406000,851,train,eikonal,0.03398095443844795
406000,851,train,render,0.28155121207237244
406000,851,train,total,0.28494930267333984
406100,851,train,eikonal,0.048980895429849625
406100,851,train,render,0.18530428409576416
406100,851,train,total,0.19020237028598785
406200,851,train,eikonal,0.07072825729846954
406200,851,train,render,0.0857047289609909
406200,851,train,total,0.0927775576710701
406300,851,train,eikonal,0.050730228424072266
406300,851,train,render,0.19107967615127563
406300,851,train,total,0.1961527019739151
406400,851,train,eikonal,0.05829472094774246
406400,851,train,render,0.13761018216609955
406400,851,train,total,0.1434396505355835
406500,852,train,eikonal,0.0653558075428009
406500,852,train,render,0.09667778015136719
406500,852,train,total,0.1032133623957634
406600,852,train,eikonal,0.03477415069937706
406600,852,train,render,0.2771795690059662
406600,852,train,total,0.28065699338912964
406700,852,train,eikonal,0.07250308245420456
406700,852,train,render,0.09879487752914429
406700,852,train,total,0.1060451865196228
406800,852,train,eikonal,0.052083298563957214
406800,852,train,render,0.21727615594863892
406800,852,train,total,0.22248448431491852
406900,853,train,eikonal,0.04842681437730789
406900,853,train,render,0.19958259165287018
406900,853,train,total,0.20442527532577515
407000,853,train,eikonal,0.025346120819449425
407000,853,train,render,0.3099370002746582
407000,853,train,total,0.3124715983867645
407100,853,train,eikonal,0.06594081223011017
407100,853,train,render,0.09365266561508179
407100,853,train,total,0.10024674981832504
407200,853,train,eikonal,0.03003382310271263
407200,853,train,render,0.3156237006187439
407200,853,train,total,0.31862708926200867
407300,853,train,eikonal,0.050455644726753235
407300,853,train,render,0.2044299840927124
407300,853,train,total,0.2094755470752716
407400,854,train,eikonal,0.047674231231212616
407400,854,train,render,0.18991947174072266
407400,854,train,total,0.1946868896484375
407500,854,train,eikonal,0.05103757604956627
407500,854,train,render,0.20680435001850128
407500,854,train,total,0.21190810203552246
407600,854,train,eikonal,0.04638480395078659
407600,854,train,render,0.21599909663200378
407600,854,train,total,0.22063757479190826
407700,854,train,eikonal,0.06557124853134155
407700,854,train,render,0.09352301061153412
407700,854,train,total,0.10008013248443604
407800,854,train,eikonal,0.039255522191524506
407800,854,train,render,0.2709353566169739
407800,854,train,total,0.2748609185218811
407900,855,train,eikonal,0.0496358796954155
407900,855,train,render,0.20477411150932312
407900,855,train,total,0.20973770320415497
408000,855,train,eikonal,0.06558361649513245
408000,855,train,render,0.12584762275218964
408000,855,train,total,0.13240598142147064
408100,855,train,eikonal,0.07047172635793686
408100,855,train,render,0.0940932109951973
408100,855,train,total,0.10114037990570068
408200,855,train,eikonal,0.035931844264268875
408200,855,train,render,0.2736673355102539
408200,855,train,total,0.27726051211357117
408300,855,train,eikonal,0.0488775297999382
408300,855,train,render,0.17466630041599274
408300,855,train,total,0.1795540601015091
408400,856,train,eikonal,0.02798554301261902
408400,856,train,render,0.30227988958358765
408400,856,train,total,0.3050784468650818
408500,856,train,eikonal,0.06943108886480331
408500,856,train,render,0.10254648327827454
408500,856,train,total,0.10948958992958069
408600,856,train,eikonal,0.05422767996788025
408600,856,train,render,0.15722262859344482
408600,856,train,total,0.1626453995704651
408700,856,train,eikonal,0.05743249133229256
408700,856,train,render,0.13682188093662262
408700,856,train,total,0.14256513118743896
408800,857,train,eikonal,0.046896353363990784
408800,857,train,render,0.23480835556983948
408800,857,train,total,0.23949798941612244
408900,857,train,eikonal,0.07017286866903305
408900,857,train,render,0.10671010613441467
408900,857,train,total,0.1137273907661438
409000,857,train,eikonal,0.05295311659574509
409000,857,train,render,0.15204018354415894
409000,857,train,total,0.15733548998832703
409100,857,train,eikonal,0.055323682725429535
409100,857,train,render,0.1894344538450241
409100,857,train,total,0.19496682286262512
409200,857,train,eikonal,0.056235797703266144
409200,857,train,render,0.18076470494270325
409200,857,train,total,0.1863882839679718
409300,858,train,eikonal,0.06453780084848404
409300,858,train,render,0.08531853556632996
409300,858,train,total,0.09177231788635254
409400,858,train,eikonal,0.06967054307460785
409400,858,train,render,0.0995284840464592
409400,858,train,total,0.10649553686380386
409500,858,train,eikonal,0.03286946937441826
409500,858,train,render,0.30481523275375366
409500,858,train,total,0.30810219049453735
409600,858,train,eikonal,0.06888289749622345
409600,858,train,render,0.10380025953054428
409600,858,train,total,0.11068855226039886
409700,858,train,eikonal,0.05522696301341057
409700,858,train,render,0.14650042355060577
409700,858,train,total,0.15202312171459198
409800,859,train,eikonal,0.02321786805987358
409800,859,train,render,0.35267478227615356
409800,859,train,total,0.35499656200408936
409900,859,train,eikonal,0.04955517500638962
409900,859,train,render,0.18244120478630066
409900,859,train,total,0.18739672005176544
410000,859,train,eikonal,0.07070505619049072
410000,859,train,render,0.09231896698474884
410000,859,train,total,0.0993894711136818
410100,859,train,eikonal,0.03396555781364441
410100,859,train,render,0.2786409854888916
410100,859,train,total,0.28203755617141724
410200,859,train,eikonal,0.06832510232925415
410200,859,train,render,0.09377411752939224
410200,859,train,total,0.10060662776231766
410300,860,train,eikonal,0.04415047913789749
410300,860,train,render,0.24581632018089294
410300,860,train,total,0.2502313554286957
410400,860,train,eikonal,0.04244009405374527
410400,860,train,render,0.22298288345336914
410400,860,train,total,0.22722689807415009
410500,860,train,eikonal,0.050110943615436554
410500,860,train,render,0.19422131776809692
410500,860,train,total,0.19923241436481476
410600,860,train,eikonal,0.06934373825788498
410600,860,train,render,0.10054756700992584
410600,860,train,total,0.1074819415807724
410700,861,train,eikonal,0.06767606735229492
410700,861,train,render,0.08984747529029846
410700,861,train,total,0.09661508351564407
410800,861,train,eikonal,0.05136352777481079
410800,861,train,render,0.20944350957870483
410800,861,train,total,0.21457986533641815
410900,861,train,eikonal,0.0429987832903862
410900,861,train,render,0.2082700878381729
410900,861,train,total,0.2125699669122696
411000,861,train,eikonal,0.050213348120450974
411000,861,train,render,0.18689310550689697
411000,861,train,total,0.19191443920135498
411100,861,train,eikonal,0.04766704514622688
411100,861,train,render,0.18432317674160004
411100,861,train,total,0.18908987939357758
411200,862,train,eikonal,0.04577477648854256
411200,862,train,render,0.19676153361797333
411200,862,train,total,0.2013390064239502
411300,862,train,eikonal,0.04906725883483887
411300,862,train,render,0.21259450912475586
411300,862,train,total,0.21750123798847198
411400,862,train,eikonal,0.06755252182483673
411400,862,train,render,0.10442395508289337
411400,862,train,total,0.11117921024560928
411500,862,train,eikonal,0.024310989305377007
411500,862,train,render,0.3334311246871948
411500,862,train,total,0.3358622193336487
411600,862,train,eikonal,0.049668483436107635
411600,862,train,render,0.17883312702178955
411600,862,train,total,0.18379998207092285
411700,863,train,eikonal,0.040117863565683365
411700,863,train,render,0.2546679973602295
411700,863,train,total,0.2586797773838043
411800,863,train,eikonal,0.060311757028102875
411800,863,train,render,0.10893647372722626
411800,863,train,total,0.11496765166521072
411900,863,train,eikonal,0.02883322536945343
411900,863,train,render,0.29510200023651123
411900,863,train,total,0.297985315322876
412000,863,train,eikonal,0.05152411013841629
412000,863,train,render,0.2015880048274994
412000,863,train,total,0.20674040913581848
412100,863,train,eikonal,0.05008365213871002
412100,863,train,render,0.17466405034065247
412100,863,train,total,0.17967242002487183
412200,864,train,eikonal,0.05429033935070038
412200,864,train,render,0.174648717045784
412200,864,train,total,0.18007774651050568
412300,864,train,eikonal,0.07142514735460281
412300,864,train,render,0.10071256756782532
412300,864,train,total,0.10785508155822754
412400,864,train,eikonal,0.04919815436005592
412400,864,train,render,0.210816890001297
412400,864,train,total,0.21573670208454132
412500,864,train,eikonal,0.03976622223854065
412500,864,train,render,0.24851734936237335
412500,864,train,total,0.2524939775466919
412600,864,train,eikonal,0.05076197534799576
412600,864,train,render,0.17419910430908203
412600,864,train,total,0.1792753040790558
412700,865,train,eikonal,0.07402148842811584
412700,865,train,render,0.0830737054347992
412700,865,train,total,0.09047585725784302
412800,865,train,eikonal,0.07459563761949539
412800,865,train,render,0.09846451878547668
412800,865,train,total,0.1059240847826004
412900,865,train,eikonal,0.07281740009784698
412900,865,train,render,0.0977201759815216
412900,865,train,total,0.10500191897153854
413000,865,train,eikonal,0.07196912169456482
413000,865,train,render,0.09054489433765411
413000,865,train,total,0.09774180501699448
413100,866,train,eikonal,0.07237240672111511
413100,866,train,render,0.09574122726917267
413100,866,train,total,0.10297846794128418
413200,866,train,eikonal,0.055000439286231995
413200,866,train,render,0.16170188784599304
413200,866,train,total,0.1672019362449646
413300,866,train,eikonal,0.03341764211654663
413300,866,train,render,0.30511224269866943
413300,866,train,total,0.3084540069103241
413400,866,train,eikonal,0.048857394605875015
413400,866,train,render,0.20832927525043488
413400,866,train,total,0.21321500837802887
413500,866,train,eikonal,0.053545285016298294
413500,866,train,render,0.2175789177417755
413500,866,train,total,0.22293344140052795
413600,867,train,eikonal,0.06806837022304535
413600,867,train,render,0.1152612715959549
413600,867,train,total,0.12206810712814331
413700,867,train,eikonal,0.05135166645050049
413700,867,train,render,0.2045471966266632
413700,867,train,total,0.20968236029148102
413800,867,train,eikonal,0.05132065713405609
413800,867,train,render,0.17169323563575745
413800,867,train,total,0.17682529985904694
413900,867,train,eikonal,0.0583900548517704
413900,867,train,render,0.15536975860595703
413900,867,train,total,0.16120876371860504
414000,867,train,eikonal,0.03354762867093086
414000,867,train,render,0.2946327030658722
414000,867,train,total,0.2979874610900879
414100,868,train,eikonal,0.06927342712879181
414100,868,train,render,0.11300629377365112
414100,868,train,total,0.11993363499641418
414200,868,train,eikonal,0.046015236526727676
414200,868,train,render,0.21232464909553528
414200,868,train,total,0.21692617237567902
414300,868,train,eikonal,0.055429041385650635
414300,868,train,render,0.1478961557149887
414300,868,train,total,0.15343905985355377
414400,868,train,eikonal,0.04682007431983948
414400,868,train,render,0.2006804347038269
414400,868,train,total,0.2053624391555786
414500,868,train,eikonal,0.06868677586317062
414500,868,train,render,0.10122513771057129
414500,868,train,total,0.10809381306171417
414600,869,train,eikonal,0.06269991397857666
414600,869,train,render,0.09924197942018509
414600,869,train,total,0.10551197081804276
414700,869,train,eikonal,0.05186504125595093
414700,869,train,render,0.1806870698928833
414700,869,train,total,0.18587356805801392
414800,869,train,eikonal,0.05494559556245804
414800,869,train,render,0.19305819272994995
414800,869,train,total,0.19855275750160217
414900,869,train,eikonal,0.070341557264328
414900,869,train,render,0.10275401920080185
414900,869,train,total,0.10978817194700241
415000,870,train,eikonal,0.07065471261739731
415000,870,train,render,0.09562712907791138
415000,870,train,total,0.1026926040649414
415100,870,train,eikonal,0.050881531089544296
415100,870,train,render,0.22666531801223755
415100,870,train,total,0.23175346851348877
415200,870,train,eikonal,0.06322947144508362
415200,870,train,render,0.09396196901798248
415200,870,train,total,0.10028491914272308
415300,870,train,eikonal,0.0683361291885376
415300,870,train,render,0.10424602031707764
415300,870,train,total,0.1110796332359314
415400,870,train,eikonal,0.05249783769249916
415400,870,train,render,0.19109618663787842
415400,870,train,total,0.1963459700345993
415500,871,train,eikonal,0.06940431892871857
415500,871,train,render,0.1012871190905571
415500,871,train,total,0.10822755098342896
415600,871,train,eikonal,0.07022033631801605
415600,871,train,render,0.09217744320631027
415600,871,train,total,0.09919947385787964
415700,871,train,eikonal,0.07047583162784576
415700,871,train,render,0.09981738030910492
415700,871,train,total,0.10686496645212173
415800,871,train,eikonal,0.04714471846818924
415800,871,train,render,0.2200894057750702
415800,871,train,total,0.2248038798570633
415900,871,train,eikonal,0.045225415378808975
415900,871,train,render,0.19919465482234955
415900,871,train,total,0.2037172019481659
416000,872,train,eikonal,0.03279346227645874
416000,872,train,render,0.2994216978549957
416000,872,train,total,0.30270105600357056
416100,872,train,eikonal,0.05607807636260986
416100,872,train,render,0.14435768127441406
416100,872,train,total,0.14996549487113953
416200,872,train,eikonal,0.0346955731511116
416200,872,train,render,0.2880443334579468
416200,872,train,total,0.2915138900279999
416300,872,train,eikonal,0.05145532265305519
416300,872,train,render,0.186949223279953
416300,872,train,total,0.19209475815296173
416400,872,train,eikonal,0.03132231906056404
416400,872,train,render,0.2948499619960785
416400,872,train,total,0.29798218607902527
416500,873,train,eikonal,0.053395334631204605
416500,873,train,render,0.16267603635787964
416500,873,train,total,0.16801556944847107
416600,873,train,eikonal,0.06822541356086731
416600,873,train,render,0.08460286259651184
416600,873,train,total,0.09142540395259857
416700,873,train,eikonal,0.06572125107049942
416700,873,train,render,0.08571244776248932
416700,873,train,total,0.09228457510471344
416800,873,train,eikonal,0.06884125620126724
416800,873,train,render,0.09795572608709335
416800,873,train,total,0.10483985394239426
416900,874,train,eikonal,0.05362730473279953
416900,874,train,render,0.18646666407585144
416900,874,train,total,0.1918293982744217
417000,874,train,eikonal,0.04904616251587868
417000,874,train,render,0.1947944015264511
417000,874,train,total,0.1996990144252777
417100,874,train,eikonal,0.049435410648584366
417100,874,train,render,0.2020048052072525
417100,874,train,total,0.20694833993911743
417200,874,train,eikonal,0.036485135555267334
417200,874,train,render,0.260356605052948
417200,874,train,total,0.2640051245689392
417300,874,train,eikonal,0.05726916342973709
417300,874,train,render,0.14576029777526855
417300,874,train,total,0.15148721635341644
417400,875,train,eikonal,0.07004561275243759
417400,875,train,render,0.09102015197277069
417400,875,train,total,0.09802471101284027
417500,875,train,eikonal,0.04926353320479393
417500,875,train,render,0.17115047574043274
417500,875,train,total,0.17607682943344116
417600,875,train,eikonal,0.0386938601732254
417600,875,train,render,0.2654227018356323
417600,875,train,total,0.26929208636283875
417700,875,train,eikonal,0.04724875092506409
417700,875,train,render,0.1879965215921402
417700,875,train,total,0.1927213966846466
417800,875,train,eikonal,0.05163028836250305
417800,875,train,render,0.22743768990039825
417800,875,train,total,0.23260071873664856
417900,876,train,eikonal,0.05446065962314606
417900,876,train,render,0.18599852919578552
417900,876,train,total,0.19144459068775177
418000,876,train,eikonal,0.06553976237773895
418000,876,train,render,0.0907331109046936
418000,876,train,total,0.09728708863258362
418100,876,train,eikonal,0.043910808861255646
418100,876,train,render,0.20076553523540497
418100,876,train,total,0.205156609416008
418200,876,train,eikonal,0.059407394379377365
418200,876,train,render,0.13655689358711243
418200,876,train,total,0.14249762892723083
418300,876,train,eikonal,0.05000612139701843
418300,876,train,render,0.22228819131851196
418300,876,train,total,0.22728879749774933
418400,877,train,eikonal,0.050587281584739685
418400,877,train,render,0.21299730241298676
418400,877,train,total,0.21805602312088013
418500,877,train,eikonal,0.032885827124118805
418500,877,train,render,0.31515464186668396
418500,877,train,total,0.318443238735199
418600,877,train,eikonal,0.07066691666841507
418600,877,train,render,0.10596436262130737
418600,877,train,total,0.1130310520529747
418700,877,train,eikonal,0.038081634789705276
418700,877,train,render,0.24881744384765625
418700,877,train,total,0.25262561440467834
418800,877,train,eikonal,0.06877738237380981
418800,877,train,render,0.10168418288230896
418800,877,train,total,0.1085619181394577
418900,878,train,eikonal,0.06684336066246033
418900,878,train,render,0.0990033969283104
418900,878,train,total,0.10568773001432419
419000,878,train,eikonal,0.04823247343301773
419000,878,train,render,0.19449150562286377
419000,878,train,total,0.19931475818157196
419100,878,train,eikonal,0.04792633652687073
419100,878,train,render,0.20070093870162964
419100,878,train,total,0.20549356937408447
419200,878,train,eikonal,0.061865437775850296
419200,878,train,render,0.1042541116476059
419200,878,train,total,0.11044065654277802
419300,879,train,eikonal,0.06142418086528778
419300,879,train,render,0.15287357568740845
419300,879,train,total,0.15901599824428558
419400,879,train,eikonal,0.05110194534063339
419400,879,train,render,0.21428413689136505
419400,879,train,total,0.21939432621002197
419500,879,train,eikonal,0.02613675594329834
419500,879,train,render,0.3392566740512848
419500,879,train,total,0.34187033772468567
419600,879,train,eikonal,0.051395587623119354
419600,879,train,render,0.1820673644542694
419600,879,train,total,0.1872069239616394
419700,879,train,eikonal,0.03095715306699276
419700,879,train,render,0.3492516279220581
419700,879,train,total,0.35234734416007996
419800,880,train,eikonal,0.07191069424152374
419800,880,train,render,0.11200496554374695
419800,880,train,total,0.11919603496789932
419900,880,train,eikonal,0.051652081310749054
419900,880,train,render,0.16010600328445435
419900,880,train,total,0.16527120769023895
420000,880,train,eikonal,0.029609620571136475
420000,880,train,render,0.28523069620132446
420000,880,train,total,0.28819164633750916
420100,880,train,eikonal,0.04924742132425308
420100,880,train,render,0.16646116971969604
420100,880,train,total,0.17138591408729553
420200,880,train,eikonal,0.07688610255718231
420200,880,train,render,0.08875468373298645
420200,880,train,total,0.0964432954788208
420300,881,train,eikonal,0.07139861583709717
420300,881,train,render,0.09500056505203247
420300,881,train,total,0.10214042663574219
420400,881,train,eikonal,0.0696198120713234
420400,881,train,render,0.09157076478004456
420400,881,train,total,0.09853274375200272
420500,881,train,eikonal,0.06378455460071564
420500,881,train,render,0.08739148080348969
420500,881,train,total,0.09376993775367737
420600,881,train,eikonal,0.055810004472732544
420600,881,train,render,0.1927773803472519
420600,881,train,total,0.19835838675498962
420700,881,train,eikonal,0.05345865339040756
420700,881,train,render,0.16786953806877136
420700,881,train,total,0.17321540415287018
420800,882,train,eikonal,0.027765702456235886
420800,882,train,render,0.30776292085647583
420800,882,train,total,0.31053948402404785
420900,882,train,eikonal,0.06685967743396759
420900,882,train,render,0.12756198644638062
420900,882,train,total,0.13424795866012573
421000,882,train,eikonal,0.07062709331512451
421000,882,train,render,0.10303997993469238
421000,882,train,total,0.11010269075632095
421100,882,train,eikonal,0.05384247004985809
421100,882,train,render,0.19277183711528778
421100,882,train,total,0.19815608859062195
421200,883,train,eikonal,0.0352521687746048
421200,883,train,render,0.31939786672592163
421200,883,train,total,0.32292309403419495
421300,883,train,eikonal,0.03477032482624054
421300,883,train,render,0.2782471477985382
421300,883,train,total,0.2817241847515106
421400,883,train,eikonal,0.059531521052122116
421400,883,train,render,0.16038542985916138
421400,883,train,total,0.16633857786655426
421500,883,train,eikonal,0.031281545758247375
421500,883,train,render,0.3591417670249939
421500,883,train,total,0.36226990818977356
421600,883,train,eikonal,0.057233572006225586
421600,883,train,render,0.1446504145860672
421600,883,train,total,0.15037377178668976
421700,884,train,eikonal,0.045312393456697464
421700,884,train,render,0.23089845478534698
421700,884,train,total,0.23542968928813934
421800,884,train,eikonal,0.07008402049541473
421800,884,train,render,0.08188202977180481
421800,884,train,total,0.0888904333114624
421900,884,train,eikonal,0.059983134269714355
421900,884,train,render,0.127792090177536
421900,884,train,total,0.13379040360450745
422000,884,train,eikonal,0.06013497710227966
422000,884,train,render,0.1499509960412979
422000,884,train,total,0.15596449375152588
422100,884,train,eikonal,0.0468623973429203
422100,884,train,render,0.20129410922527313
422100,884,train,total,0.2059803456068039
422200,885,train,eikonal,0.051251161843538284
422200,885,train,render,0.1847999095916748
422200,885,train,total,0.18992502987384796
422300,885,train,eikonal,0.06910087168216705
422300,885,train,render,0.09130026400089264
422300,885,train,total,0.09821034967899323
422400,885,train,eikonal,0.060891490429639816
422400,885,train,render,0.13061444461345673
422400,885,train,total,0.13670359551906586
422500,885,train,eikonal,0.06667465716600418
422500,885,train,render,0.09522248804569244
422500,885,train,total,0.1018899530172348
422600,885,train,eikonal,0.06410160660743713
422600,885,train,render,0.0979914665222168
422600,885,train,total,0.10440162569284439
422700,886,train,eikonal,0.042422834783792496
422700,886,train,render,0.22286882996559143
422700,886,train,total,0.2271111160516739
422800,886,train,eikonal,0.048955176025629044
422800,886,train,render,0.19525118172168732
422800,886,train,total,0.20014670491218567
422900,886,train,eikonal,0.06750286370515823
422900,886,train,render,0.11148260533809662
422900,886,train,total,0.11823289096355438
423000,886,train,eikonal,0.059087805449962616
423000,886,train,render,0.14229154586791992
423000,886,train,total,0.14820033311843872
423100,887,train,eikonal,0.0504516065120697
423100,887,train,render,0.20337313413619995
423100,887,train,total,0.20841829478740692
423200,887,train,eikonal,0.06184012070298195
423200,887,train,render,0.11917947232723236
423200,887,train,total,0.12536348402500153
423300,887,train,eikonal,0.03924303129315376
423300,887,train,render,0.26345065236091614
423300,887,train,total,0.2673749625682831
423400,887,train,eikonal,0.026884131133556366
423400,887,train,render,0.3083661198616028
423400,887,train,total,0.311054527759552
423500,887,train,eikonal,0.03475240617990494
423500,887,train,render,0.27529919147491455
423500,887,train,total,0.2787744402885437
423600,888,train,eikonal,0.06521301716566086
423600,888,train,render,0.12715721130371094
423600,888,train,total,0.13367851078510284
423700,888,train,eikonal,0.051800087094306946
423700,888,train,render,0.20621462166309357
423700,888,train,total,0.21139463782310486
423800,888,train,eikonal,0.06191572919487953
423800,888,train,render,0.12403895705938339
423800,888,train,total,0.13023053109645844
423900,888,train,eikonal,0.04655306041240692
423900,888,train,render,0.22813189029693604
423900,888,train,total,0.23278719186782837
424000,888,train,eikonal,0.04991321265697479
424000,888,train,render,0.19660186767578125
424000,888,train,total,0.20159319043159485
424100,889,train,eikonal,0.04910598322749138
424100,889,train,render,0.18493548035621643
424100,889,train,total,0.18984608352184296
424200,889,train,eikonal,0.054174672812223434
424200,889,train,render,0.22924594581127167
424200,889,train,total,0.23466341197490692
424300,889,train,eikonal,0.04497136175632477
424300,889,train,render,0.22305965423583984
424300,889,train,total,0.22755679488182068
424400,889,train,eikonal,0.05141294375061989
424400,889,train,render,0.22450844943523407
424400,889,train,total,0.22964973747730255
424500,889,train,eikonal,0.07417565584182739
424500,889,train,render,0.09995187073945999
424500,889,train,total,0.10736943781375885
424600,890,train,eikonal,0.054851505905389786
424600,890,train,render,0.15105518698692322
424600,890,train,total,0.15654033422470093
424700,890,train,eikonal,0.04838935285806656
424700,890,train,render,0.20772908627986908
424700,890,train,total,0.2125680148601532
424800,890,train,eikonal,0.039858002215623856
424800,890,train,render,0.2427486777305603
424800,890,train,total,0.24673448503017426
424900,890,train,eikonal,0.07379360496997833
424900,890,train,render,0.10778087377548218
424900,890,train,total,0.11516023427248001
425000,890,train,eikonal,0.03044557012617588
425000,890,train,render,0.32546472549438477
425000,890,train,total,0.32850927114486694
425100,891,train,eikonal,0.040434129536151886
425100,891,train,render,0.23771381378173828
425100,891,train,total,0.24175722897052765
425200,891,train,eikonal,0.06877075135707855
425200,891,train,render,0.09702867269515991
425200,891,train,total,0.10390574485063553
425300,891,train,eikonal,0.054844003170728683
425300,891,train,render,0.16755133867263794
425300,891,train,total,0.17303574085235596
425400,891,train,eikonal,0.03938902169466019
425400,891,train,render,0.24098221957683563
425400,891,train,total,0.24492111802101135
425500,892,train,eikonal,0.050660956650972366
425500,892,train,render,0.18383023142814636
425500,892,train,total,0.1888963282108307
425600,892,train,eikonal,0.06505070626735687
425600,892,train,render,0.11392846703529358
425600,892,train,total,0.12043353915214539
425700,892,train,eikonal,0.06830940395593643
425700,892,train,render,0.09211834520101547
425700,892,train,total,0.09894928336143494
425800,892,train,eikonal,0.06772845983505249
425800,892,train,render,0.11344897001981735
425800,892,train,total,0.1202218160033226
425900,892,train,eikonal,0.07080724835395813
425900,892,train,render,0.10495670139789581
425900,892,train,total,0.11203742772340775
426000,893,train,eikonal,0.06954187899827957
426000,893,train,render,0.10180704295635223
426000,893,train,total,0.10876122862100601
426100,893,train,eikonal,0.06591183692216873
426100,893,train,render,0.10434892773628235
426100,893,train,total,0.1109401136636734
426200,893,train,eikonal,0.042367950081825256
426200,893,train,render,0.23496347665786743
426200,893,train,total,0.23920026421546936
426300,893,train,eikonal,0.05582982301712036
426300,893,train,render,0.18858352303504944
426300,893,train,total,0.19416651129722595
426400,893,train,eikonal,0.03144145756959915
426400,893,train,render,0.31556105613708496
426400,893,train,total,0.3187052011489868
426500,894,train,eikonal,0.06597620248794556
426500,894,train,render,0.10582081228494644
426500,894,train,total,0.11241843551397324
426600,894,train,eikonal,0.059289246797561646
426600,894,train,render,0.1282428801059723
426600,894,train,total,0.13417179882526398
426700,894,train,eikonal,0.031169632449746132
426700,894,train,render,0.2776558995246887
426700,894,train,total,0.280772864818573
426800,894,train,eikonal,0.06735346466302872
426800,894,train,render,0.09951001405715942
426800,894,train,total,0.10624536126852036
426900,894,train,eikonal,0.06873758137226105
426900,894,train,render,0.1004110649228096
426900,894,train,total,0.10728482156991959
427000,895,train,eikonal,0.05358923599123955
427000,895,train,render,0.16656190156936646
427000,895,train,total,0.17192082107067108
427100,895,train,eikonal,0.050721753388643265
427100,895,train,render,0.1750483363866806
427100,895,train,total,0.18012051284313202
427200,895,train,eikonal,0.053296227008104324
427200,895,train,render,0.1757223755121231
427200,895,train,total,0.18105199933052063
427300,895,train,eikonal,0.04620993882417679
427300,895,train,render,0.22347275912761688
427300,895,train,total,0.22809375822544098
427400,896,train,eikonal,0.029926074668765068
427400,896,train,render,0.27402955293655396
427400,896,train,total,0.2770221531391144
427500,896,train,eikonal,0.04550037160515785
427500,896,train,render,0.2022886723279953
427500,896,train,total,0.2068387120962143
427600,896,train,eikonal,0.04270527511835098
427600,896,train,render,0.23181909322738647
427600,896,train,total,0.23608961701393127
427700,896,train,eikonal,0.030929122120141983
427700,896,train,render,0.3095526695251465
427700,896,train,total,0.3126455843448639
427800,896,train,eikonal,0.07218906283378601
427800,896,train,render,0.10455811023712158
427800,896,train,total,0.11177701503038406
427900,897,train,eikonal,0.068672314286232
427900,897,train,render,0.13030053675174713
427900,897,train,total,0.1371677666902542
428000,897,train,eikonal,0.05083140730857849
428000,897,train,render,0.18161797523498535
428000,897,train,total,0.18670111894607544
428100,897,train,eikonal,0.04718271642923355
428100,897,train,render,0.19985440373420715
428100,897,train,total,0.2045726776123047
428200,897,train,eikonal,0.04784053564071655
428200,897,train,render,0.1816800832748413
428200,897,train,total,0.1864641308784485
428300,897,train,eikonal,0.032539092004299164
428300,897,train,render,0.28782498836517334
428300,897,train,total,0.2910788953304291
428400,898,train,eikonal,0.05925814062356949
428400,898,train,render,0.1247723177075386
428400,898,train,total,0.13069812953472137
428500,898,train,eikonal,0.05982287973165512
428500,898,train,render,0.1527441442012787
428500,898,train,total,0.15872643887996674
428600,898,train,eikonal,0.07178665697574615
428600,898,train,render,0.09555474668741226
428600,898,train,total,0.10273341089487076
428700,898,train,eikonal,0.029076576232910156
428700,898,train,render,0.2925516366958618
428700,898,train,total,0.2954593002796173
428800,898,train,eikonal,0.028575768694281578
428800,898,train,render,0.3233187198638916
428800,898,train,total,0.3261762857437134
428900,899,train,eikonal,0.06533965468406677
428900,899,train,render,0.10135456919670105
428900,899,train,total,0.10788853466510773
429000,899,train,eikonal,0.055168453603982925
429000,899,train,render,0.17166820168495178
429000,899,train,total,0.1771850436925888
429100,899,train,eikonal,0.053537264466285706
429100,899,train,render,0.19352902472019196
429100,899,train,total,0.19888275861740112
429200,899,train,eikonal,0.054972708225250244
429200,899,train,render,0.20690426230430603
429200,899,train,total,0.21240153908729553
429300,900,train,eikonal,0.04685698449611664
429300,900,train,render,0.19889040291309357
429300,900,train,total,0.20357610285282135
429400,900,train,eikonal,0.051072172820568085
429400,900,train,render,0.17335480451583862
429400,900,train,total,0.17846202850341797
429500,900,train,eikonal,0.026611264795064926
429500,900,train,render,0.30799371004104614
429500,900,train,total,0.3106548488140106
429600,900,train,eikonal,0.045143332332372665
429600,900,train,render,0.26999521255493164
429600,900,train,total,0.2745095491409302
429700,900,train,eikonal,0.05149417743086815
429700,900,train,render,0.1962602436542511
429700,900,train,total,0.20140966773033142
429800,901,train,eikonal,0.07038123160600662
429800,901,train,render,0.09916198253631592
429800,901,train,total,0.10620010644197464
429900,901,train,eikonal,0.05156754329800606
429900,901,train,render,0.199144184589386
429900,901,train,total,0.20430094003677368
430000,901,train,eikonal,0.0675659030675888
430000,901,train,render,0.10521122813224792
430000,901,train,total,0.11196781694889069
430100,901,train,eikonal,0.06883424520492554
430100,901,train,render,0.09774568676948547
430100,901,train,total,0.10462911427021027
430200,901,train,eikonal,0.03942199796438217
430200,901,train,render,0.2514309585094452
430200,901,train,total,0.25537315011024475
430300,902,train,eikonal,0.04836244881153107
430300,902,train,render,0.19699685275554657
430300,902,train,total,0.2018330991268158
430400,902,train,eikonal,0.05617716163396835
430400,902,train,render,0.19292154908180237
430400,902,train,total,0.19853927195072174
430500,902,train,eikonal,0.022650986909866333
430500,902,train,render,0.3507569432258606
430500,902,train,total,0.353022038936615
430600,902,train,eikonal,0.04929472506046295
430600,902,train,render,0.23813608288764954
430600,902,train,total,0.24306555092334747
430700,902,train,eikonal,0.055743951350450516
430700,902,train,render,0.17982518672943115
430700,902,train,total,0.18539957702159882
430800,903,train,eikonal,0.03883753716945648
430800,903,train,render,0.23316824436187744
430800,903,train,total,0.23705199360847473
430900,903,train,eikonal,0.0595887117087841
430900,903,train,render,0.14845895767211914
430900,903,train,total,0.15441782772541046
431000,903,train,eikonal,0.0533783957362175
431000,903,train,render,0.17186269164085388
431000,903,train,total,0.1772005259990692
431100,903,train,eikonal,0.06991373002529144
431100,903,train,render,0.09821844846010208
431100,903,train,total,0.1052098199725151
431200,903,train,eikonal,0.06549351662397385
431200,903,train,render,0.10029684752225876
431200,903,train,total,0.10684619843959808
431300,904,train,eikonal,0.04452750086784363
431300,904,train,render,0.21100634336471558
431300,904,train,total,0.21545909345149994
431400,904,train,eikonal,0.06415482610464096
431400,904,train,render,0.10545948147773743
431400,904,train,total,0.11187496781349182
431500,904,train,eikonal,0.05153763294219971
431500,904,train,render,0.2411901354789734
431500,904,train,total,0.24634389579296112
431600,904,train,eikonal,0.045122481882572174
431600,904,train,render,0.2039577066898346
431600,904,train,total,0.208469957113266
431700,905,train,eikonal,0.04395177215337753
431700,905,train,render,0.25780898332595825
431700,905,train,total,0.2622041702270508
431800,905,train,eikonal,0.057255662977695465
431800,905,train,render,0.1604885309934616
431800,905,train,total,0.16621409356594086
431900,905,train,eikonal,0.051156774163246155
431900,905,train,render,0.1715897172689438
431900,905,train,total,0.17670539021492004
432000,905,train,eikonal,0.05165991187095642
432000,905,train,render,0.2185843288898468
432000,905,train,total,0.22375032305717468
432100,905,train,eikonal,0.03603598475456238
432100,905,train,render,0.25517797470092773
432100,905,train,total,0.2587815821170807
432200,906,train,eikonal,0.05969494581222534
432200,906,train,render,0.13919666409492493
432200,906,train,total,0.14516615867614746
432300,906,train,eikonal,0.03434651345014572
432300,906,train,render,0.30457884073257446
432300,906,train,total,0.3080134987831116
432400,906,train,eikonal,0.04706111550331116
432400,906,train,render,0.1929941028356552
432400,906,train,total,0.19770021736621857
432500,906,train,eikonal,0.04310712590813637
432500,906,train,render,0.25559061765670776
432500,906,train,total,0.25990134477615356
432600,906,train,eikonal,0.032162170857191086
432600,906,train,render,0.2790720462799072
432600,906,train,total,0.28228825330734253
432700,907,train,eikonal,0.03139723092317581
432700,907,train,render,0.3201465904712677
432700,907,train,total,0.3232863247394562
432800,907,train,eikonal,0.03869279846549034
432800,907,train,render,0.22653646767139435
432800,907,train,total,0.2304057478904724
432900,907,train,eikonal,0.04734230786561966
432900,907,train,render,0.23285239934921265
432900,907,train,total,0.2375866323709488
433000,907,train,eikonal,0.04567870870232582
433000,907,train,render,0.22232696413993835
433000,907,train,total,0.22689484059810638
433100,907,train,eikonal,0.06564503908157349
433100,907,train,render,0.10462617874145508
433100,907,train,total,0.11119068413972855
433200,908,train,eikonal,0.07184065133333206
433200,908,train,render,0.09795702248811722
433200,908,train,total,0.10514108836650848
433300,908,train,eikonal,0.051423512399196625
433300,908,train,render,0.19053058326244354
433300,908,train,total,0.1956729292869568
433400,908,train,eikonal,0.03182598948478699
433400,908,train,render,0.3136933445930481
433400,908,train,total,0.3168759346008301
433500,908,train,eikonal,0.03151687979698181
433500,908,train,render,0.2789958715438843
433500,908,train,total,0.2821475565433502
433600,909,train,eikonal,0.05140251666307449
433600,909,train,render,0.1789059340953827
433600,909,train,total,0.1840461790561676
433700,909,train,eikonal,0.05107522010803223
433700,909,train,render,0.2315458506345749
433700,909,train,total,0.2366533726453781
433800,909,train,eikonal,0.050496459007263184
433800,909,train,render,0.1790446937084198
433800,909,train,total,0.18409433960914612
433900,909,train,eikonal,0.03982759639620781
433900,909,train,render,0.2629806697368622
433900,909,train,total,0.2669634222984314
434000,909,train,eikonal,0.05227015167474747
434000,909,train,render,0.170566126704216
434000,909,train,total,0.1757931411266327
434100,910,train,eikonal,0.029496774077415466
434100,910,train,render,0.29584801197052
434100,910,train,total,0.29879769682884216
434200,910,train,eikonal,0.031067276373505592
434200,910,train,render,0.29710525274276733
434200,910,train,total,0.30021196603775024
434300,910,train,eikonal,0.052462249994277954
434300,910,train,render,0.16496872901916504
434300,910,train,total,0.1702149510383606
434400,910,train,eikonal,0.06838585436344147
434400,910,train,render,0.10691794753074646
434400,910,train,total,0.11375652998685837
434500,910,train,eikonal,0.05777060240507126
434500,910,train,render,0.13908731937408447
434500,910,train,total,0.14486438035964966
434600,911,train,eikonal,0.06398563832044601
434600,911,train,render,0.09745967388153076
434600,911,train,total,0.10385823994874954
434700,911,train,eikonal,0.06475168466567993
434700,911,train,render,0.12237247824668884
434700,911,train,total,0.1288476437330246
434800,911,train,eikonal,0.050084277987480164
434800,911,train,render,0.19058755040168762
434800,911,train,total,0.19559597969055176
434900,911,train,eikonal,0.06501366943120956
434900,911,train,render,0.09616099298000336
434900,911,train,total,0.10266236215829849
435000,911,train,eikonal,0.06964755058288574
435000,911,train,render,0.0929098129272461
435000,911,train,total,0.0998745709657669
435100,912,train,eikonal,0.04294975847005844
435100,912,train,render,0.24318096041679382
435100,912,train,total,0.24747593700885773
435200,912,train,eikonal,0.049304474145174026
435200,912,train,render,0.19970445334911346
435200,912,train,total,0.2046349048614502
435300,912,train,eikonal,0.06745411455631256
435300,912,train,render,0.0931769609451294
435300,912,train,total,0.09992237389087677
435400,912,train,eikonal,0.05031369626522064
435400,912,train,render,0.19048744440078735
435400,912,train,total,0.19551882147789001
435500,912,train,eikonal,0.04448645934462547
435500,912,train,render,0.2647480368614197
435500,912,train,total,0.26919668912887573
435600,913,train,eikonal,0.06687808781862259
435600,913,train,render,0.12069341540336609
435600,913,train,total,0.12738122045993805
435700,913,train,eikonal,0.06943634152412415
435700,913,train,render,0.09491141885519028
435700,913,train,total,0.10185505449771881
435800,913,train,eikonal,0.07178881764411926
435800,913,train,render,0.10451953858137131
435800,913,train,total,0.11169841885566711
435900,913,train,eikonal,0.05092712119221687
435900,913,train,render,0.19501709938049316
435900,913,train,total,0.2001098096370697
436000,914,train,eikonal,0.052750587463378906
436000,914,train,render,0.1964765191078186
436000,914,train,total,0.20175157487392426
436100,914,train,eikonal,0.05003847926855087
436100,914,train,render,0.1973993182182312
436100,914,train,total,0.20240317285060883
436200,914,train,eikonal,0.04780229553580284
436200,914,train,render,0.18107542395591736
436200,914,train,total,0.1858556568622589
436300,914,train,eikonal,0.05073707178235054
436300,914,train,render,0.16842001676559448
436300,914,train,total,0.17349372804164886
436400,914,train,eikonal,0.06599587947130203
436400,914,train,render,0.10031703114509583
436400,914,train,total,0.10691662132740021
436500,915,train,eikonal,0.05725763738155365
436500,915,train,render,0.1491667926311493
436500,915,train,total,0.15489256381988525
436600,915,train,eikonal,0.0498262457549572
436600,915,train,render,0.21237623691558838
436600,915,train,total,0.21735885739326477
436700,915,train,eikonal,0.04689729958772659
436700,915,train,render,0.1886303722858429
436700,915,train,total,0.19332009553909302
436800,915,train,eikonal,0.04523078724741936
436800,915,train,render,0.19139203429222107
436800,915,train,total,0.1959151178598404
436900,915,train,eikonal,0.06565052270889282
436900,915,train,render,0.10682277381420135
436900,915,train,total,0.1133878231048584
437000,916,train,eikonal,0.0343891978263855
437000,916,train,render,0.2946999669075012
437000,916,train,total,0.29813888669013977
437100,916,train,eikonal,0.05339488387107849
437100,916,train,render,0.1834823489189148
437100,916,train,total,0.18882183730602264
437200,916,train,eikonal,0.05736687034368515
437200,916,train,render,0.14186576008796692
437200,916,train,total,0.14760245382785797
437300,916,train,eikonal,0.06162599101662636
437300,916,train,render,0.12930527329444885
437300,916,train,total,0.13546787202358246
437400,916,train,eikonal,0.06592398881912231
437400,916,train,render,0.11439099907875061
437400,916,train,total,0.12098339945077896
437500,917,train,eikonal,0.030276065692305565
437500,917,train,render,0.33473268151283264
437500,917,train,total,0.3377602994441986
437600,917,train,eikonal,0.07441896200180054
437600,917,train,render,0.09429523348808289
437600,917,train,total,0.1017371267080307
437700,917,train,eikonal,0.05357455089688301
437700,917,train,render,0.18808403611183167
437700,917,train,total,0.1934414952993393
437800,917,train,eikonal,0.046831272542476654
437800,917,train,render,0.21001610159873962
437800,917,train,total,0.21469922363758087
437900,918,train,eikonal,0.04381947219371796
437900,918,train,render,0.20517763495445251
437900,918,train,total,0.2095595896244049
438000,918,train,eikonal,0.0712333619594574
438000,918,train,render,0.09399866312742233
438000,918,train,total,0.10112199932336807
438100,918,train,eikonal,0.02771497517824173
438100,918,train,render,0.3202497661113739
438100,918,train,total,0.32302126288414
438200,918,train,eikonal,0.049733515828847885
438200,918,train,render,0.17777913808822632
438200,918,train,total,0.18275249004364014
438300,918,train,eikonal,0.03195904195308685
438300,918,train,render,0.29546284675598145
438300,918,train,total,0.2986587584018707
438400,919,train,eikonal,0.04444967582821846
438400,919,train,render,0.24165339767932892
438400,919,train,total,0.2460983693599701
438500,919,train,eikonal,0.07182933390140533
438500,919,train,render,0.11364388465881348
438500,919,train,total,0.12082681804895401
438600,919,train,eikonal,0.05553564429283142
438600,919,train,render,0.1631680727005005
438600,919,train,total,0.16872163116931915
438700,919,train,eikonal,0.031052008271217346
438700,919,train,render,0.33203792572021484
438700,919,train,total,0.335143119096756
438800,919,train,eikonal,0.029468808323144913
438800,919,train,render,0.3135472536087036
438800,919,train,total,0.3164941370487213
438900,920,train,eikonal,0.07085472345352173
438900,920,train,render,0.09063908457756042
438900,920,train,total,0.0977245569229126
439000,920,train,eikonal,0.04873822629451752
439000,920,train,render,0.2002858817577362
439000,920,train,total,0.20515970885753632
439100,920,train,eikonal,0.06627491116523743
439100,920,train,render,0.09895645827054977
439100,920,train,total,0.10558395087718964
439200,920,train,eikonal,0.06622464954853058
439200,920,train,render,0.09615407884120941
439200,920,train,total,0.10277654230594635
439300,920,train,eikonal,0.060288939625024796
439300,920,train,render,0.1269226223230362
439300,920,train,total,0.1329515129327774
439400,921,train,eikonal,0.04087119176983833
439400,921,train,render,0.26040759682655334
439400,921,train,total,0.26449471712112427
439500,921,train,eikonal,0.042285554111003876
439500,921,train,render,0.22642605006694794
439500,921,train,total,0.23065461218357086
439600,921,train,eikonal,0.030639201402664185
439600,921,train,render,0.3237462639808655
439600,921,train,total,0.32681018114089966
439700,921,train,eikonal,0.07537315785884857
439700,921,train,render,0.09356197714805603
439700,921,train,total,0.10109928995370865
439800,922,train,eikonal,0.04162473604083061
439800,922,train,render,0.22957557439804077
439800,922,train,total,0.23373804986476898
439900,922,train,eikonal,0.04836169257760048
439900,922,train,render,0.18347784876823425
439900,922,train,total,0.1883140206336975
440000,922,train,eikonal,0.050430238246917725
440000,922,train,render,0.19710516929626465
440000,922,train,total,0.2021481990814209
440100,922,train,eikonal,0.03466242551803589
440100,922,train,render,0.24118325114250183
440100,922,train,total,0.2446494996547699
440200,922,train,eikonal,0.05394412577152252
440200,922,train,render,0.18831181526184082
440200,922,train,total,0.1937062293291092
440300,923,train,eikonal,0.06280234456062317
440300,923,train,render,0.1155993789434433
440300,923,train,total,0.12187961488962173
440400,923,train,eikonal,0.06960159540176392
440400,923,train,render,0.11140044033527374
440400,923,train,total,0.11836060136556625
440500,923,train,eikonal,0.06706644594669342
440500,923,train,render,0.08415065705776215
440500,923,train,total,0.09085730463266373
440600,923,train,eikonal,0.048733703792095184
440600,923,train,render,0.20245890319347382
440600,923,train,total,0.20733226835727692
440700,923,train,eikonal,0.050689101219177246
440700,923,train,render,0.19936537742614746
440700,923,train,total,0.20443429052829742
440800,924,train,eikonal,0.03287559002637863
440800,924,train,render,0.2966356873512268
440800,924,train,total,0.29992324113845825
440900,924,train,eikonal,0.04799202084541321
440900,924,train,render,0.26023873686790466
440900,924,train,total,0.2650379538536072
441000,924,train,eikonal,0.06567125022411346
441000,924,train,render,0.0984303206205368
441000,924,train,total,0.10499744862318039
441100,924,train,eikonal,0.0450204461812973
441100,924,train,render,0.21685928106307983
441100,924,train,total,0.22136132419109344
441200,924,train,eikonal,0.05046115070581436
441200,924,train,render,0.19080635905265808
441200,924,train,total,0.19585247337818146
441300,925,train,eikonal,0.05283164978027344
441300,925,train,render,0.17873865365982056
441300,925,train,total,0.18402181565761566
441400,925,train,eikonal,0.05113694444298744
441400,925,train,render,0.175412118434906
441400,925,train,total,0.18052580952644348
441500,925,train,eikonal,0.0726362019777298
441500,925,train,render,0.11011135578155518
441500,925,train,total,0.1173749789595604
441600,925,train,eikonal,0.06960289180278778
441600,925,train,render,0.09766430407762527
441600,925,train,total,0.10462459176778793
441700,925,train,eikonal,0.04973829537630081
441700,925,train,render,0.20994755625724792
441700,925,train,total,0.21492138504981995
441800,926,train,eikonal,0.030687667429447174
441800,926,train,render,0.2882190942764282
441800,926,train,total,0.2912878692150116
441900,926,train,eikonal,0.06504210084676743
441900,926,train,render,0.12332582473754883
441900,926,train,total,0.1298300325870514
442000,926,train,eikonal,0.06500999629497528
442000,926,train,render,0.10945533961057663
442000,926,train,total,0.11595633625984192
442100,926,train,eikonal,0.05486724525690079
442100,926,train,render,0.17056548595428467
442100,926,train,total,0.17605221271514893
442200,927,train,eikonal,0.04688059911131859
442200,927,train,render,0.2233516126871109
442200,927,train,total,0.2280396670103073
442300,927,train,eikonal,0.07111002504825592
442300,927,train,render,0.09390917420387268
442300,927,train,total,0.10102017968893051
442400,927,train,eikonal,0.06585188210010529
442400,927,train,render,0.10137670487165451
442400,927,train,total,0.10796189308166504
442500,927,train,eikonal,0.04905453324317932
442500,927,train,render,0.19321361184120178
442500,927,train,total,0.19811905920505524
442600,927,train,eikonal,0.06286519765853882
442600,927,train,render,0.11886506527662277
442600,927,train,total,0.125151589512825
442700,928,train,eikonal,0.03353295102715492
442700,928,train,render,0.2765209674835205
442700,928,train,total,0.2798742651939392
442800,928,train,eikonal,0.0714484304189682
442800,928,train,render,0.09232357889413834
442800,928,train,total,0.0994684249162674
442900,928,train,eikonal,0.04877922683954239
442900,928,train,render,0.21823987364768982
442900,928,train,total,0.22311779856681824
443000,928,train,eikonal,0.05534491688013077
443000,928,train,render,0.16541171073913574
443000,928,train,total,0.17094619572162628
443100,928,train,eikonal,0.03454890474677086
443100,928,train,render,0.2597428858280182
443100,928,train,total,0.26319777965545654
443200,929,train,eikonal,0.05038043484091759
443200,929,train,render,0.189554363489151
443200,929,train,total,0.1945924013853073
443300,929,train,eikonal,0.03869105875492096
443300,929,train,render,0.24034810066223145
443300,929,train,total,0.24421720206737518
443400,929,train,eikonal,0.055046118795871735
443400,929,train,render,0.14492981135845184
443400,929,train,total,0.15043441951274872
443500,929,train,eikonal,0.036530785262584686
443500,929,train,render,0.27206987142562866
443500,929,train,total,0.2757229506969452
443600,929,train,eikonal,0.0746854692697525
443600,929,train,render,0.10529997199773788
443600,929,train,total,0.1127685159444809
443700,930,train,eikonal,0.036879781633615494
443700,930,train,render,0.2504706382751465
443700,930,train,total,0.254158616065979
443800,930,train,eikonal,0.061790868639945984
443800,930,train,render,0.11591926217079163
443800,930,train,total,0.12209834903478622
443900,930,train,eikonal,0.06786821782588959
443900,930,train,render,0.11711206287145615
443900,930,train,total,0.12389888614416122
444000,930,train,eikonal,0.04335328936576843
444000,930,train,render,0.19891776144504547
444000,930,train,total,0.20325309038162231
444100,931,train,eikonal,0.05364188179373741
444100,931,train,render,0.15202656388282776
444100,931,train,total,0.157390758395195
444200,931,train,eikonal,0.05519486218690872
444200,931,train,render,0.14203810691833496
444200,931,train,total,0.1475575864315033
444300,931,train,eikonal,0.06845645606517792
444300,931,train,render,0.09930458664894104
444300,931,train,total,0.10615023225545883
444400,931,train,eikonal,0.050664786249399185
444400,931,train,render,0.157150000333786
444400,931,train,total,0.16221648454666138
444500,931,train,eikonal,0.05072101205587387
444500,931,train,render,0.19170065224170685
444500,931,train,total,0.1967727541923523
444600,932,train,eikonal,0.06191398203372955
444600,932,train,render,0.11891680955886841
444600,932,train,total,0.12510821223258972
444700,932,train,eikonal,0.04536456614732742
444700,932,train,render,0.21346145868301392
444700,932,train,total,0.21799790859222412
444800,932,train,eikonal,0.03444841504096985
444800,932,train,render,0.2892683744430542
444800,932,train,total,0.2927132248878479
444900,932,train,eikonal,0.03137633576989174
444900,932,train,render,0.2844097316265106
444900,932,train,total,0.28754737973213196
445000,932,train,eikonal,0.04267468675971031
445000,932,train,render,0.24061650037765503
445000,932,train,total,0.2448839694261551
445100,933,train,eikonal,0.04194413870573044
445100,933,train,render,0.2240929752588272
445100,933,train,total,0.22828738391399384
445200,933,train,eikonal,0.05561264604330063
445200,933,train,render,0.19968031346797943
445200,933,train,total,0.20524157583713531
445300,933,train,eikonal,0.06528863310813904
445300,933,train,render,0.10667581111192703
445300,933,train,total,0.11320467293262482
445400,933,train,eikonal,0.05162028223276138
445400,933,train,render,0.20755919814109802
445400,933,train,total,0.21272122859954834
445500,933,train,eikonal,0.033561039716005325
445500,933,train,render,0.2611926198005676
445500,933,train,total,0.26454871892929077
445600,934,train,eikonal,0.06834407150745392
445600,934,train,render,0.09982486814260483
445600,934,train,total,0.10665927827358246
445700,934,train,eikonal,0.07059373706579208
445700,934,train,render,0.10965107381343842
445700,934,train,total,0.11671044677495956
445800,934,train,eikonal,0.055769093334674835
445800,934,train,render,0.14680252969264984
445800,934,train,total,0.15237943828105927
445900,934,train,eikonal,0.05174047499895096
445900,934,train,render,0.19773438572883606
445900,934,train,total,0.20290842652320862
446000,935,train,eikonal,0.057197995483875275
446000,935,train,render,0.13351938128471375
446000,935,train,total,0.13923917710781097
446100,935,train,eikonal,0.048715442419052124
446100,935,train,render,0.1883268803358078
446100,935,train,total,0.19319842755794525
446200,935,train,eikonal,0.06314527243375778
446200,935,train,render,0.08908657729625702
446200,935,train,total,0.0954011082649231
446300,935,train,eikonal,0.05054178833961487
446300,935,train,render,0.17926175892353058
446300,935,train,total,0.18431593477725983
446400,935,train,eikonal,0.05089179426431656
446400,935,train,render,0.21606306731700897
446400,935,train,total,0.22115224599838257
446500,936,train,eikonal,0.06435118615627289
446500,936,train,render,0.11604675650596619
446500,936,train,total,0.12248187512159348
446600,936,train,eikonal,0.04914061352610588
446600,936,train,render,0.22246451675891876
446600,936,train,total,0.22737857699394226
446700,936,train,eikonal,0.046827420592308044
446700,936,train,render,0.21551501750946045
446700,936,train,total,0.22019776701927185
446800,936,train,eikonal,0.032463088631629944
446800,936,train,render,0.3200703263282776
446800,936,train,total,0.32331663370132446
446900,936,train,eikonal,0.02419499307870865
446900,936,train,render,0.3201613426208496
446900,936,train,total,0.32258084416389465
447000,937,train,eikonal,0.05096009373664856
447000,937,train,render,0.18246030807495117
447000,937,train,total,0.18755631148815155
447100,937,train,eikonal,0.05436250567436218
447100,937,train,render,0.15198799967765808
447100,937,train,total,0.15742425620555878
447200,937,train,eikonal,0.06372447311878204
447200,937,train,render,0.09683290868997574
447200,937,train,total,0.1032053530216217
447300,937,train,eikonal,0.04855665564537048
447300,937,train,render,0.21943598985671997
447300,937,train,total,0.22429165244102478
447400,937,train,eikonal,0.0490720197558403
447400,937,train,render,0.1736949235200882
447400,937,train,total,0.17860212922096252
447500,938,train,eikonal,0.05540211498737335
447500,938,train,render,0.18800076842308044
447500,938,train,total,0.19354097545146942
447600,938,train,eikonal,0.04709897190332413
447600,938,train,render,0.1939348578453064
447600,938,train,total,0.198644757270813
447700,938,train,eikonal,0.0512499175965786
447700,938,train,render,0.22178393602371216
447700,938,train,total,0.22690892219543457
447800,938,train,eikonal,0.049653321504592896
447800,938,train,render,0.22789911925792694
447800,938,train,total,0.23286445438861847
447900,938,train,eikonal,0.06944473832845688
447900,938,train,render,0.11966347694396973
447900,938,train,total,0.1266079545021057
448000,939,train,eikonal,0.032877616584300995
448000,939,train,render,0.28867387771606445
448000,939,train,total,0.2919616401195526
448100,939,train,eikonal,0.028560010716319084
448100,939,train,render,0.32330840826034546
448100,939,train,total,0.3261643946170807
448200,939,train,eikonal,0.03922605514526367
448200,939,train,render,0.25596433877944946
448200,939,train,total,0.2598869502544403
448300,939,train,eikonal,0.05056113749742508
448300,939,train,render,0.1852160394191742
448300,939,train,total,0.19027215242385864
448400,940,train,eikonal,0.06627436727285385
448400,940,train,render,0.09097760915756226
448400,940,train,total,0.09760504961013794
448500,940,train,eikonal,0.06723596900701523
448500,940,train,render,0.08907504379749298
448500,940,train,total,0.09579864144325256
448600,940,train,eikonal,0.05778235197067261
448600,940,train,render,0.16697505116462708
448600,940,train,total,0.17275328934192657
448700,940,train,eikonal,0.04910331219434738
448700,940,train,render,0.2250879406929016
448700,940,train,total,0.22999827563762665
448800,940,train,eikonal,0.054655980318784714
448800,940,train,render,0.16944804787635803
448800,940,train,total,0.17491364479064941
448900,941,train,eikonal,0.048576802015304565
448900,941,train,render,0.22326229512691498
448900,941,train,total,0.22811996936798096
449000,941,train,eikonal,0.054144471883773804
449000,941,train,render,0.18699747323989868
449000,941,train,total,0.19241191446781158
449100,941,train,eikonal,0.07082903385162354
449100,941,train,render,0.09901350736618042
449100,941,train,total,0.10609640926122665
449200,941,train,eikonal,0.06737284362316132
449200,941,train,render,0.09478066861629486
449200,941,train,total,0.10151795297861099
449300,941,train,eikonal,0.026041921228170395
449300,941,train,render,0.34347742795944214
449300,941,train,total,0.34608161449432373
449400,942,train,eikonal,0.06353379786014557
449400,942,train,render,0.10364942252635956
449400,942,train,total,0.110002800822258
449500,942,train,eikonal,0.06666514277458191
449500,942,train,render,0.08632694184780121
449500,942,train,total,0.09299345314502716
449600,942,train,eikonal,0.06068423390388489
449600,942,train,render,0.12131285667419434
449600,942,train,total,0.12738128006458282
449700,942,train,eikonal,0.04053229093551636
449700,942,train,render,0.22839748859405518
449700,942,train,total,0.2324507236480713
449800,942,train,eikonal,0.038661472499370575
449800,942,train,render,0.2508088946342468
449800,942,train,total,0.254675030708313
449900,943,train,eikonal,0.049381501972675323
449900,943,train,render,0.21346937119960785
449900,943,train,total,0.2184075266122818
450000,943,train,eikonal,0.056861378252506256
450000,943,train,render,0.13240742683410645
450000,943,train,total,0.13809356093406677
450100,943,train,eikonal,0.04903009906411171
450100,943,train,render,0.17572376132011414
450100,943,train,total,0.1806267648935318
450200,943,train,eikonal,0.06552226841449738
450200,943,train,render,0.09362386912107468
450200,943,train,total,0.10017609596252441
450300,944,train,eikonal,0.053048357367515564
450300,944,train,render,0.19206726551055908
450300,944,train,total,0.19737210869789124
450400,944,train,eikonal,0.06302404403686523
450400,944,train,render,0.09532469511032104
450400,944,train,total,0.10162709653377533
450500,944,train,eikonal,0.06642037630081177
450500,944,train,render,0.08662785589694977
450500,944,train,total,0.09326989203691483
450600,944,train,eikonal,0.03303296118974686
450600,944,train,render,0.27544206380844116
450600,944,train,total,0.2787453532218933
450700,944,train,eikonal,0.07135038822889328
450700,944,train,render,0.09695743024349213
450700,944,train,total,0.10409247130155563
450800,945,train,eikonal,0.07213469594717026
450800,945,train,render,0.09067335724830627
450800,945,train,total,0.0978868305683136
450900,945,train,eikonal,0.05518813803792
450900,945,train,render,0.1800844669342041
450900,945,train,total,0.1856032758951187
451000,945,train,eikonal,0.05173179507255554
451000,945,train,render,0.17566443979740143
451000,945,train,total,0.18083761632442474
451100,945,train,eikonal,0.03309563547372818
451100,945,train,render,0.26993507146835327
451100,945,train,total,0.2732446491718292
451200,945,train,eikonal,0.06617210060358047
451200,945,train,render,0.10134342312812805
451200,945,train,total,0.10796063393354416
451300,946,train,eikonal,0.04722018167376518
451300,946,train,render,0.18355515599250793
451300,946,train,total,0.18827717006206512
451400,946,train,eikonal,0.05040361359715462
451400,946,train,render,0.1975865364074707
451400,946,train,total,0.20262689888477325
451500,946,train,eikonal,0.034101445227861404
451500,946,train,render,0.28590822219848633
451500,946,train,total,0.28931835293769836
451600,946,train,eikonal,0.0653471052646637
451600,946,train,render,0.10953040421009064
451600,946,train,total,0.116065114736557
451700,946,train,eikonal,0.05377119779586792
451700,946,train,render,0.1396951973438263
451700,946,train,total,0.1450723111629486
451800,947,train,eikonal,0.059398770332336426
451800,947,train,render,0.1657637655735016
451800,947,train,total,0.17170363664627075
451900,947,train,eikonal,0.03076290898025036
451900,947,train,render,0.28631165623664856
451900,947,train,total,0.28938794136047363
452000,947,train,eikonal,0.03344137221574783
452000,947,train,render,0.29931044578552246
452000,947,train,total,0.30265459418296814
452100,947,train,eikonal,0.042186494916677475
452100,947,train,render,0.24072955548763275
452100,947,train,total,0.24494820833206177
452200,948,train,eikonal,0.07255716621875763
452200,948,train,render,0.10992436856031418
452200,948,train,total,0.11718008667230606
452300,948,train,eikonal,0.05235620588064194
452300,948,train,render,0.209660142660141
452300,948,train,total,0.21489576995372772
452400,948,train,eikonal,0.053035445511341095
452400,948,train,render,0.17433786392211914
452400,948,train,total,0.17964141070842743
452500,948,train,eikonal,0.04108329489827156
452500,948,train,render,0.2487199902534485
452500,948,train,total,0.25282832980155945
452600,948,train,eikonal,0.05105075240135193
452600,948,train,render,0.1873207688331604
452600,948,train,total,0.19242584705352783
452700,949,train,eikonal,0.055611614137887955
452700,949,train,render,0.1738157570362091
452700,949,train,total,0.17937691509723663
452800,949,train,eikonal,0.07051647454500198
452800,949,train,render,0.10388638079166412
452800,949,train,total,0.11093802750110626
452900,949,train,eikonal,0.05113866180181503
452900,949,train,render,0.2146984487771988
452900,949,train,total,0.2198123186826706
453000,949,train,eikonal,0.06206947937607765
453000,949,train,render,0.10177436470985413
453000,949,train,total,0.10798130929470062
453100,949,train,eikonal,0.036090828478336334
453100,949,train,render,0.26791220903396606
453100,949,train,total,0.27152130007743835
453200,950,train,eikonal,0.05820871889591217
453200,950,train,render,0.1287655532360077
453200,950,train,total,0.1345864236354828
453300,950,train,eikonal,0.037913352251052856
453300,950,train,render,0.2479279786348343
453300,950,train,total,0.25171932578086853
453400,950,train,eikonal,0.05741780623793602
453400,950,train,render,0.14837872982025146
453400,950,train,total,0.15412050485610962
453500,950,train,eikonal,0.033332809805870056
453500,950,train,render,0.3292398750782013
453500,950,train,total,0.33257314562797546
453600,950,train,eikonal,0.07003171741962433
453600,950,train,render,0.09206822514533997
453600,950,train,total,0.09907139837741852
453700,951,train,eikonal,0.05457158386707306
453700,951,train,render,0.15970581769943237
453700,951,train,total,0.16516298055648804
453800,951,train,eikonal,0.0566607266664505
453800,951,train,render,0.15352395176887512
453800,951,train,total,0.15919002890586853
453900,951,train,eikonal,0.030364930629730225
453900,951,train,render,0.2958803176879883
453900,951,train,total,0.2989168167114258
454000,951,train,eikonal,0.06490640342235565
454000,951,train,render,0.1105223000049591
454000,951,train,total,0.11701294034719467
454100,951,train,eikonal,0.054904013872146606
454100,951,train,render,0.1376320719718933
454100,951,train,total,0.14312247931957245
454200,952,train,eikonal,0.03586737439036369
454200,952,train,render,0.2971869707107544
454200,952,train,total,0.3007737100124359
454300,952,train,eikonal,0.06354935467243195
454300,952,train,render,0.1008308082818985
454300,952,train,total,0.1071857437491417
454400,952,train,eikonal,0.05213874578475952
454400,952,train,render,0.17079147696495056
454400,952,train,total,0.17600534856319427
454500,952,train,eikonal,0.05033055692911148
454500,952,train,render,0.18206369876861572
454500,952,train,total,0.1870967596769333
454600,953,train,eikonal,0.03255029395222664
454600,953,train,render,0.2821494936943054
454600,953,train,total,0.2854045331478119
454700,953,train,eikonal,0.06778374314308167
454700,953,train,render,0.09168943762779236
454700,953,train,total,0.09846781194210052
454800,953,train,eikonal,0.044833309948444366
454800,953,train,render,0.1819017231464386
454800,953,train,total,0.18638505041599274
454900,953,train,eikonal,0.06567785143852234
454900,953,train,render,0.11670030653476715
454900,953,train,total,0.12326809018850327
455000,953,train,eikonal,0.07101492583751678
455000,953,train,render,0.08880408108234406
455000,953,train,total,0.09590557217597961
455100,954,train,eikonal,0.06745816767215729
455100,954,train,render,0.08801503479480743
455100,954,train,total,0.09476085007190704
455200,954,train,eikonal,0.03133887052536011
455200,954,train,render,0.2971714735031128
455200,954,train,total,0.3003053665161133
455300,954,train,eikonal,0.06482946872711182
455300,954,train,render,0.12282633781433105
455300,954,train,total,0.12930928170681
455400,954,train,eikonal,0.052084267139434814
455400,954,train,render,0.2233695387840271
455400,954,train,total,0.22857797145843506
455500,954,train,eikonal,0.06959368288516998
455500,954,train,render,0.09646332263946533
455500,954,train,total,0.10342269390821457
455600,955,train,eikonal,0.06430387496948242
455600,955,train,render,0.10904024541378021
455600,955,train,total,0.11547063291072845
455700,955,train,eikonal,0.029714401811361313
455700,955,train,render,0.3351294994354248
455700,955,train,total,0.33810093998908997
455800,955,train,eikonal,0.05602124705910683
455800,955,train,render,0.138899028301239
455800,955,train,total,0.14450114965438843
455900,955,train,eikonal,0.0641741156578064
455900,955,train,render,0.1159633994102478
455900,955,train,total,0.1223808079957962
456000,955,train,eikonal,0.05483899638056755
456000,955,train,render,0.19227471947669983
456000,955,train,total,0.19775861501693726
456100,956,train,eikonal,0.059504054486751556
456100,956,train,render,0.16952821612358093
456100,956,train,total,0.17547862231731415
456200,956,train,eikonal,0.07007706165313721
456200,956,train,render,0.08894061297178268
456200,956,train,total,0.09594831615686417
456300,956,train,eikonal,0.05206797644495964
456300,956,train,render,0.1894550919532776
456300,956,train,total,0.19466188549995422
456400,956,train,eikonal,0.06286415457725525
456400,956,train,render,0.10103830695152283
456400,956,train,total,0.10732471942901611
456500,957,train,eikonal,0.051665548235177994
456500,957,train,render,0.17071972787380219
456500,957,train,total,0.17588628828525543
456600,957,train,eikonal,0.0383785180747509
456600,957,train,render,0.2399080991744995
456600,957,train,total,0.24374595284461975
456700,957,train,eikonal,0.05536648631095886
456700,957,train,render,0.15411919355392456
456700,957,train,total,0.1596558392047882
456800,957,train,eikonal,0.06885161250829697
456800,957,train,render,0.09355111420154572
456800,957,train,total,0.10043627768754959
456900,957,train,eikonal,0.03426580876111984
456900,957,train,render,0.3106287121772766
456900,957,train,total,0.31405529379844666
457000,958,train,eikonal,0.04015816003084183
457000,958,train,render,0.22447921335697174
457000,958,train,total,0.2284950315952301
457100,958,train,eikonal,0.05023910850286484
457100,958,train,render,0.1976197063922882
457100,958,train,total,0.20264361798763275
457200,958,train,eikonal,0.05076618492603302
457200,958,train,render,0.1922849416732788
457200,958,train,total,0.197361558675766
457300,958,train,eikonal,0.04629330709576607
457300,958,train,render,0.195643812417984
457300,958,train,total,0.20027314126491547
457400,958,train,eikonal,0.05341477692127228
457400,958,train,render,0.2239682525396347
457400,958,train,total,0.22930973768234253
457500,959,train,eikonal,0.043694764375686646
457500,959,train,render,0.23590338230133057
457500,959,train,total,0.2402728646993637
457600,959,train,eikonal,0.04222704470157623
457600,959,train,render,0.25187551975250244
457600,959,train,total,0.256098210811615
457700,959,train,eikonal,0.04311351478099823
457700,959,train,render,0.2124291956424713
457700,959,train,total,0.21674054861068726
457800,959,train,eikonal,0.06777720153331757
457800,959,train,render,0.09921874105930328
457800,959,train,total,0.10599645972251892
457900,959,train,eikonal,0.028691913932561874
457900,959,train,render,0.29363900423049927
457900,959,train,total,0.29650819301605225
458000,960,train,eikonal,0.06900683790445328
458000,960,train,render,0.1005440503358841
458000,960,train,total,0.10744473338127136
458100,960,train,eikonal,0.04704095423221588
458100,960,train,render,0.23815667629241943
458100,960,train,total,0.24286076426506042
458200,960,train,eikonal,0.07362061738967896
458200,960,train,render,0.09388082474470139
458200,960,train,total,0.10124288499355316
458300,960,train,eikonal,0.04922279715538025
458300,960,train,render,0.1914406567811966
458300,960,train,total,0.1963629424571991
458400,961,train,eikonal,0.07170400023460388
458400,961,train,render,0.0957743376493454
458400,961,train,total,0.1029447391629219
458500,961,train,eikonal,0.05870923399925232
458500,961,train,render,0.14719048142433167
458500,961,train,total,0.1530614048242569
458600,961,train,eikonal,0.06465283036231995
458600,961,train,render,0.09963846206665039
458600,961,train,total,0.10610374808311462
458700,961,train,eikonal,0.06894227862358093
458700,961,train,render,0.09678572416305542
458700,961,train,total,0.10367995500564575
458800,961,train,eikonal,0.05286265164613724
458800,961,train,render,0.1856202483177185
458800,961,train,total,0.19090650975704193
458900,962,train,eikonal,0.056249991059303284
458900,962,train,render,0.18073511123657227
458900,962,train,total,0.18636010587215424
459000,962,train,eikonal,0.030887192115187645
459000,962,train,render,0.307839035987854
459000,962,train,total,0.31092774868011475
459100,962,train,eikonal,0.05509675294160843
459100,962,train,render,0.16645026206970215
459100,962,train,total,0.17195993661880493
459200,962,train,eikonal,0.05637674778699875
459200,962,train,render,0.16558316349983215
459200,962,train,total,0.1712208390235901
459300,962,train,eikonal,0.04996946081519127
459300,962,train,render,0.23312640190124512
459300,962,train,total,0.2381233423948288
459400,963,train,eikonal,0.05644850432872772
459400,963,train,render,0.1659500002861023
459400,963,train,total,0.17159485816955566
459500,963,train,eikonal,0.04823395609855652
459500,963,train,render,0.18958501517772675
459500,963,train,total,0.19440841674804688
459600,963,train,eikonal,0.06900733709335327
459600,963,train,render,0.09504115581512451
459600,963,train,total,0.10194189101457596
459700,963,train,eikonal,0.05836709588766098
459700,963,train,render,0.1440124362707138
459700,963,train,total,0.14984914660453796
459800,963,train,eikonal,0.04803364723920822
459800,963,train,render,0.17073474824428558
459800,963,train,total,0.1755381077528
459900,964,train,eikonal,0.06704005599021912
459900,964,train,render,0.09062951803207397
459900,964,train,total,0.09733352065086365
460000,964,train,eikonal,0.030361762270331383
460000,964,train,render,0.30452245473861694
460000,964,train,total,0.3075586259365082
460100,964,train,eikonal,0.06467398256063461
460100,964,train,render,0.11482933163642883
460100,964,train,total,0.12129673361778259
460200,964,train,eikonal,0.06610540300607681
460200,964,train,render,0.1213073581457138
460200,964,train,total,0.12791790068149567
460300,964,train,eikonal,0.04968978464603424
460300,964,train,render,0.20854568481445312
460300,964,train,total,0.21351465582847595
460400,965,train,eikonal,0.07037010043859482
460400,965,train,render,0.10722575336694717
460400,965,train,total,0.11426275968551636
460500,965,train,eikonal,0.04695257917046547
460500,965,train,render,0.24424397945404053
460500,965,train,total,0.24893923103809357
460600,965,train,eikonal,0.0658007562160492
460600,965,train,render,0.09612599015235901
460600,965,train,total,0.10270606726408005
460700,965,train,eikonal,0.058800287544727325
460700,965,train,render,0.13294188678264618
460700,965,train,total,0.13882191479206085
460800,966,train,eikonal,0.05391646921634674
460800,966,train,render,0.15737980604171753
460800,966,train,total,0.16277144849300385
460900,966,train,eikonal,0.06913597136735916
460900,966,train,render,0.10846373438835144
460900,966,train,total,0.11537732928991318
461000,966,train,eikonal,0.06941710412502289
461000,966,train,render,0.08917492628097534
461000,966,train,total,0.09611663967370987
461100,966,train,eikonal,0.03840206563472748
461100,966,train,render,0.285929799079895
461100,966,train,total,0.2897700071334839
461200,966,train,eikonal,0.061822474002838135
461200,966,train,render,0.12195023149251938
461200,966,train,total,0.12813247740268707
461300,967,train,eikonal,0.04585916921496391
461300,967,train,render,0.21271729469299316
461300,967,train,total,0.21730321645736694
461400,967,train,eikonal,0.07382479310035706
461400,967,train,render,0.08883661031723022
461400,967,train,total,0.09621909260749817
461500,967,train,eikonal,0.040194228291511536
461500,967,train,render,0.22174108028411865
461500,967,train,total,0.22576050460338593
461600,967,train,eikonal,0.052131302654743195
461600,967,train,render,0.19811779260635376
461600,967,train,total,0.20333091914653778
461700,967,train,eikonal,0.04160650074481964
461700,967,train,render,0.2634729743003845
461700,967,train,total,0.2676336169242859
461800,968,train,eikonal,0.0722828209400177
461800,968,train,render,0.10202942043542862
461800,968,train,total,0.10925770550966263
461900,968,train,eikonal,0.0481865257024765
461900,968,train,render,0.18658539652824402
461900,968,train,total,0.1914040446281433
462000,968,train,eikonal,0.051360417157411575
462000,968,train,render,0.20589038729667664
462000,968,train,total,0.21102643013000488
462100,968,train,eikonal,0.06960801780223846
462100,968,train,render,0.08749452233314514
462100,968,train,total,0.09445532411336899
462200,968,train,eikonal,0.06512437760829926
462200,968,train,render,0.10272453725337982
462200,968,train,total,0.10923697799444199
462300,969,train,eikonal,0.040924254804849625
462300,969,train,render,0.26077771186828613
462300,969,train,total,0.26487013697624207
462400,969,train,eikonal,0.029714170843362808
462400,969,train,render,0.2893507480621338
462400,969,train,total,0.29232215881347656
462500,969,train,eikonal,0.053545452654361725
462500,969,train,render,0.1659713089466095
462500,969,train,total,0.17132584750652313
462600,969,train,eikonal,0.0716056078672409
462600,969,train,render,0.09174145758152008
462600,969,train,total,0.09890201687812805
462700,970,train,eikonal,0.04858490824699402
462700,970,train,render,0.20278841257095337
462700,970,train,total,0.207646906375885
462800,970,train,eikonal,0.04317523539066315
462800,970,train,render,0.20289620757102966
462800,970,train,total,0.20721372961997986
462900,970,train,eikonal,0.06731334328651428
462900,970,train,render,0.09537164121866226
462900,970,train,total,0.10210297256708145
463000,970,train,eikonal,0.05192531272768974
463000,970,train,render,0.16445128619670868
463000,970,train,total,0.1696438193321228
463100,970,train,eikonal,0.04425973445177078
463100,970,train,render,0.24024300277233124
463100,970,train,total,0.24466897547245026
463200,971,train,eikonal,0.052286844700574875
463200,971,train,render,0.1639600396156311
463200,971,train,total,0.1691887229681015
463300,971,train,eikonal,0.03238062560558319
463300,971,train,render,0.3301085829734802
463300,971,train,total,0.3333466351032257
463400,971,train,eikonal,0.03818634897470474
463400,971,train,render,0.23940083384513855
463400,971,train,total,0.24321946501731873
463500,971,train,eikonal,0.05974973738193512
463500,971,train,render,0.1544286608695984
463500,971,train,total,0.16040363907814026
463600,971,train,eikonal,0.06858990341424942
463600,971,train,render,0.10274557769298553
463600,971,train,total,0.10960456728935242
463700,972,train,eikonal,0.0442204549908638
463700,972,train,render,0.2326798439025879
463700,972,train,total,0.23710188269615173
463800,972,train,eikonal,0.04727131500840187
463800,972,train,render,0.20342835783958435
463800,972,train,total,0.20815548300743103
463900,972,train,eikonal,0.05186852812767029
463900,972,train,render,0.1985337734222412
463900,972,train,total,0.20372062921524048
464000,972,train,eikonal,0.055326711386442184
464000,972,train,render,0.1492876261472702
464000,972,train,total,0.1548202931880951
464100,972,train,eikonal,0.04978230595588684
464100,972,train,render,0.22710081934928894
464100,972,train,total,0.23207904398441315
464200,973,train,eikonal,0.07162913680076599
464200,973,train,render,0.09961118549108505
464200,973,train,total,0.10677409917116165
464300,973,train,eikonal,0.03241128474473953
464300,973,train,render,0.2785640358924866
464300,973,train,total,0.281805157661438
464400,973,train,eikonal,0.05405624583363533
464400,973,train,render,0.15858429670333862
464400,973,train,total,0.16398991644382477
464500,973,train,eikonal,0.05477249622344971
464500,973,train,render,0.17511382699012756
464500,973,train,total,0.18059107661247253
464600,974,train,eikonal,0.056738391518592834
464600,974,train,render,0.15420803427696228
464600,974,train,total,0.15988187491893768
464700,974,train,eikonal,0.0718287006020546
464700,974,train,render,0.09634843468666077
464700,974,train,total,0.10353130102157593
464800,974,train,eikonal,0.05277477204799652
464800,974,train,render,0.15755006670951843
464800,974,train,total,0.16282755136489868
464900,974,train,eikonal,0.06003443896770477
464900,974,train,render,0.11250901222229004
464900,974,train,total,0.11851245909929276
465000,974,train,eikonal,0.03116152621805668
465000,974,train,render,0.3308640718460083
465000,974,train,total,0.3339802324771881
465100,975,train,eikonal,0.05147282034158707
465100,975,train,render,0.1842581331729889
465100,975,train,total,0.1894054114818573
465200,975,train,eikonal,0.04120442271232605
465200,975,train,render,0.26827216148376465
465200,975,train,total,0.272392600774765
465300,975,train,eikonal,0.06997118890285492
465300,975,train,render,0.09930926561355591
465300,975,train,total,0.10630638152360916
465400,975,train,eikonal,0.0713416114449501
465400,975,train,render,0.10814572870731354
465400,975,train,total,0.11527989059686661
465500,975,train,eikonal,0.04295162111520767
465500,975,train,render,0.22829067707061768
465500,975,train,total,0.2325858324766159
465600,976,train,eikonal,0.06724245846271515
465600,976,train,render,0.12307313829660416
465600,976,train,total,0.12979738414287567
465700,976,train,eikonal,0.03720967471599579
465700,976,train,render,0.26915794610977173
465700,976,train,total,0.2728789150714874
465800,976,train,eikonal,0.06769419461488724
465800,976,train,render,0.09968365728855133
465800,976,train,total,0.106453076004982
465900,976,train,eikonal,0.05170869082212448
465900,976,train,render,0.2038583904504776
465900,976,train,total,0.20902925729751587
466000,976,train,eikonal,0.07214809209108353
466000,976,train,render,0.09599269926548004
466000,976,train,total,0.10320750623941422
466100,977,train,eikonal,0.06754443049430847
466100,977,train,render,0.09071091562509537
466100,977,train,total,0.09746535867452621
466200,977,train,eikonal,0.056045301258563995
466200,977,train,render,0.1428312510251999
466200,977,train,total,0.1484357863664627
466300,977,train,eikonal,0.04922083020210266
466300,977,train,render,0.1969481259584427
466300,977,train,total,0.20187020301818848
466400,977,train,eikonal,0.06618442386388779
466400,977,train,render,0.10846570134162903
466400,977,train,total,0.11508414149284363
466500,977,train,eikonal,0.04195933789014816
466500,977,train,render,0.23146578669548035
466500,977,train,total,0.23566171526908875
466600,978,train,eikonal,0.0527525395154953
466600,978,train,render,0.1794794797897339
466600,978,train,total,0.18475472927093506
466700,978,train,eikonal,0.05290444195270538
466700,978,train,render,0.19341087341308594
466700,978,train,total,0.19870132207870483
466800,978,train,eikonal,0.04789923503994942
466800,978,train,render,0.22887209057807922
466800,978,train,total,0.23366200923919678
466900,978,train,eikonal,0.03719724714756012
466900,978,train,render,0.2889171242713928
466900,978,train,total,0.29263684153556824
467000,979,train,eikonal,0.06884977966547012
467000,979,train,render,0.11705736815929413
467000,979,train,total,0.12394234538078308
467100,979,train,eikonal,0.0525566041469574
467100,979,train,render,0.20926187932491302
467100,979,train,total,0.2145175337791443
467200,979,train,eikonal,0.06970864534378052
467200,979,train,render,0.09110911190509796
467200,979,train,total,0.09807997941970825
467300,979,train,eikonal,0.037372052669525146
467300,979,train,render,0.24375052750110626
467300,979,train,total,0.24748773872852325
467400,979,train,eikonal,0.02972421981394291
467400,979,train,render,0.330911248922348
467400,979,train,total,0.333883672952652
467500,980,train,eikonal,0.05078674107789993
467500,980,train,render,0.20404186844825745
467500,980,train,total,0.20912054181098938
467600,980,train,eikonal,0.04455537721514702
467600,980,train,render,0.21156732738018036
467600,980,train,total,0.21602286398410797
467700,980,train,eikonal,0.02933332324028015
467700,980,train,render,0.3431163430213928
467700,980,train,total,0.3460496664047241
467800,980,train,eikonal,0.05597111955285072
467800,980,train,render,0.13452276587486267
467800,980,train,total,0.14011988043785095
467900,980,train,eikonal,0.03251487389206886
467900,980,train,render,0.3010629415512085
467900,980,train,total,0.30431443452835083
468000,981,train,eikonal,0.07093299925327301
468000,981,train,render,0.11729011684656143
468000,981,train,total,0.12438341975212097
468100,981,train,eikonal,0.06296468526124954
468100,981,train,render,0.13261161744594574
468100,981,train,total,0.13890808820724487
468200,981,train,eikonal,0.0507085919380188
468200,981,train,render,0.23462332785129547
468200,981,train,total,0.23969419300556183
468300,981,train,eikonal,0.06957298517227173
468300,981,train,render,0.09190444648265839
468300,981,train,total,0.09886174649000168
468400,981,train,eikonal,0.03449121117591858
468400,981,train,render,0.34448474645614624
468400,981,train,total,0.3479338586330414
468500,982,train,eikonal,0.04332513362169266
468500,982,train,render,0.2410784214735031
468500,982,train,total,0.24541093409061432
468600,982,train,eikonal,0.04910100996494293
468600,982,train,render,0.17900696396827698
468600,982,train,total,0.1839170604944229
468700,982,train,eikonal,0.045181676745414734
468700,982,train,render,0.23218663036823273
468700,982,train,total,0.23670479655265808
468800,982,train,eikonal,0.04949396848678589
468800,982,train,render,0.22967520356178284
468800,982,train,total,0.23462459444999695
468900,983,train,eikonal,0.04769104719161987
468900,983,train,render,0.1807328462600708
468900,983,train,total,0.18550194799900055
469000,983,train,eikonal,0.03602512180805206
469000,983,train,render,0.29912930727005005
469000,983,train,total,0.30273181200027466
469100,983,train,eikonal,0.06939642131328583
469100,983,train,render,0.09291870892047882
469100,983,train,total,0.0998583510518074
469200,983,train,eikonal,0.052327364683151245
469200,983,train,render,0.18029430508613586
469200,983,train,total,0.185527041554451
469300,983,train,eikonal,0.07085554301738739
469300,983,train,render,0.0922931581735611
469300,983,train,total,0.09937871247529984
469400,984,train,eikonal,0.06790024042129517
469400,984,train,render,0.11132635921239853
469400,984,train,total,0.11811638623476028
469500,984,train,eikonal,0.046449996531009674
469500,984,train,render,0.1943834125995636
469500,984,train,total,0.19902841746807098
469600,984,train,eikonal,0.058124735951423645
469600,984,train,render,0.146996408700943
469600,984,train,total,0.15280887484550476
469700,984,train,eikonal,0.045154377818107605
469700,984,train,render,0.2119339108467102
469700,984,train,total,0.21644935011863708
469800,984,train,eikonal,0.054332274943590164
469800,984,train,render,0.18711227178573608
469800,984,train,total,0.19254550337791443
469900,985,train,eikonal,0.06400717049837112
469900,985,train,render,0.09928274899721146
469900,985,train,total,0.10568346828222275
470000,985,train,eikonal,0.06666215509176254
470000,985,train,render,0.09779533743858337
470000,985,train,total,0.10446155071258545
470100,985,train,eikonal,0.06108292192220688
470100,985,train,render,0.13398441672325134
470100,985,train,total,0.14009271562099457
470200,985,train,eikonal,0.04342266172170639
470200,985,train,render,0.26309508085250854
470200,985,train,total,0.2674373388290405
470300,985,train,eikonal,0.05558555945754051
470300,985,train,render,0.17731869220733643
470300,985,train,total,0.18287724256515503
470400,986,train,eikonal,0.07120965421199799
470400,986,train,render,0.11064369231462479
470400,986,train,total,0.1177646592259407
470500,986,train,eikonal,0.05083345249295235
470500,986,train,render,0.21179281175136566
470500,986,train,total,0.21687616407871246
470600,986,train,eikonal,0.05330212041735649
470600,986,train,render,0.19966652989387512
470600,986,train,total,0.2049967348575592
470700,986,train,eikonal,0.05708719417452812
470700,986,train,render,0.14759136736392975
470700,986,train,total,0.15330009162425995
470800,987,train,eikonal,0.0718226507306099
470800,987,train,render,0.09309224784374237
470800,987,train,total,0.10027451068162918
470900,987,train,eikonal,0.051730088889598846
470900,987,train,render,0.19077390432357788
470900,987,train,total,0.19594691693782806
471000,987,train,eikonal,0.0742197036743164
471000,987,train,render,0.09401509165763855
471000,987,train,total,0.10143706202507019
471100,987,train,eikonal,0.05286265164613724
471100,987,train,render,0.18831275403499603
471100,987,train,total,0.19359901547431946
471200,987,train,eikonal,0.05259159579873085
471200,987,train,render,0.20647041499614716
471200,987,train,total,0.21172957122325897
471300,988,train,eikonal,0.06928560137748718
471300,988,train,render,0.09990087151527405
471300,988,train,total,0.106829434633255
471400,988,train,eikonal,0.06416420638561249
471400,988,train,render,0.10654395818710327
471400,988,train,total,0.11296037584543228
471500,988,train,eikonal,0.07088880240917206
471500,988,train,render,0.0949312299489975
471500,988,train,total,0.10202010720968246
471600,988,train,eikonal,0.040830858051776886
471600,988,train,render,0.24200668931007385
471600,988,train,total,0.24608977138996124
471700,988,train,eikonal,0.06393027305603027
471700,988,train,render,0.0976843535900116
471700,988,train,total,0.10407738387584686
471800,989,train,eikonal,0.06561029702425003
471800,989,train,render,0.08805398643016815
471800,989,train,total,0.09461501240730286
471900,989,train,eikonal,0.052616626024246216
471900,989,train,render,0.16127845644950867
471900,989,train,total,0.16654011607170105
472000,989,train,eikonal,0.04752553999423981
472000,989,train,render,0.21132761240005493
472000,989,train,total,0.21608015894889832
472100,989,train,eikonal,0.04733138531446457
472100,989,train,render,0.21164372563362122
472100,989,train,total,0.2163768708705902
472200,989,train,eikonal,0.0566997304558754
472200,989,train,render,0.15476840734481812
472200,989,train,total,0.16043837368488312
472300,990,train,eikonal,0.069215327501297
472300,990,train,render,0.11083940416574478
472300,990,train,total,0.11776093393564224
472400,990,train,eikonal,0.05507291108369827
472400,990,train,render,0.1607712060213089
472400,990,train,total,0.16627849638462067
472500,990,train,eikonal,0.05562213063240051
472500,990,train,render,0.14430028200149536
472500,990,train,total,0.14986249804496765
472600,990,train,eikonal,0.03860108554363251
472600,990,train,render,0.30362170934677124
472600,990,train,total,0.3074818253517151
472700,990,train,eikonal,0.07220424711704254
472700,990,train,render,0.10934724658727646
472700,990,train,total,0.11656767129898071
472800,991,train,eikonal,0.05173162370920181
472800,991,train,render,0.19759561121463776
472800,991,train,total,0.20276877284049988
472900,991,train,eikonal,0.06759141385555267
472900,991,train,render,0.09659411013126373
472900,991,train,total,0.10335325449705124
473000,991,train,eikonal,0.051685772836208344
473000,991,train,render,0.19974491000175476
473000,991,train,total,0.20491348206996918
473100,991,train,eikonal,0.05078274756669998
473100,991,train,render,0.1751096546649933
473100,991,train,total,0.18018792569637299
473200,992,train,eikonal,0.021027833223342896
473200,992,train,render,0.36546292901039124
473200,992,train,total,0.36756572127342224
473300,992,train,eikonal,0.05001435428857803
473300,992,train,render,0.18887190520763397
473300,992,train,total,0.1938733458518982
473400,992,train,eikonal,0.04937838017940521
473400,992,train,render,0.20593030750751495
473400,992,train,total,0.21086814999580383
473500,992,train,eikonal,0.02898959070444107
473500,992,train,render,0.30335578322410583
473500,992,train,total,0.3062547445297241
473600,992,train,eikonal,0.0664156824350357
473600,992,train,render,0.10026462376117706
473600,992,train,total,0.10690619051456451
473700,993,train,eikonal,0.06986821442842484
473700,993,train,render,0.08821672946214676
473700,993,train,total,0.09520354866981506
473800,993,train,eikonal,0.055148303508758545
473800,993,train,render,0.1989756077528
473800,993,train,total,0.20449043810367584
473900,993,train,eikonal,0.07068618386983871
473900,993,train,render,0.09587380290031433
473900,993,train,total,0.10294242203235626
474000,993,train,eikonal,0.04677461087703705
474000,993,train,render,0.21932187676429749
474000,993,train,total,0.22399933636188507
474100,993,train,eikonal,0.057089123874902725
474100,993,train,render,0.15023212134838104
474100,993,train,total,0.15594103932380676
474200,994,train,eikonal,0.052465323358774185
474200,994,train,render,0.20526136457920074
474200,994,train,total,0.21050789952278137
474300,994,train,eikonal,0.028109945356845856
474300,994,train,render,0.3135058879852295
474300,994,train,total,0.3163168728351593
474400,994,train,eikonal,0.034553464502096176
474400,994,train,render,0.2736387550830841
474400,994,train,total,0.2770940959453583
474500,994,train,eikonal,0.06039641052484512
474500,994,train,render,0.12085792422294617
474500,994,train,total,0.12689755856990814
474600,994,train,eikonal,0.07352292537689209
474600,994,train,render,0.09449897706508636
474600,994,train,total,0.10185126960277557
474700,995,train,eikonal,0.04886707663536072
474700,995,train,render,0.20205801725387573
474700,995,train,total,0.20694471895694733
474800,995,train,eikonal,0.05026158690452576
474800,995,train,render,0.1712341457605362
474800,995,train,total,0.176260307431221
474900,995,train,eikonal,0.053189072757959366
474900,995,train,render,0.1538139134645462
474900,995,train,total,0.15913282334804535
475000,995,train,eikonal,0.0570729523897171
475000,995,train,render,0.18744532763957977
475000,995,train,total,0.19315262138843536
475100,996,train,eikonal,0.07016818970441818
475100,996,train,render,0.10023234039545059
475100,996,train,total,0.10724915564060211
475200,996,train,eikonal,0.02896992489695549
475200,996,train,render,0.3129069209098816
475200,996,train,total,0.3158039152622223
475300,996,train,eikonal,0.052705924957990646
475300,996,train,render,0.1460181027650833
475300,996,train,total,0.1512886881828308
475400,996,train,eikonal,0.03392886370420456
475400,996,train,render,0.29915452003479004
475400,996,train,total,0.3025473952293396
475500,996,train,eikonal,0.0703774243593216
475500,996,train,render,0.10676629841327667
475500,996,train,total,0.11380404233932495
475600,997,train,eikonal,0.04774031788110733
475600,997,train,render,0.21716375648975372
475600,997,train,total,0.22193779051303864
475700,997,train,eikonal,0.056626033037900925
475700,997,train,render,0.15017199516296387
475700,997,train,total,0.1558346003293991
475800,997,train,eikonal,0.05872095376253128
475800,997,train,render,0.1423487663269043
475800,997,train,total,0.14822086691856384
475900,997,train,eikonal,0.048888497054576874
475900,997,train,render,0.1666381061077118
475900,997,train,total,0.1715269535779953
476000,997,train,eikonal,0.05450543016195297
476000,997,train,render,0.15598534047603607
476000,997,train,total,0.16143588721752167
476100,998,train,eikonal,0.0410749688744545
476100,998,train,render,0.23952274024486542
476100,998,train,total,0.24363023042678833
476200,998,train,eikonal,0.07187263667583466
476200,998,train,render,0.10293932259082794
476200,998,train,total,0.11012658476829529
476300,998,train,eikonal,0.03519287705421448
476300,998,train,render,0.32239770889282227
476300,998,train,total,0.32591700553894043
476400,998,train,eikonal,0.028344832360744476
476400,998,train,render,0.31443703174591064
476400,998,train,total,0.31727150082588196
476500,998,train,eikonal,0.04802671819925308
476500,998,train,render,0.20764853060245514
476500,998,train,total,0.21245120465755463
476600,999,train,eikonal,0.064089834690094
476600,999,train,render,0.12462763488292694
476600,999,train,total,0.13103662431240082
476700,999,train,eikonal,0.050696998834609985
476700,999,train,render,0.18827497959136963
476700,999,train,total,0.19334468245506287
476800,999,train,eikonal,0.027747832238674164
476800,999,train,render,0.30199021100997925
476800,999,train,total,0.304764986038208
476900,999,train,eikonal,0.06528622657060623
476900,999,train,render,0.09709091484546661
476900,999,train,total,0.1036195382475853
477000,1000,train,eikonal,0.05189201235771179
477000,1000,train,render,0.19135984778404236
477000,1000,train,total,0.19654904305934906
477100,1000,train,eikonal,0.050534725189208984
477100,1000,train,render,0.16717429459095
477100,1000,train,total,0.17222777009010315
477200,1000,train,eikonal,0.03148362785577774
477200,1000,train,render,0.3004249036312103
477200,1000,train,total,0.30357328057289124
477300,1000,train,eikonal,0.05138310045003891
477300,1000,train,render,0.1986066699028015
477300,1000,train,total,0.20374497771263123
477400,1000,train,eikonal,0.03049168735742569
477400,1000,train,render,0.30364924669265747
477400,1000,train,total,0.30669841170310974
477500,1001,train,eikonal,0.05071355402469635
477500,1001,train,render,0.18565067648887634
477500,1001,train,total,0.1907220333814621
477600,1001,train,eikonal,0.04798584431409836
477600,1001,train,render,0.20121721923351288
477600,1001,train,total,0.20601581037044525
477700,1001,train,eikonal,0.033208489418029785
477700,1001,train,render,0.30715513229370117
477700,1001,train,total,0.3104759752750397
477800,1001,train,eikonal,0.036275338381528854
477800,1001,train,render,0.2720232605934143
477800,1001,train,total,0.2756507992744446
477900,1001,train,eikonal,0.02575724571943283
477900,1001,train,render,0.32744067907333374
477900,1001,train,total,0.3300164043903351
478000,1002,train,eikonal,0.050151582807302475
478000,1002,train,render,0.2295455038547516
478000,1002,train,total,0.23456066846847534
478100,1002,train,eikonal,0.055303461849689484
478100,1002,train,render,0.2053290605545044
478100,1002,train,total,0.21085940301418304
478200,1002,train,eikonal,0.04894872009754181
478200,1002,train,render,0.2088811844587326
478200,1002,train,total,0.21377605199813843
478300,1002,train,eikonal,0.05046719312667847
478300,1002,train,render,0.2038220763206482
478300,1002,train,total,0.20886880159378052
478400,1002,train,eikonal,0.06992321461439133
478400,1002,train,render,0.09092576801776886
478400,1002,train,total,0.09791809320449829
478500,1003,train,eikonal,0.04611367732286453
478500,1003,train,render,0.1962619423866272
478500,1003,train,total,0.20087331533432007
478600,1003,train,eikonal,0.053801193833351135
478600,1003,train,render,0.17143209278583527
478600,1003,train,total,0.17681221663951874
478700,1003,train,eikonal,0.04876238852739334
478700,1003,train,render,0.23281587660312653
478700,1003,train,total,0.23769211769104004
478800,1003,train,eikonal,0.06786182522773743
478800,1003,train,render,0.13100609183311462
478800,1003,train,total,0.13779227435588837
478900,1003,train,eikonal,0.05653766542673111
478900,1003,train,render,0.1883755922317505
478900,1003,train,total,0.19402936100959778
479000,1004,train,eikonal,0.028079930692911148
479000,1004,train,render,0.3435731828212738
479000,1004,train,total,0.34638118743896484
479100,1004,train,eikonal,0.0460725761950016
479100,1004,train,render,0.2137632519006729
479100,1004,train,total,0.21837051212787628
479200,1004,train,eikonal,0.06585735827684402
479200,1004,train,render,0.09853673726320267
479200,1004,train,total,0.10512247681617737
479300,1004,train,eikonal,0.0250551700592041
479300,1004,train,render,0.32796573638916016
479300,1004,train,total,0.3304712474346161
479400,1005,train,eikonal,0.06792834401130676
479400,1005,train,render,0.11098398268222809
479400,1005,train,total,0.11777681857347488
479500,1005,train,eikonal,0.03274712711572647
479500,1005,train,render,0.27397656440734863
479500,1005,train,total,0.277251273393631
479600,1005,train,eikonal,0.05382590740919113
479600,1005,train,render,0.17166242003440857
479600,1005,train,total,0.17704501748085022
479700,1005,train,eikonal,0.052507705986499786
479700,1005,train,render,0.20061811804771423
479700,1005,train,total,0.2058688849210739
479800,1005,train,eikonal,0.03356434777379036
479800,1005,train,render,0.28093791007995605
479800,1005,train,total,0.28429433703422546
479900,1006,train,eikonal,0.05209508538246155
479900,1006,train,render,0.1942664533853531
479900,1006,train,total,0.199475958943367
480000,1006,train,eikonal,0.030391812324523926
480000,1006,train,render,0.30289825797080994
480000,1006,train,total,0.30593743920326233
480100,1006,train,eikonal,0.06748640537261963
480100,1006,train,render,0.10644091665744781
480100,1006,train,total,0.11318955570459366
480200,1006,train,eikonal,0.03879672288894653
480200,1006,train,render,0.2544577717781067
480200,1006,train,total,0.25833743810653687
480300,1006,train,eikonal,0.06750248372554779
480300,1006,train,render,0.09741979837417603
480300,1006,train,total,0.1041700467467308
480400,1007,train,eikonal,0.050564274191856384
480400,1007,train,render,0.17085611820220947
480400,1007,train,total,0.175912544131279
480500,1007,train,eikonal,0.06766064465045929
480500,1007,train,render,0.10137568414211273
480500,1007,train,total,0.10814175009727478
480600,1007,train,eikonal,0.05203577131032944
480600,1007,train,render,0.16882026195526123
480600,1007,train,total,0.17402383685112
480700,1007,train,eikonal,0.028751853853464127
480700,1007,train,render,0.32515132427215576
480700,1007,train,total,0.32802650332450867
480800,1007,train,eikonal,0.0659538060426712
480800,1007,train,render,0.09067822247743607
480800,1007,train,total,0.09727360308170319
480900,1008,train,eikonal,0.05004438757896423
480900,1008,train,render,0.20960909128189087
480900,1008,train,total,0.21461352705955505
481000,1008,train,eikonal,0.06582216173410416
481000,1008,train,render,0.08870644122362137
481000,1008,train,total,0.09528865665197372
481100,1008,train,eikonal,0.05664944648742676
481100,1008,train,render,0.16753676533699036
481100,1008,train,total,0.17320170998573303
481200,1008,train,eikonal,0.0659802034497261
481200,1008,train,render,0.08091136813163757
481200,1008,train,total,0.087509386241436
481300,1009,train,eikonal,0.04850045219063759
481300,1009,train,render,0.23573583364486694
481300,1009,train,total,0.24058587849140167
481400,1009,train,eikonal,0.07088139653205872
481400,1009,train,render,0.0902116522192955
481400,1009,train,total,0.09729979187250137
481500,1009,train,eikonal,0.044275689870119095
481500,1009,train,render,0.2344694584608078
481500,1009,train,total,0.23889702558517456
481600,1009,train,eikonal,0.03934631124138832
481600,1009,train,render,0.24168799817562103
481600,1009,train,total,0.2456226348876953
481700,1009,train,eikonal,0.05976339802145958
481700,1009,train,render,0.13161957263946533
481700,1009,train,total,0.13759590685367584
481800,1010,train,eikonal,0.0488838255405426
481800,1010,train,render,0.19247382879257202
481800,1010,train,total,0.19736221432685852
481900,1010,train,eikonal,0.04198216646909714
481900,1010,train,render,0.22828152775764465
481900,1010,train,total,0.2324797511100769
482000,1010,train,eikonal,0.027071921154856682
482000,1010,train,render,0.3104006052017212
482000,1010,train,total,0.31310778856277466
482100,1010,train,eikonal,0.06612849235534668
482100,1010,train,render,0.11614052206277847
482100,1010,train,total,0.12275337427854538
482200,1010,train,eikonal,0.037167515605688095
482200,1010,train,render,0.27841442823410034
482200,1010,train,total,0.282131165266037
482300,1011,train,eikonal,0.04571032524108887
482300,1011,train,render,0.21214205026626587
482300,1011,train,total,0.216713085770607
482400,1011,train,eikonal,0.056629762053489685
482400,1011,train,render,0.17975425720214844
482400,1011,train,total,0.18541723489761353
482500,1011,train,eikonal,0.0709388330578804
482500,1011,train,render,0.09555293619632721
482500,1011,train,total,0.10264682024717331
482600,1011,train,eikonal,0.06315542757511139
482600,1011,train,render,0.1452106535434723
482600,1011,train,total,0.15152619779109955
482700,1011,train,eikonal,0.0458354577422142
482700,1011,train,render,0.2134314626455307
482700,1011,train,total,0.21801501512527466
482800,1012,train,eikonal,0.054027773439884186
482800,1012,train,render,0.19556906819343567
482800,1012,train,total,0.2009718418121338
482900,1012,train,eikonal,0.04724279046058655
482900,1012,train,render,0.20888279378414154
482900,1012,train,total,0.2136070728302002
483000,1012,train,eikonal,0.05246502906084061
483000,1012,train,render,0.1621086299419403
483000,1012,train,total,0.16735513508319855
483100,1012,train,eikonal,0.05192409083247185
483100,1012,train,render,0.16669431328773499
483100,1012,train,total,0.17188672721385956
483200,1012,train,eikonal,0.034128136932849884
483200,1012,train,render,0.3021326959133148
483200,1012,train,total,0.30554550886154175
483300,1013,train,eikonal,0.02895812690258026
483300,1013,train,render,0.30622410774230957
483300,1013,train,total,0.30911991000175476
483400,1013,train,eikonal,0.062210336327552795
483400,1013,train,render,0.08388371765613556
483400,1013,train,total,0.09010475128889084
483500,1013,train,eikonal,0.034997060894966125
483500,1013,train,render,0.2820834517478943
483500,1013,train,total,0.28558316826820374
483600,1013,train,eikonal,0.05418317764997482
483600,1013,train,render,0.1392829716205597
483600,1013,train,total,0.144701287150383
483700,1014,train,eikonal,0.04381515085697174
483700,1014,train,render,0.2127484679222107
483700,1014,train,total,0.21712997555732727
483800,1014,train,eikonal,0.04912985861301422
483800,1014,train,render,0.18241149187088013
483800,1014,train,total,0.18732447922229767
483900,1014,train,eikonal,0.052693478763103485
483900,1014,train,render,0.192277729511261
483900,1014,train,total,0.1975470781326294
484000,1014,train,eikonal,0.0708383172750473
484000,1014,train,render,0.09158196300268173
484000,1014,train,total,0.09866579622030258
484100,1014,train,eikonal,0.05531363934278488
484100,1014,train,render,0.18827489018440247
484100,1014,train,total,0.1938062608242035
484200,1015,train,eikonal,0.05460193753242493
484200,1015,train,render,0.19128768146038055
484200,1015,train,total,0.19674786925315857
484300,1015,train,eikonal,0.07376107573509216
484300,1015,train,render,0.1069997251033783
484300,1015,train,total,0.11437582969665527
484400,1015,train,eikonal,0.044550277292728424
484400,1015,train,render,0.2553379535675049
484400,1015,train,total,0.2597929835319519
484500,1015,train,eikonal,0.06248284503817558
484500,1015,train,render,0.1149049624800682
484500,1015,train,total,0.12115325033664703
484600,1015,train,eikonal,0.07212471961975098
484600,1015,train,render,0.10082466155290604
484600,1015,train,total,0.10803713649511337
484700,1016,train,eikonal,0.025003178045153618
484700,1016,train,render,0.34969085454940796
484700,1016,train,total,0.35219117999076843
484800,1016,train,eikonal,0.06721340119838715
484800,1016,train,render,0.09741461277008057
484800,1016,train,total,0.10413595288991928
484900,1016,train,eikonal,0.03199959918856621
484900,1016,train,render,0.31036221981048584
484900,1016,train,total,0.31356218457221985
485000,1016,train,eikonal,0.03524281829595566
485000,1016,train,render,0.24699091911315918
485000,1016,train,total,0.2505151927471161
485100,1016,train,eikonal,0.04667927324771881
485100,1016,train,render,0.2082080841064453
485100,1016,train,total,0.21287600696086884
485200,1017,train,eikonal,0.03295634686946869
485200,1017,train,render,0.3179624080657959
485200,1017,train,total,0.3212580382823944
485300,1017,train,eikonal,0.06872513890266418
485300,1017,train,render,0.09560646861791611
485300,1017,train,total,0.1024789810180664
485400,1017,train,eikonal,0.042882125824689865
485400,1017,train,render,0.23226550221443176
485400,1017,train,total,0.23655371367931366
485500,1017,train,eikonal,0.05119107663631439
485500,1017,train,render,0.16333672404289246
485500,1017,train,total,0.1684558391571045
485600,1018,train,eikonal,0.052820365875959396
485600,1018,train,render,0.1705344319343567
485600,1018,train,total,0.17581646144390106
485700,1018,train,eikonal,0.04751911014318466
485700,1018,train,render,0.17391005158424377
485700,1018,train,total,0.17866195738315582
485800,1018,train,eikonal,0.02806905098259449
485800,1018,train,render,0.3100947141647339
485800,1018,train,total,0.3129016160964966
485900,1018,train,eikonal,0.06815078854560852
485900,1018,train,render,0.09611538052558899
485900,1018,train,total,0.1029304563999176
486000,1018,train,eikonal,0.049624405801296234
486000,1018,train,render,0.22509416937828064
486000,1018,train,total,0.23005661368370056
486100,1019,train,eikonal,0.04640618711709976
486100,1019,train,render,0.20008724927902222
486100,1019,train,total,0.2047278732061386
486200,1019,train,eikonal,0.05245213955640793
486200,1019,train,render,0.1801336705684662
486200,1019,train,total,0.18537887930870056
486300,1019,train,eikonal,0.05721386894583702
486300,1019,train,render,0.13665258884429932
486300,1019,train,total,0.1423739790916443
486400,1019,train,eikonal,0.0675240233540535
486400,1019,train,render,0.10880500078201294
486400,1019,train,total,0.11555740237236023
486500,1019,train,eikonal,0.06947584450244904
486500,1019,train,render,0.08677379786968231
486500,1019,train,total,0.09372138231992722
486600,1020,train,eikonal,0.06327661871910095
486600,1020,train,render,0.12325459718704224
486600,1020,train,total,0.1295822560787201
486700,1020,train,eikonal,0.050569891929626465
486700,1020,train,render,0.19272704422473907
486700,1020,train,total,0.19778403639793396
486800,1020,train,eikonal,0.0641399398446083
486800,1020,train,render,0.10165594518184662
486800,1020,train,total,0.10806994140148163
486900,1020,train,eikonal,0.038328494876623154
486900,1020,train,render,0.26587939262390137
486900,1020,train,total,0.2697122395038605
487000,1020,train,eikonal,0.043184809386730194
487000,1020,train,render,0.22808679938316345
487000,1020,train,total,0.23240527510643005
487100,1021,train,eikonal,0.0678357183933258
487100,1021,train,render,0.10557509958744049
487100,1021,train,total,0.11235867440700531
487200,1021,train,eikonal,0.05496468394994736
487200,1021,train,render,0.1766168177127838
487200,1021,train,total,0.18211328983306885
487300,1021,train,eikonal,0.030375169590115547
487300,1021,train,render,0.26154816150665283
487300,1021,train,total,0.2645856738090515
487400,1021,train,eikonal,0.06808771193027496
487400,1021,train,render,0.09889968484640121
487400,1021,train,total,0.10570845752954483
487500,1022,train,eikonal,0.06515102088451385
487500,1022,train,render,0.08554725348949432
487500,1022,train,total,0.09206235408782959
487600,1022,train,eikonal,0.04567279294133186
487600,1022,train,render,0.1857580840587616
487600,1022,train,total,0.19032536447048187
487700,1022,train,eikonal,0.03686783090233803
487700,1022,train,render,0.289192259311676
487700,1022,train,total,0.29287904500961304
487800,1022,train,eikonal,0.0669853687286377
487800,1022,train,render,0.09885350614786148
487800,1022,train,total,0.10555204004049301
487900,1022,train,eikonal,0.07244743406772614
487900,1022,train,render,0.10372068732976913
487900,1022,train,total,0.11096543073654175
488000,1023,train,eikonal,0.04152368754148483
488000,1023,train,render,0.25553590059280396
488000,1023,train,total,0.25968825817108154
488100,1023,train,eikonal,0.04773949831724167
488100,1023,train,render,0.19042393565177917
488100,1023,train,total,0.19519788026809692
488200,1023,train,eikonal,0.06656837463378906
488200,1023,train,render,0.0816810205578804
488200,1023,train,total,0.08833786100149155
488300,1023,train,eikonal,0.0574030727148056
488300,1023,train,render,0.14546069502830505
488300,1023,train,total,0.1512010097503662
488400,1023,train,eikonal,0.06800098717212677
488400,1023,train,render,0.12120065093040466
488400,1023,train,total,0.12800075113773346
488500,1024,train,eikonal,0.052353765815496445
488500,1024,train,render,0.1959206610918045
488500,1024,train,total,0.20115603506565094
488600,1024,train,eikonal,0.04958392679691315
488600,1024,train,render,0.21020939946174622
488600,1024,train,total,0.2151677906513214
488700,1024,train,eikonal,0.0727865993976593
488700,1024,train,render,0.10753092169761658
488700,1024,train,total,0.11480958014726639
488800,1024,train,eikonal,0.050221968442201614
488800,1024,train,render,0.20183759927749634
488800,1024,train,total,0.2068597972393036
488900,1024,train,eikonal,0.05556228756904602
488900,1024,train,render,0.20652446150779724
488900,1024,train,total,0.2120806872844696
489000,1025,train,eikonal,0.06962715834379196
489000,1025,train,render,0.10393901914358139
489000,1025,train,total,0.11090173572301865
489100,1025,train,eikonal,0.06136488541960716
489100,1025,train,render,0.10392844676971436
489100,1025,train,total,0.11006493866443634
489200,1025,train,eikonal,0.06615075469017029
489200,1025,train,render,0.10881909728050232
489200,1025,train,total,0.11543416976928711
489300,1025,train,eikonal,0.06915390491485596
489300,1025,train,render,0.10552769154310226
489300,1025,train,total,0.11244308203458786
489400,1025,train,eikonal,0.06966017186641693
489400,1025,train,render,0.10365033149719238
489400,1025,train,total,0.11061634868383408
489500,1026,train,eikonal,0.050459086894989014
489500,1026,train,render,0.20091591775417328
489500,1026,train,total,0.20596182346343994
489600,1026,train,eikonal,0.04680624604225159
489600,1026,train,render,0.21802759170532227
489600,1026,train,total,0.22270821034908295
489700,1026,train,eikonal,0.051134973764419556
489700,1026,train,render,0.18757371604442596
489700,1026,train,total,0.19268721342086792
489800,1026,train,eikonal,0.05225913226604462
489800,1026,train,render,0.17409446835517883
489800,1026,train,total,0.17932038009166718
489900,1027,train,eikonal,0.04791667312383652
489900,1027,train,render,0.19893300533294678
489900,1027,train,total,0.203724667429924
490000,1027,train,eikonal,0.04060227796435356
490000,1027,train,render,0.2347738891839981
490000,1027,train,total,0.23883411288261414
490100,1027,train,eikonal,0.022895552217960358
490100,1027,train,render,0.33947885036468506
490100,1027,train,total,0.34176841378211975
490200,1027,train,eikonal,0.04902714863419533
490200,1027,train,render,0.20189067721366882
490200,1027,train,total,0.2067933976650238
490300,1027,train,eikonal,0.06399918347597122
490300,1027,train,render,0.11320552229881287
490300,1027,train,total,0.11960543692111969
490400,1028,train,eikonal,0.03652893751859665
490400,1028,train,render,0.24035710096359253
490400,1028,train,total,0.24401000142097473
490500,1028,train,eikonal,0.040913768112659454
490500,1028,train,render,0.2365567982196808
490500,1028,train,total,0.24064818024635315
490600,1028,train,eikonal,0.04990144073963165
490600,1028,train,render,0.2098647505044937
490600,1028,train,total,0.214854896068573
490700,1028,train,eikonal,0.05186009034514427
490700,1028,train,render,0.18339157104492188
490700,1028,train,total,0.1885775774717331
490800,1028,train,eikonal,0.05666188523173332
490800,1028,train,render,0.16958041489124298
490800,1028,train,total,0.17524659633636475
490900,1029,train,eikonal,0.051173821091651917
490900,1029,train,render,0.20507580041885376
490900,1029,train,total,0.2101931869983673
491000,1029,train,eikonal,0.0676032304763794
491000,1029,train,render,0.11991658061742783
491000,1029,train,total,0.12667690217494965
491100,1029,train,eikonal,0.0727667361497879
491100,1029,train,render,0.09474040567874908
491100,1029,train,total,0.10201708227396011
491200,1029,train,eikonal,0.05961110442876816
491200,1029,train,render,0.15214768052101135
491200,1029,train,total,0.15810878574848175
491300,1029,train,eikonal,0.051554616540670395
491300,1029,train,render,0.17133218050003052
491300,1029,train,total,0.17648763954639435
491400,1030,train,eikonal,0.06892675161361694
491400,1030,train,render,0.08948066830635071
491400,1030,train,total,0.09637334197759628
491500,1030,train,eikonal,0.058389559388160706
491500,1030,train,render,0.12497701495885849
491500,1030,train,total,0.13081596791744232
491600,1030,train,eikonal,0.03078896924853325
491600,1030,train,render,0.2879449725151062
491600,1030,train,total,0.2910238802433014
491700,1030,train,eikonal,0.03263748809695244
491700,1030,train,render,0.2881318926811218
491700,1030,train,total,0.2913956344127655
491800,1031,train,eikonal,0.03163807839155197
491800,1031,train,render,0.2884972095489502
491800,1031,train,total,0.29166102409362793
491900,1031,train,eikonal,0.051336243748664856
491900,1031,train,render,0.2151900976896286
491900,1031,train,total,0.22032372653484344
492000,1031,train,eikonal,0.05434650927782059
492000,1031,train,render,0.14463835954666138
492000,1031,train,total,0.15007300674915314
492100,1031,train,eikonal,0.06405720114707947
492100,1031,train,render,0.1212388202548027
492100,1031,train,total,0.12764453887939453
492200,1031,train,eikonal,0.05275529623031616
492200,1031,train,render,0.15757116675376892
492200,1031,train,total,0.16284669935703278
492300,1032,train,eikonal,0.06208242475986481
492300,1032,train,render,0.10044030100107193
492300,1032,train,total,0.10664854198694229
492400,1032,train,eikonal,0.04257628321647644
492400,1032,train,render,0.23659783601760864
492400,1032,train,total,0.24085547029972076
492500,1032,train,eikonal,0.05009087920188904
492500,1032,train,render,0.18080274760723114
492500,1032,train,total,0.1858118325471878
492600,1032,train,eikonal,0.07208822667598724
492600,1032,train,render,0.10840286314487457
492600,1032,train,total,0.11561168730258942
492700,1032,train,eikonal,0.04253453388810158
492700,1032,train,render,0.25128448009490967
492700,1032,train,total,0.2555379271507263
492800,1033,train,eikonal,0.05610942468047142
492800,1033,train,render,0.1439822018146515
492800,1033,train,total,0.14959314465522766
492900,1033,train,eikonal,0.04967934638261795
492900,1033,train,render,0.2249765396118164
492900,1033,train,total,0.22994446754455566
493000,1033,train,eikonal,0.06710036098957062
493000,1033,train,render,0.10010664165019989
493000,1033,train,total,0.10681667923927307
493100,1033,train,eikonal,0.04965457320213318
493100,1033,train,render,0.17332231998443604
493100,1033,train,total,0.17828777432441711
493200,1033,train,eikonal,0.037002742290496826
493200,1033,train,render,0.2489558458328247
493200,1033,train,total,0.25265613198280334
493300,1034,train,eikonal,0.06948859989643097
493300,1034,train,render,0.08984853327274323
493300,1034,train,total,0.0967973917722702
493400,1034,train,eikonal,0.05194872245192528
493400,1034,train,render,0.21320369839668274
493400,1034,train,total,0.2183985710144043
493500,1034,train,eikonal,0.050978876650333405
493500,1034,train,render,0.17967787384986877
493500,1034,train,total,0.18477575480937958
493600,1034,train,eikonal,0.04552366957068443
493600,1034,train,render,0.19808676838874817
493600,1034,train,total,0.2026391327381134
493700,1035,train,eikonal,0.07092824578285217
493700,1035,train,render,0.09495598822832108
493700,1035,train,total,0.10204881429672241
493800,1035,train,eikonal,0.05760086700320244
493800,1035,train,render,0.15690499544143677
493800,1035,train,total,0.16266508400440216
493900,1035,train,eikonal,0.06275365501642227
493900,1035,train,render,0.10716361552476883
493900,1035,train,total,0.11343897879123688
494000,1035,train,eikonal,0.050621453672647476
494000,1035,train,render,0.18721191585063934
494000,1035,train,total,0.1922740638256073
494100,1035,train,eikonal,0.034163448959589005
494100,1035,train,render,0.28851205110549927
494100,1035,train,total,0.29192841053009033
494200,1036,train,eikonal,0.05121808499097824
494200,1036,train,render,0.21738505363464355
494200,1036,train,total,0.22250686585903168
494300,1036,train,eikonal,0.06529837101697922
494300,1036,train,render,0.09349913895130157
494300,1036,train,total,0.10002897679805756
494400,1036,train,eikonal,0.03291478380560875
494400,1036,train,render,0.3149154782295227
494400,1036,train,total,0.3182069659233093
494500,1036,train,eikonal,0.051379330456256866
494500,1036,train,render,0.18393635749816895
494500,1036,train,total,0.1890742927789688
494600,1036,train,eikonal,0.030698150396347046
494600,1036,train,render,0.31919941306114197
494600,1036,train,total,0.3222692310810089
494700,1037,train,eikonal,0.07324904948472977
494700,1037,train,render,0.09751196205615997
494700,1037,train,total,0.10483686625957489
494800,1037,train,eikonal,0.04765932261943817
494800,1037,train,render,0.22020015120506287
494800,1037,train,total,0.22496607899665833
494900,1037,train,eikonal,0.06977839767932892
494900,1037,train,render,0.12460530549287796
494900,1037,train,total,0.13158313930034637
495000,1037,train,eikonal,0.03285057842731476
495000,1037,train,render,0.29662519693374634
495000,1037,train,total,0.2999102473258972
495100,1037,train,eikonal,0.047966569662094116
495100,1037,train,render,0.19601258635520935
495100,1037,train,total,0.20080924034118652
495200,1038,train,eikonal,0.049766696989536285
495200,1038,train,render,0.19113989174365997
495200,1038,train,total,0.19611656665802002
495300,1038,train,eikonal,0.04850829392671585
495300,1038,train,render,0.21176931262016296
495300,1038,train,total,0.21662014722824097
495400,1038,train,eikonal,0.045366592705249786
495400,1038,train,render,0.21236944198608398
495400,1038,train,total,0.2169061005115509
495500,1038,train,eikonal,0.0537567213177681
495500,1038,train,render,0.18059049546718597
495500,1038,train,total,0.18596616387367249
495600,1038,train,eikonal,0.0533842071890831
495600,1038,train,render,0.23244456946849823
495600,1038,train,total,0.23778298497200012
495700,1039,train,eikonal,0.05601789802312851
495700,1039,train,render,0.16781559586524963
495700,1039,train,total,0.17341738939285278
495800,1039,train,eikonal,0.06723777949810028
495800,1039,train,render,0.13090264797210693
495800,1039,train,total,0.13762642443180084
495900,1039,train,eikonal,0.03161998465657234
495900,1039,train,render,0.31254297494888306
495900,1039,train,total,0.31570497155189514
496000,1039,train,eikonal,0.05607052147388458
496000,1039,train,render,0.19231009483337402
496000,1039,train,total,0.1979171484708786
496100,1040,train,eikonal,0.04185762256383896
496100,1040,train,render,0.23657488822937012
496100,1040,train,total,0.2407606542110443
496200,1040,train,eikonal,0.04786292463541031
496200,1040,train,render,0.18908844888210297
496200,1040,train,total,0.19387474656105042
496300,1040,train,eikonal,0.07028457522392273
496300,1040,train,render,0.1007440984249115
496300,1040,train,total,0.10777255892753601
496400,1040,train,eikonal,0.0500728078186512
496400,1040,train,render,0.1890307366847992
496400,1040,train,total,0.1940380185842514
496500,1040,train,eikonal,0.0441579595208168
496500,1040,train,render,0.21963389217853546
496500,1040,train,total,0.22404968738555908
496600,1041,train,eikonal,0.03795330598950386
496600,1041,train,render,0.26420748233795166
496600,1041,train,total,0.26800280809402466
496700,1041,train,eikonal,0.06228858232498169
496700,1041,train,render,0.13486404716968536
496700,1041,train,total,0.141092911362648
496800,1041,train,eikonal,0.05039989948272705
496800,1041,train,render,0.1793336123228073
496800,1041,train,total,0.18437360227108002
496900,1041,train,eikonal,0.04724036157131195
496900,1041,train,render,0.2108156830072403
496900,1041,train,total,0.21553972363471985
497000,1041,train,eikonal,0.04759148508310318
497000,1041,train,render,0.2117152065038681
497000,1041,train,total,0.21647435426712036
497100,1042,train,eikonal,0.029495641589164734
497100,1042,train,render,0.31044790148735046
497100,1042,train,total,0.31339746713638306
497200,1042,train,eikonal,0.055825427174568176
497200,1042,train,render,0.18183980882167816
497200,1042,train,total,0.18742235004901886
497300,1042,train,eikonal,0.04826360195875168
497300,1042,train,render,0.18605539202690125
497300,1042,train,total,0.19088175892829895
497400,1042,train,eikonal,0.06882248818874359
497400,1042,train,render,0.09667108207941055
497400,1042,train,total,0.10355333238840103
497500,1042,train,eikonal,0.04745929688215256
497500,1042,train,render,0.17847350239753723
497500,1042,train,total,0.18321943283081055
497600,1043,train,eikonal,0.06473352015018463
497600,1043,train,render,0.09234943985939026
497600,1043,train,total,0.09882279485464096
497700,1043,train,eikonal,0.07419406622648239
497700,1043,train,render,0.09455156326293945
497700,1043,train,total,0.10197097063064575
497800,1043,train,eikonal,0.03378957882523537
497800,1043,train,render,0.3253304660320282
497800,1043,train,total,0.3287094235420227
497900,1043,train,eikonal,0.04922843724489212
497900,1043,train,render,0.22534668445587158
497900,1043,train,total,0.23026952147483826
498000,1044,train,eikonal,0.051219284534454346
498000,1044,train,render,0.2035123109817505
498000,1044,train,total,0.20863424241542816
498100,1044,train,eikonal,0.037759847939014435
498100,1044,train,render,0.2681571841239929
498100,1044,train,total,0.2719331681728363
498200,1044,train,eikonal,0.05811941623687744
498200,1044,train,render,0.14327415823936462
498200,1044,train,total,0.1490861028432846
498300,1044,train,eikonal,0.06834171712398529
498300,1044,train,render,0.08362147212028503
498300,1044,train,total,0.09045564383268356
498400,1044,train,eikonal,0.06996234506368637
498400,1044,train,render,0.10881990194320679
498400,1044,train,total,0.1158161386847496
498500,1045,train,eikonal,0.0559881329536438
498500,1045,train,render,0.1559353470802307
498500,1045,train,total,0.1615341603755951
498600,1045,train,eikonal,0.06761880964040756
498600,1045,train,render,0.10357266664505005
498600,1045,train,total,0.11033454537391663
498700,1045,train,eikonal,0.0487191379070282
498700,1045,train,render,0.19148123264312744
498700,1045,train,total,0.19635315239429474
498800,1045,train,eikonal,0.05244169011712074
498800,1045,train,render,0.185262531042099
498800,1045,train,total,0.1905066967010498
498900,1045,train,eikonal,0.02544144168496132
498900,1045,train,render,0.33975690603256226
498900,1045,train,total,0.34230104088783264
499000,1046,train,eikonal,0.0636097639799118
499000,1046,train,render,0.10728158801794052
499000,1046,train,total,0.11364256590604782
499100,1046,train,eikonal,0.06964077800512314
499100,1046,train,render,0.09786757826805115
499100,1046,train,total,0.10483165830373764
499200,1046,train,eikonal,0.06419631838798523
499200,1046,train,render,0.11859802901744843
499200,1046,train,total,0.1250176578760147
499300,1046,train,eikonal,0.03508300334215164
499300,1046,train,render,0.27196693420410156
499300,1046,train,total,0.27547523379325867
499400,1046,train,eikonal,0.03221316635608673
499400,1046,train,render,0.32552486658096313
499400,1046,train,total,0.32874616980552673
499500,1047,train,eikonal,0.053604502230882645
499500,1047,train,render,0.15305134654045105
499500,1047,train,total,0.15841180086135864
499600,1047,train,eikonal,0.0656447783112526
499600,1047,train,render,0.10943646728992462
499600,1047,train,total,0.1160009428858757
499700,1047,train,eikonal,0.0691315159201622
499700,1047,train,render,0.10350304841995239
499700,1047,train,total,0.11041620373725891
499800,1047,train,eikonal,0.04493764042854309
499800,1047,train,render,0.23228046298027039
499800,1047,train,total,0.23677422106266022
499900,1048,train,eikonal,0.065996453166008
499900,1048,train,render,0.12404000759124756
499900,1048,train,total,0.13063965737819672
500000,1048,train,eikonal,0.057652998715639114
500000,1048,train,render,0.1868959218263626
500000,1048,train,total,0.19266122579574585
500000,1048,val,eikonal,0.057652998715639114
500000,1048,val,render,0.06989454478025436
500000,1048,val,total,0.075659841299057
