iteration,epoch,mode,loss,value
0,0,val,render,0.09274518489837646
0,0,val,total,0.09274518489837646
0,0,val,render,0.09477901458740234
0,0,val,total,0.09477901458740234
100,0,train,eikonal,0.052312154322862625
100,0,train,render,0.28220608830451965
100,0,train,total,0.2874372899532318
200,1,train,eikonal,0.01730961725115776
200,1,train,render,0.2844129204750061
200,1,train,total,0.28614386916160583
300,1,train,eikonal,0.013342288322746754
300,1,train,render,0.2417462170124054
300,1,train,total,0.24308045208454132
400,2,train,eikonal,0.0051109869964420795
400,2,train,render,0.2200937569141388
400,2,train,total,0.22060485184192657
500,2,train,eikonal,0.011246606707572937
500,2,train,render,0.25074100494384766
500,2,train,total,0.2518656551837921
600,3,train,eikonal,0.0028318767435848713
600,3,train,render,0.25740885734558105
600,3,train,total,0.25769203901290894
700,4,train,eikonal,0.001836113166064024
700,4,train,render,0.21193668246269226
700,4,train,total,0.21212029457092285
800,4,train,eikonal,0.0012400525156408548
800,4,train,render,0.23928053677082062
800,4,train,total,0.23940454423427582
900,5,train,eikonal,0.0012640843633562326
900,5,train,render,0.22222374379634857
900,5,train,total,0.22235015034675598
1000,5,train,eikonal,0.0010583355324342847
1000,5,train,render,0.23356300592422485
1000,5,train,total,0.23366883397102356
1100,6,train,eikonal,0.0008536922978237271
1100,6,train,render,0.2294435352087021
1100,6,train,total,0.22952890396118164
1200,7,train,eikonal,0.0009047335479408503
1200,7,train,render,0.30066943168640137
1200,7,train,total,0.3007599115371704
1300,7,train,eikonal,0.0014846142148599029
1300,7,train,render,0.23251184821128845
1300,7,train,total,0.23266030848026276
1400,8,train,eikonal,0.0014257158618420362
1400,8,train,render,0.34760093688964844
1400,8,train,total,0.34774351119995117
1500,8,train,eikonal,0.0010981953237205744
1500,8,train,render,0.34711360931396484
1500,8,train,total,0.3472234308719635
1600,9,train,eikonal,0.0021441038697957993
1600,9,train,render,0.20961561799049377
1600,9,train,total,0.20983003079891205
1700,10,train,eikonal,0.0017315034056082368
1700,10,train,render,0.21304410696029663
1700,10,train,total,0.21321725845336914
1800,10,train,eikonal,0.0020881600212305784
1800,10,train,render,0.2031252682209015
1800,10,train,total,0.20333407819271088
1900,11,train,eikonal,0.0015154764987528324
1900,11,train,render,0.23880743980407715
1900,11,train,total,0.23895898461341858
2000,11,train,eikonal,0.0008763357764109969
2000,11,train,render,0.22163039445877075
2000,11,train,total,0.22171802818775177
2100,12,train,eikonal,0.0013230583863332868
2100,12,train,render,0.20762577652931213
2100,12,train,total,0.2077580839395523
2200,12,train,eikonal,0.0015032548690214753
2200,12,train,render,0.24354428052902222
2200,12,train,total,0.24369460344314575
2300,13,train,eikonal,0.0011946025770157576
2300,13,train,render,0.36246150732040405
2300,13,train,total,0.36258095502853394
2400,14,train,eikonal,0.0010684693697839975
2400,14,train,render,0.20873892307281494
2400,14,train,total,0.20884576439857483
2500,14,train,eikonal,0.0013348257634788752
2500,14,train,render,0.28007930517196655
2500,14,train,total,0.28021278977394104
2600,15,train,eikonal,0.0019325423054397106
2600,15,train,render,0.27125319838523865
2600,15,train,total,0.27144646644592285
2700,15,train,eikonal,0.002808175515383482
2700,15,train,render,0.3725500702857971
2700,15,train,total,0.37283089756965637
2800,16,train,eikonal,0.0009842327563092113
2800,16,train,render,0.25385206937789917
2800,16,train,total,0.2539505064487457
2900,17,train,eikonal,0.000987140811048448
2900,17,train,render,0.24702668190002441
2900,17,train,total,0.24712540209293365
3000,17,train,eikonal,0.0037917334120720625
3000,17,train,render,0.21174359321594238
3000,17,train,total,0.21212276816368103
3100,18,train,eikonal,0.0013251615455374122
3100,18,train,render,0.22787690162658691
3100,18,train,total,0.2280094176530838
3200,18,train,eikonal,0.0027948159258812666
3200,18,train,render,0.24052418768405914
3200,18,train,total,0.24080367386341095
3300,19,train,eikonal,0.006116664037108421
3300,19,train,render,0.2908692955970764
3300,19,train,total,0.2914809584617615
3400,20,train,eikonal,0.0019652133341878653
3400,20,train,render,0.4018765687942505
3400,20,train,total,0.40207308530807495
3500,20,train,eikonal,0.0017857267521321774
3500,20,train,render,0.2589208483695984
3500,20,train,total,0.25909942388534546
3600,21,train,eikonal,0.0024935929104685783
3600,21,train,render,0.2610050439834595
3600,21,train,total,0.2612544000148773
3700,21,train,eikonal,0.005083336494863033
3700,21,train,render,0.2544925808906555
3700,21,train,total,0.25500091910362244
3800,22,train,eikonal,0.002522398019209504
3800,22,train,render,0.39518529176712036
3800,22,train,total,0.3954375386238098
3900,22,train,eikonal,0.0012640119530260563
3900,22,train,render,0.23516638576984406
3900,22,train,total,0.23529279232025146
4000,23,train,eikonal,0.002835041843354702
4000,23,train,render,0.255047470331192
4000,23,train,total,0.25533097982406616
4100,24,train,eikonal,0.0022262479178607464
4100,24,train,render,0.2621312141418457
4100,24,train,total,0.2623538374900818
4200,24,train,eikonal,0.0016703112050890923
4200,24,train,render,0.2551420032978058
4200,24,train,total,0.2553090453147888
4300,25,train,eikonal,0.0020278077572584152
4300,25,train,render,0.2180338203907013
4300,25,train,total,0.21823659539222717
4400,25,train,eikonal,0.004009890370070934
4400,25,train,render,0.2280457317829132
4400,25,train,total,0.22844672203063965
4500,26,train,eikonal,0.0018726589623838663
4500,26,train,render,0.2322889268398285
4500,26,train,total,0.23247618973255157
4600,27,train,eikonal,0.002246072283014655
4600,27,train,render,0.21677854657173157
4600,27,train,total,0.21700315177440643
4700,27,train,eikonal,0.0024192018900066614
4700,27,train,render,0.23743563890457153
4700,27,train,total,0.23767755925655365
4800,28,train,eikonal,0.0032925461418926716
4800,28,train,render,0.23793736100196838
4800,28,train,total,0.23826661705970764
4900,28,train,eikonal,0.0016885832883417606
4900,28,train,render,0.26207631826400757
4900,28,train,total,0.26224517822265625
5000,29,train,eikonal,0.0010013349819928408
5000,29,train,render,0.34516406059265137
5000,29,train,total,0.345264196395874
5100,30,train,eikonal,0.002963033504784107
5100,30,train,render,0.2538056969642639
5100,30,train,total,0.2541019916534424
5200,30,train,eikonal,0.002529480494558811
5200,30,train,render,0.2015526294708252
5200,30,train,total,0.20180557668209076
5300,31,train,eikonal,0.0021257696207612753
5300,31,train,render,0.2618274688720703
5300,31,train,total,0.26204004883766174
5400,31,train,eikonal,0.0015147645026445389
5400,31,train,render,0.2221130132675171
5400,31,train,total,0.22226448357105255
5500,32,train,eikonal,0.002000833861529827
5500,32,train,render,0.2391417771577835
5500,32,train,total,0.2393418550491333
5600,32,train,eikonal,0.002059022895991802
5600,32,train,render,0.20900340378284454
5600,32,train,total,0.20920930802822113
5700,33,train,eikonal,0.002048283815383911
5700,33,train,render,0.21169111132621765
5700,33,train,total,0.21189594268798828
5800,34,train,eikonal,0.003055132459849119
5800,34,train,render,0.23716941475868225
5800,34,train,total,0.2374749332666397
5900,34,train,eikonal,0.0025933212600648403
5900,34,train,render,0.2139570116996765
5900,34,train,total,0.21421633660793304
6000,35,train,eikonal,0.0026582800783216953
6000,35,train,render,0.25212737917900085
6000,35,train,total,0.2523932158946991
6100,35,train,eikonal,0.002943655475974083
6100,35,train,render,0.20834921300411224
6100,35,train,total,0.2086435854434967
6200,36,train,eikonal,0.003565401304513216
6200,36,train,render,0.22898873686790466
6200,36,train,total,0.22934527695178986
6300,37,train,eikonal,0.0026096892543137074
6300,37,train,render,0.30902597308158875
6300,37,train,total,0.3092869520187378
6400,37,train,eikonal,0.004895038902759552
6400,37,train,render,0.20156250894069672
6400,37,train,total,0.2020520120859146
6500,38,train,eikonal,0.0015485616168007255
6500,38,train,render,0.21213828027248383
6500,38,train,total,0.2122931331396103
6600,38,train,eikonal,0.0029040290974080563
6600,38,train,render,0.23755565285682678
6600,38,train,total,0.23784606158733368
6700,39,train,eikonal,0.0018972347024828196
6700,39,train,render,0.2170695662498474
6700,39,train,total,0.21725928783416748
6800,40,train,eikonal,0.0018695545149967074
6800,40,train,render,0.2953462600708008
6800,40,train,total,0.2955332100391388
6900,40,train,eikonal,0.0015300740487873554
6900,40,train,render,0.2550371289253235
6900,40,train,total,0.2551901340484619
7000,41,train,eikonal,0.001194505486637354
7000,41,train,render,0.19412904977798462
7000,41,train,total,0.1942484974861145
7100,41,train,eikonal,0.0022959159687161446
7100,41,train,render,0.2207242250442505
7100,41,train,total,0.2209538221359253
7200,42,train,eikonal,0.003368850564584136
7200,42,train,render,0.3364301323890686
7200,42,train,total,0.3367670178413391
7300,42,train,eikonal,0.0028325053863227367
7300,42,train,render,0.2188304364681244
7300,42,train,total,0.21911369264125824
7400,43,train,eikonal,0.0007224560249596834
7400,43,train,render,0.18352268636226654
7400,43,train,total,0.18359492719173431
7500,44,train,eikonal,0.001907659345306456
7500,44,train,render,0.3898003399372101
7500,44,train,total,0.3899911046028137
7600,44,train,eikonal,0.004237378016114235
7600,44,train,render,0.22647365927696228
7600,44,train,total,0.22689740359783173
7700,45,train,eikonal,0.002728726714849472
7700,45,train,render,0.262630820274353
7700,45,train,total,0.26290369033813477
7800,45,train,eikonal,0.0015275112818926573
7800,45,train,render,0.27660149335861206
7800,45,train,total,0.276754230260849
7900,46,train,eikonal,0.002182681579142809
7900,46,train,render,0.2783740162849426
7900,46,train,total,0.2785922884941101
8000,47,train,eikonal,0.0012900775764137506
8000,47,train,render,0.33371925354003906
8000,47,train,total,0.3338482677936554
8100,47,train,eikonal,0.0020909090526401997
8100,47,train,render,0.23611034452915192
8100,47,train,total,0.236319437623024
8200,48,train,eikonal,0.0019330158829689026
8200,48,train,render,0.27747946977615356
8200,48,train,total,0.27767276763916016
8300,48,train,eikonal,0.001219109632074833
8300,48,train,render,0.22694219648838043
8300,48,train,total,0.2270641028881073
8400,49,train,eikonal,0.002411241177469492
8400,49,train,render,0.25538671016693115
8400,49,train,total,0.25562784075737
8500,50,train,eikonal,0.005129594821482897
8500,50,train,render,0.2242128849029541
8500,50,train,total,0.2247258424758911
8600,50,train,eikonal,0.0022623040713369846
8600,50,train,render,0.26566237211227417
8600,50,train,total,0.26588860154151917
8700,51,train,eikonal,0.0019246721640229225
8700,51,train,render,0.24688991904258728
8700,51,train,total,0.24708238244056702
8800,51,train,eikonal,0.001761960331350565
8800,51,train,render,0.2726525664329529
8800,51,train,total,0.27282875776290894
8900,52,train,eikonal,0.002161516807973385
8900,52,train,render,0.26464277505874634
8900,52,train,total,0.2648589313030243
9000,52,train,eikonal,0.0027031595818698406
9000,52,train,render,0.3072800040245056
9000,52,train,total,0.307550311088562
9100,53,train,eikonal,0.0024418304674327374
9100,53,train,render,0.21950370073318481
9100,53,train,total,0.2197478860616684
9200,54,train,eikonal,0.0031027435325086117
9200,54,train,render,0.2961099147796631
9200,54,train,total,0.2964201867580414
9300,54,train,eikonal,0.004069090820848942
9300,54,train,render,0.25006288290023804
9300,54,train,total,0.25046980381011963
9400,55,train,eikonal,0.0027817348018288612
9400,55,train,render,0.36979180574417114
9400,55,train,total,0.3700699806213379
9500,55,train,eikonal,0.0021730205044150352
9500,55,train,render,0.2246330827474594
9500,55,train,total,0.2248503863811493
9600,56,train,eikonal,0.001904328353703022
9600,56,train,render,0.31920695304870605
9600,56,train,total,0.3193973898887634
9700,57,train,eikonal,0.0029031257145106792
9700,57,train,render,0.30669093132019043
9700,57,train,total,0.30698123574256897
9800,57,train,eikonal,0.0022357054986059666
9800,57,train,render,0.24533453583717346
9800,57,train,total,0.24555811285972595
9900,58,train,eikonal,0.0014411325100809336
9900,58,train,render,0.21105918288230896
9900,58,train,total,0.21120329201221466
10000,58,train,eikonal,0.002178745809942484
10000,58,train,render,0.20226573944091797
10000,58,train,total,0.20248360931873322
10100,59,train,eikonal,0.0036935738753527403
10100,59,train,render,0.2939818203449249
10100,59,train,total,0.294351190328598
10200,60,train,eikonal,0.0017203998286277056
10200,60,train,render,0.21914993226528168
10200,60,train,total,0.21932196617126465
10300,60,train,eikonal,0.0016581739764660597
10300,60,train,render,0.23552070558071136
10300,60,train,total,0.2356865257024765
10400,61,train,eikonal,0.0014215651899576187
10400,61,train,render,0.19977650046348572
10400,61,train,total,0.19991865754127502
10500,61,train,eikonal,0.0019679199904203415
10500,61,train,render,0.3124579191207886
10500,61,train,total,0.3126547038555145
10600,62,train,eikonal,0.002148115774616599
10600,62,train,render,0.19865375757217407
10600,62,train,total,0.19886857271194458
10700,62,train,eikonal,0.002293636556714773
10700,62,train,render,0.26632776856422424
10700,62,train,total,0.26655712723731995
10800,63,train,eikonal,0.0020072204060852528
10800,63,train,render,0.25052696466445923
10800,63,train,total,0.25072768330574036
10900,64,train,eikonal,0.0031996900215744972
10900,64,train,render,0.200827494263649
10900,64,train,total,0.20114746689796448
11000,64,train,eikonal,0.002759767696261406
11000,64,train,render,0.24133063852787018
11000,64,train,total,0.24160660803318024
11100,65,train,eikonal,0.00250164233148098
11100,65,train,render,0.20426751673221588
11100,65,train,total,0.2045176774263382
11200,65,train,eikonal,0.0016959762433543801
11200,65,train,render,0.23723867535591125
11200,65,train,total,0.23740828037261963
11300,66,train,eikonal,0.002055248711258173
11300,66,train,render,0.19009336829185486
11300,66,train,total,0.1902989000082016
11400,67,train,eikonal,0.0026149379555135965
11400,67,train,render,0.3224566876888275
11400,67,train,total,0.32271817326545715
11500,67,train,eikonal,0.00167407700791955
11500,67,train,render,0.3187039792537689
11500,67,train,total,0.3188713788986206
11600,68,train,eikonal,0.002665742998942733
11600,68,train,render,0.24074605107307434
11600,68,train,total,0.24101261794567108
11700,68,train,eikonal,0.001300485455431044
11700,68,train,render,0.2432839274406433
11700,68,train,total,0.24341396987438202
11800,69,train,eikonal,0.001947113429196179
11800,69,train,render,0.29370611906051636
11800,69,train,total,0.29390081763267517
11900,70,train,eikonal,0.0023164586164057255
11900,70,train,render,0.21483354270458221
11900,70,train,total,0.21506518125534058
12000,70,train,eikonal,0.00305870920419693
12000,70,train,render,0.2283899486064911
12000,70,train,total,0.2286958247423172
12100,71,train,eikonal,0.002119960729032755
12100,71,train,render,0.25932037830352783
12100,71,train,total,0.2595323622226715
12200,71,train,eikonal,0.0009175798040814698
12200,71,train,render,0.21516680717468262
12200,71,train,total,0.21525856852531433
12300,72,train,eikonal,0.0020745780784636736
12300,72,train,render,0.2276846319437027
12300,72,train,total,0.22789208590984344
12400,72,train,eikonal,0.0014915440697222948
12400,72,train,render,0.22687818109989166
12400,72,train,total,0.22702734172344208
12500,73,train,eikonal,0.002768661128357053
12500,73,train,render,0.2570209503173828
12500,73,train,total,0.2572978138923645
12600,74,train,eikonal,0.00169850024394691
12600,74,train,render,0.2429872751235962
12600,74,train,total,0.24315711855888367
12700,74,train,eikonal,0.001300118863582611
12700,74,train,render,0.21798504889011383
12700,74,train,total,0.21811506152153015
12800,75,train,eikonal,0.002937519457191229
12800,75,train,render,0.2212420403957367
12800,75,train,total,0.221535786986351
12900,75,train,eikonal,0.0019698021933436394
12900,75,train,render,0.3166069984436035
12900,75,train,total,0.3168039917945862
13000,76,train,eikonal,0.0019147596322000027
13000,76,train,render,0.27197158336639404
13000,76,train,total,0.272163063287735
13100,77,train,eikonal,0.0013191613834351301
13100,77,train,render,0.2029913365840912
13100,77,train,total,0.20312325656414032
13200,77,train,eikonal,0.00206197751685977
13200,77,train,render,0.24141816794872284
13200,77,train,total,0.2416243702173233
13300,78,train,eikonal,0.001434982754290104
13300,78,train,render,0.23583966493606567
13300,78,train,total,0.23598316311836243
13400,78,train,eikonal,0.0014508867170661688
13400,78,train,render,0.2886125445365906
13400,78,train,total,0.2887576222419739
13500,79,train,eikonal,0.0010385731002315879
13500,79,train,render,0.29524219036102295
13500,79,train,total,0.29534605145454407
13600,80,train,eikonal,0.0018894493114203215
13600,80,train,render,0.24969148635864258
13600,80,train,total,0.24988043308258057
13700,80,train,eikonal,0.001868701889179647
13700,80,train,render,0.25521841645240784
13700,80,train,total,0.2554052770137787
13800,81,train,eikonal,0.0029692109674215317
13800,81,train,render,0.29068344831466675
13800,81,train,total,0.29098036885261536
13900,81,train,eikonal,0.0013296117540448904
13900,81,train,render,0.2213551551103592
13900,81,train,total,0.2214881181716919
14000,82,train,eikonal,0.002078787423670292
14000,82,train,render,0.30055052042007446
14000,82,train,total,0.30075839161872864
14100,82,train,eikonal,0.0013687696773558855
14100,82,train,render,0.34100663661956787
14100,82,train,total,0.34114351868629456
14200,83,train,eikonal,0.0023049437440931797
14200,83,train,render,0.22184136509895325
14200,83,train,total,0.22207185626029968
14300,84,train,eikonal,0.002213902771472931
14300,84,train,render,0.2459723800420761
14300,84,train,total,0.2461937665939331
14400,84,train,eikonal,0.0035901013761758804
14400,84,train,render,0.2682419419288635
14400,84,train,total,0.2686009407043457
14500,85,train,eikonal,0.003455412108451128
14500,85,train,render,0.2961910665035248
14500,85,train,total,0.2965365946292877
14600,85,train,eikonal,0.0015188083052635193
14600,85,train,render,0.24248453974723816
14600,85,train,total,0.24263642728328705
14700,86,train,eikonal,0.001365767908282578
14700,86,train,render,0.22486457228660583
14700,86,train,total,0.22500115633010864
14800,87,train,eikonal,0.0012071129167452455
14800,87,train,render,0.21250450611114502
14800,87,train,total,0.21262522041797638
14900,87,train,eikonal,0.0024656662717461586
14900,87,train,render,0.2268592119216919
14900,87,train,total,0.2271057814359665
15000,88,train,eikonal,0.0035109587479382753
15000,88,train,render,0.22155076265335083
15000,88,train,total,0.22190186381340027
15100,88,train,eikonal,0.0019767223857343197
15100,88,train,render,0.24909919500350952
15100,88,train,total,0.2492968738079071
15200,89,train,eikonal,0.0014679157175123692
15200,89,train,render,0.25859373807907104
15200,89,train,total,0.25874054431915283
15300,90,train,eikonal,0.0016068422701209784
15300,90,train,render,0.29333221912384033
15300,90,train,total,0.2934929132461548
15400,90,train,eikonal,0.0032422319054603577
15400,90,train,render,0.2709333300590515
15400,90,train,total,0.27125754952430725
15500,91,train,eikonal,0.0027689840644598007
15500,91,train,render,0.3162774443626404
15500,91,train,total,0.31655433773994446
15600,91,train,eikonal,0.0028591686859726906
15600,91,train,render,0.2659974992275238
15600,91,train,total,0.26628342270851135
15700,92,train,eikonal,0.002722750185057521
15700,92,train,render,0.27575546503067017
15700,92,train,total,0.27602773904800415
15800,92,train,eikonal,0.002080182544887066
15800,92,train,render,0.28082290291786194
15800,92,train,total,0.28103092312812805
15900,93,train,eikonal,0.003731074742972851
15900,93,train,render,0.2215210497379303
15900,93,train,total,0.22189415991306305
16000,94,train,eikonal,0.003090569982305169
16000,94,train,render,0.235142782330513
16000,94,train,total,0.2354518324136734
16100,94,train,eikonal,0.004558188375085592
16100,94,train,render,0.24057936668395996
16100,94,train,total,0.24103517830371857
16200,95,train,eikonal,0.0032311638351529837
16200,95,train,render,0.23242178559303284
16200,95,train,total,0.23274490237236023
16300,95,train,eikonal,0.001134709920734167
16300,95,train,render,0.2496662139892578
16300,95,train,total,0.24977968633174896
16400,96,train,eikonal,0.0012965216301381588
16400,96,train,render,0.22015522420406342
16400,96,train,total,0.22028487920761108
16500,97,train,eikonal,0.0016906298696994781
16500,97,train,render,0.2299213409423828
16500,97,train,total,0.2300904095172882
16600,97,train,eikonal,0.001804637722671032
16600,97,train,render,0.23722922801971436
16600,97,train,total,0.23740969598293304
16700,98,train,eikonal,0.001811003079637885
16700,98,train,render,0.22572878003120422
16700,98,train,total,0.22590987384319305
16800,98,train,eikonal,0.002765959594398737
16800,98,train,render,0.33234280347824097
16800,98,train,total,0.33261939883232117
16900,99,train,eikonal,0.0014434133190661669
16900,99,train,render,0.3266611099243164
16900,99,train,total,0.32680544257164
17000,100,train,eikonal,0.0024516871199011803
17000,100,train,render,0.37119489908218384
17000,100,train,total,0.371440052986145
17100,100,train,eikonal,0.0025785062462091446
17100,100,train,render,0.31047704815864563
17100,100,train,total,0.31073489785194397
17200,101,train,eikonal,0.0013351261150091887
17200,101,train,render,0.2668953537940979
17200,101,train,total,0.2670288681983948
17300,101,train,eikonal,0.002599435392767191
17300,101,train,render,0.21314750611782074
17300,101,train,total,0.2134074568748474
17400,102,train,eikonal,0.002174966037273407
17400,102,train,render,0.2670285701751709
17400,102,train,total,0.2672460675239563
17500,102,train,eikonal,0.0017079815734177828
17500,102,train,render,0.23653313517570496
17500,102,train,total,0.23670393228530884
17600,103,train,eikonal,0.003212104784324765
17600,103,train,render,0.24632063508033752
17600,103,train,total,0.2466418445110321
17700,104,train,eikonal,0.0021853079088032246
17700,104,train,render,0.3226993680000305
17700,104,train,total,0.3229179084300995
17800,104,train,eikonal,0.002974452916532755
17800,104,train,render,0.26549261808395386
17800,104,train,total,0.26579007506370544
17900,105,train,eikonal,0.002149709267541766
17900,105,train,render,0.20829440653324127
17900,105,train,total,0.20850937068462372
18000,105,train,eikonal,0.0024545288179069757
18000,105,train,render,0.23759092390537262
18000,105,train,total,0.23783637583255768
18100,106,train,eikonal,0.0013741228030994534
18100,106,train,render,0.20117242634296417
18100,106,train,total,0.20130984485149384
18200,107,train,eikonal,0.00108876742888242
18200,107,train,render,0.28307044506073
18200,107,train,total,0.28317931294441223
18300,107,train,eikonal,0.0014885526616126299
18300,107,train,render,0.2064550518989563
18300,107,train,total,0.20660391449928284
18400,108,train,eikonal,0.0026692007668316364
18400,108,train,render,0.2165503352880478
18400,108,train,total,0.21681725978851318
18500,108,train,eikonal,0.0007814712589606643
18500,108,train,render,0.19678303599357605
18500,108,train,total,0.1968611776828766
18600,109,train,eikonal,0.0012074713595211506
18600,109,train,render,0.19519740343093872
18600,109,train,total,0.19531814754009247
18700,110,train,eikonal,0.0028870576061308384
18700,110,train,render,0.3056025505065918
18700,110,train,total,0.3058912456035614
18800,110,train,eikonal,0.0009993368294090033
18800,110,train,render,0.1857537478208542
18800,110,train,total,0.18585367500782013
18900,111,train,eikonal,0.00321423402056098
18900,111,train,render,0.2255951166152954
18900,111,train,total,0.2259165346622467
19000,111,train,eikonal,0.0012632021680474281
19000,111,train,render,0.29676932096481323
19000,111,train,total,0.2968956530094147
19100,112,train,eikonal,0.0006011261139065027
19100,112,train,render,0.20661212503910065
19100,112,train,total,0.20667223632335663
19200,112,train,eikonal,0.002740531926974654
19200,112,train,render,0.25560012459754944
19200,112,train,total,0.2558741867542267
19300,113,train,eikonal,0.0015626127133145928
19300,113,train,render,0.20835044980049133
19300,113,train,total,0.2085067182779312
19400,114,train,eikonal,0.0005460900138132274
19400,114,train,render,0.19507542252540588
19400,114,train,total,0.19513003528118134
19500,114,train,eikonal,0.0026629678905010223
19500,114,train,render,0.3246498107910156
19500,114,train,total,0.3249160945415497
19600,115,train,eikonal,0.00116997049190104
19600,115,train,render,0.20490795373916626
19600,115,train,total,0.20502495765686035
19700,115,train,eikonal,0.0020074716303497553
19700,115,train,render,0.3163308799266815
19700,115,train,total,0.31653162837028503
19800,116,train,eikonal,0.0019874493591487408
19800,116,train,render,0.2608521580696106
19800,116,train,total,0.26105090975761414
19900,117,train,eikonal,0.0012791093904525042
19900,117,train,render,0.25795483589172363
19900,117,train,total,0.2580827474594116
20000,117,train,eikonal,0.003004966303706169
20000,117,train,render,0.25253796577453613
20000,117,train,total,0.25283846259117126
20100,118,train,eikonal,0.0022716738749295473
20100,118,train,render,0.31744584441185
20100,118,train,total,0.317672997713089
20200,118,train,eikonal,0.002377195516601205
20200,118,train,render,0.3402373790740967
20200,118,train,total,0.3404751121997833
20300,119,train,eikonal,0.0026376883033663034
20300,119,train,render,0.31027236580848694
20300,119,train,total,0.31053614616394043
20400,120,train,eikonal,0.0022331085056066513
20400,120,train,render,0.23046916723251343
20400,120,train,total,0.23069247603416443
20500,120,train,eikonal,0.001641375944018364
20500,120,train,render,0.21946361660957336
20500,120,train,total,0.2196277529001236
20600,121,train,eikonal,0.002769953105598688
20600,121,train,render,0.21020333468914032
20600,121,train,total,0.21048033237457275
20700,121,train,eikonal,0.0014926926232874393
20700,121,train,render,0.2424740195274353
20700,121,train,total,0.24262328445911407
20800,122,train,eikonal,0.0018910507205873728
20800,122,train,render,0.2432185709476471
20800,122,train,total,0.24340768158435822
20900,122,train,eikonal,0.0025094079319387674
20900,122,train,render,0.2037334442138672
20900,122,train,total,0.20398437976837158
21000,123,train,eikonal,0.0012212898582220078
21000,123,train,render,0.30072444677352905
21000,123,train,total,0.30084657669067383
21100,124,train,eikonal,0.0027045055758208036
21100,124,train,render,0.22609058022499084
21100,124,train,total,0.22636103630065918
21200,124,train,eikonal,0.0018885042518377304
21200,124,train,render,0.27393025159835815
21200,124,train,total,0.274119108915329
21300,125,train,eikonal,0.0023925788700580597
21300,125,train,render,0.23008829355239868
21300,125,train,total,0.2303275465965271
21400,125,train,eikonal,0.0018654634477570653
21400,125,train,render,0.21696871519088745
21400,125,train,total,0.21715526282787323
21500,126,train,eikonal,0.001847163075581193
21500,126,train,render,0.23115107417106628
21500,126,train,total,0.23133578896522522
21600,127,train,eikonal,0.0009260224178433418
21600,127,train,render,0.19958151876926422
21600,127,train,total,0.1996741145849228
21700,127,train,eikonal,0.0019061341881752014
21700,127,train,render,0.19504231214523315
21700,127,train,total,0.19523292779922485
21800,128,train,eikonal,0.004003176465630531
21800,128,train,render,0.30728697776794434
21800,128,train,total,0.30768728256225586
21900,128,train,eikonal,0.0028425210621207952
21900,128,train,render,0.2319849729537964
21900,128,train,total,0.23226922750473022
22000,129,train,eikonal,0.0023749521933496
22000,129,train,render,0.3093274235725403
22000,129,train,total,0.3095649182796478
22100,130,train,eikonal,0.0013920015189796686
22100,130,train,render,0.2257080376148224
22100,130,train,total,0.2258472442626953
22200,130,train,eikonal,0.0026058426592499018
22200,130,train,render,0.260054349899292
22200,130,train,total,0.26031494140625
22300,131,train,eikonal,0.00339367613196373
22300,131,train,render,0.29140424728393555
22300,131,train,total,0.29174360632896423
22400,131,train,eikonal,0.001262890174984932
22400,131,train,render,0.2615426182746887
22400,131,train,total,0.2616689205169678
22500,132,train,eikonal,0.0015238940250128508
22500,132,train,render,0.35467225313186646
22500,132,train,total,0.35482463240623474
22600,132,train,eikonal,0.002492680214345455
22600,132,train,render,0.30363014340400696
22600,132,train,total,0.30387941002845764
22700,133,train,eikonal,0.0015940774464979768
22700,133,train,render,0.23246297240257263
22700,133,train,total,0.23262238502502441
22800,134,train,eikonal,0.0017261909088119864
22800,134,train,render,0.3541406989097595
22800,134,train,total,0.35431331396102905
22900,134,train,eikonal,0.001252496149390936
22900,134,train,render,0.24450570344924927
22900,134,train,total,0.24463094770908356
23000,135,train,eikonal,0.0023710799869149923
23000,135,train,render,0.20688718557357788
23000,135,train,total,0.20712429285049438
23100,135,train,eikonal,0.0021582539193332195
23100,135,train,render,0.26596587896347046
23100,135,train,total,0.26618170738220215
23200,136,train,eikonal,0.0015719318762421608
23200,136,train,render,0.30405735969543457
23200,136,train,total,0.30421456694602966
23300,137,train,eikonal,0.001917360001243651
23300,137,train,render,0.2981448173522949
23300,137,train,total,0.29833656549453735
23400,137,train,eikonal,0.0018090945668518543
23400,137,train,render,0.26345616579055786
23400,137,train,total,0.26363706588745117
23500,138,train,eikonal,0.0017361048376187682
23500,138,train,render,0.24784456193447113
23500,138,train,total,0.24801817536354065
23600,138,train,eikonal,0.0015136321308091283
23600,138,train,render,0.3581855893135071
23600,138,train,total,0.3583369553089142
23700,139,train,eikonal,0.002637302502989769
23700,139,train,render,0.21632280945777893
23700,139,train,total,0.21658654510974884
23800,140,train,eikonal,0.0018771052127704024
23800,140,train,render,0.28979361057281494
23800,140,train,total,0.28998133540153503
23900,140,train,eikonal,0.0021153632551431656
23900,140,train,render,0.29586732387542725
23900,140,train,total,0.2960788607597351
24000,141,train,eikonal,0.002103236271068454
24000,141,train,render,0.2096571922302246
24000,141,train,total,0.20986752212047577
24100,141,train,eikonal,0.0029626970645040274
24100,141,train,render,0.30072635412216187
24100,141,train,total,0.30102261900901794
24200,142,train,eikonal,0.001275219488888979
24200,142,train,render,0.1765337586402893
24200,142,train,total,0.17666128277778625
24300,142,train,eikonal,0.0024207881651818752
24300,142,train,render,0.27534425258636475
24300,142,train,total,0.27558633685112
24400,143,train,eikonal,0.00112432474270463
24400,143,train,render,0.2100037783384323
24400,143,train,total,0.2101162075996399
24500,144,train,eikonal,0.0030009017791599035
24500,144,train,render,0.2552696764469147
24500,144,train,total,0.2555697560310364
24600,144,train,eikonal,0.00249133026227355
24600,144,train,render,0.30274635553359985
24600,144,train,total,0.302995502948761
24700,145,train,eikonal,0.0018570419633761048
24700,145,train,render,0.22087544202804565
24700,145,train,total,0.22106114029884338
24800,145,train,eikonal,0.0022667814046144485
24800,145,train,render,0.24621695280075073
24800,145,train,total,0.24644362926483154
24900,146,train,eikonal,0.0021027575712651014
24900,146,train,render,0.2006925642490387
24900,146,train,total,0.20090283453464508
25000,147,train,eikonal,0.00161005649715662
25000,147,train,render,0.2589564323425293
25000,147,train,total,0.2591174244880676
25100,147,train,eikonal,0.0026749540120363235
25100,147,train,render,0.278069406747818
25100,147,train,total,0.27833691239356995
25200,148,train,eikonal,0.0028187022544443607
25200,148,train,render,0.209822416305542
25200,148,train,total,0.21010428667068481
25300,148,train,eikonal,0.0026715563144534826
25300,148,train,render,0.3051920235157013
25300,148,train,total,0.3054591715335846
25400,149,train,eikonal,0.0037205119151622057
25400,149,train,render,0.21098700165748596
25400,149,train,total,0.21135905385017395
25500,150,train,eikonal,0.003390079829841852
25500,150,train,render,0.32827550172805786
25500,150,train,total,0.3286145031452179
25600,150,train,eikonal,0.0026243291795253754
25600,150,train,render,0.2844238579273224
25600,150,train,total,0.28468629717826843
25700,151,train,eikonal,0.0010547630954533815
25700,151,train,render,0.2263820767402649
25700,151,train,total,0.22648754715919495
25800,151,train,eikonal,0.002207334153354168
25800,151,train,render,0.3289675712585449
25800,151,train,total,0.3291883170604706
25900,152,train,eikonal,0.0020815019961446524
25900,152,train,render,0.41113096475601196
25900,152,train,total,0.4113391041755676
26000,152,train,eikonal,0.003020280273631215
26000,152,train,render,0.21092118322849274
26000,152,train,total,0.21122321486473083
26100,153,train,eikonal,0.0015706211561337113
26100,153,train,render,0.28280147910118103
26100,153,train,total,0.2829585373401642
26200,154,train,eikonal,0.002533226739615202
26200,154,train,render,0.22296345233917236
26200,154,train,total,0.22321677207946777
26300,154,train,eikonal,0.0029516820795834064
26300,154,train,render,0.30450326204299927
26300,154,train,total,0.304798424243927
26400,155,train,eikonal,0.0019103259546682239
26400,155,train,render,0.2680663466453552
26400,155,train,total,0.26825737953186035
26500,155,train,eikonal,0.0017656015697866678
26500,155,train,render,0.2731828987598419
26500,155,train,total,0.2733594477176666
26600,156,train,eikonal,0.0016721340361982584
26600,156,train,render,0.22401422262191772
26600,156,train,total,0.22418144345283508
26700,157,train,eikonal,0.0018009019549936056
26700,157,train,render,0.2973330616950989
26700,157,train,total,0.2975131571292877
26800,157,train,eikonal,0.003099170746281743
26800,157,train,render,0.2207108736038208
26800,157,train,total,0.22102078795433044
26900,158,train,eikonal,0.0014334768056869507
26900,158,train,render,0.3193715214729309
26900,158,train,total,0.3195148706436157
27000,158,train,eikonal,0.0016521504148840904
27000,158,train,render,0.21892882883548737
27000,158,train,total,0.21909403800964355
27100,159,train,eikonal,0.002565334551036358
27100,159,train,render,0.22979427874088287
27100,159,train,total,0.23005081713199615
27200,160,train,eikonal,0.0019620200619101524
27200,160,train,render,0.23507210612297058
27200,160,train,total,0.23526830971240997
27300,160,train,eikonal,0.0032855477184057236
27300,160,train,render,0.3035022020339966
27300,160,train,total,0.30383074283599854
27400,161,train,eikonal,0.001024687197059393
27400,161,train,render,0.26456502079963684
27400,161,train,total,0.26466748118400574
27500,161,train,eikonal,0.0020606997422873974
27500,161,train,render,0.3358234167098999
27500,161,train,total,0.3360294997692108
27600,162,train,eikonal,0.0010720056015998125
27600,162,train,render,0.24041762948036194
27600,162,train,total,0.24052482843399048
27700,162,train,eikonal,0.0024855653755366802
27700,162,train,render,0.24364757537841797
27700,162,train,total,0.24389612674713135
27800,163,train,eikonal,0.002332893665879965
27800,163,train,render,0.23438847064971924
27800,163,train,total,0.23462176322937012
27900,164,train,eikonal,0.0015579931205138564
27900,164,train,render,0.24021703004837036
27900,164,train,total,0.24037283658981323
28000,164,train,eikonal,0.001413135789334774
28000,164,train,render,0.2348105013370514
28000,164,train,total,0.23495180904865265
28100,165,train,eikonal,0.003105125855654478
28100,165,train,render,0.23257556557655334
28100,165,train,total,0.23288607597351074
28200,165,train,eikonal,0.002609413582831621
28200,165,train,render,0.23024792969226837
28200,165,train,total,0.23050886392593384
28300,166,train,eikonal,0.0024354516062885523
28300,166,train,render,0.2831007242202759
28300,166,train,total,0.2833442687988281
28400,167,train,eikonal,0.0017975810915231705
28400,167,train,render,0.22475481033325195
28400,167,train,total,0.22493456304073334
28500,167,train,eikonal,0.0023070177994668484
28500,167,train,render,0.24996277689933777
28500,167,train,total,0.2501934766769409
28600,168,train,eikonal,0.0006660615326836705
28600,168,train,render,0.22064504027366638
28600,168,train,total,0.22071164846420288
28700,168,train,eikonal,0.0017794955056160688
28700,168,train,render,0.2905765175819397
28700,168,train,total,0.2907544672489166
28800,169,train,eikonal,0.0017660155426710844
28800,169,train,render,0.33818379044532776
28800,169,train,total,0.33836039900779724
28900,170,train,eikonal,0.0023873592726886272
28900,170,train,render,0.2390415519475937
28900,170,train,total,0.23928028345108032
29000,170,train,eikonal,0.0017727217637002468
29000,170,train,render,0.2281419038772583
29000,170,train,total,0.2283191829919815
29100,171,train,eikonal,0.0015198829350993037
29100,171,train,render,0.2619309425354004
29100,171,train,total,0.26208293437957764
29200,171,train,eikonal,0.0015590370167046785
29200,171,train,render,0.20934462547302246
29200,171,train,total,0.2095005363225937
29300,172,train,eikonal,0.0017700024181976914
29300,172,train,render,0.24298998713493347
29300,172,train,total,0.243166983127594
29400,172,train,eikonal,0.003469832707196474
29400,172,train,render,0.2784385681152344
29400,172,train,total,0.2787855565547943
29500,173,train,eikonal,0.0013638155069202185
29500,173,train,render,0.23437196016311646
29500,173,train,total,0.23450833559036255
29600,174,train,eikonal,0.003144879825413227
29600,174,train,render,0.22492115199565887
29600,174,train,total,0.22523564100265503
29700,174,train,eikonal,0.002184812445193529
29700,174,train,render,0.2641104459762573
29700,174,train,total,0.2643289268016815
29800,175,train,eikonal,0.0020306070800870657
29800,175,train,render,0.21238479018211365
29800,175,train,total,0.2125878483057022
29900,175,train,eikonal,0.0026990941260010004
29900,175,train,render,0.23614370822906494
29900,175,train,total,0.2364136129617691
30000,176,train,eikonal,0.001955878222361207
30000,176,train,render,0.19890783727169037
30000,176,train,total,0.1991034299135208
30100,177,train,eikonal,0.0018928296631202102
30100,177,train,render,0.20425957441329956
30100,177,train,total,0.204448863863945
30200,177,train,eikonal,0.002574722282588482
30200,177,train,render,0.25833505392074585
30200,177,train,total,0.25859251618385315
30300,178,train,eikonal,0.002026958391070366
30300,178,train,render,0.26750341057777405
30300,178,train,total,0.26770609617233276
30400,178,train,eikonal,0.002668171189725399
30400,178,train,render,0.23299942910671234
30400,178,train,total,0.23326624929904938
30500,179,train,eikonal,0.00017530942568555474
30500,179,train,render,0.18731266260147095
30500,179,train,total,0.1873301863670349
30600,180,train,eikonal,0.002222310286015272
30600,180,train,render,0.24523410201072693
30600,180,train,total,0.24545633792877197
30700,180,train,eikonal,0.0010057258186861873
30700,180,train,render,0.2841009199619293
30700,180,train,total,0.2842015027999878
30800,181,train,eikonal,0.0019311271607875824
30800,181,train,render,0.23307470977306366
30800,181,train,total,0.23326782882213593
30900,181,train,eikonal,0.0013772083912044764
30900,181,train,render,0.3651615381240845
30900,181,train,total,0.365299254655838
31000,182,train,eikonal,0.002486445941030979
31000,182,train,render,0.24628011882305145
31000,182,train,total,0.246528759598732
31100,182,train,eikonal,0.002685082610696554
31100,182,train,render,0.2577051520347595
31100,182,train,total,0.25797367095947266
31200,183,train,eikonal,0.0026684817858040333
31200,183,train,render,0.2513921856880188
31200,183,train,total,0.2516590356826782
31300,184,train,eikonal,0.002696861047297716
31300,184,train,render,0.28023162484169006
31300,184,train,total,0.2805013060569763
31400,184,train,eikonal,0.0016551179578527808
31400,184,train,render,0.2511898875236511
31400,184,train,total,0.2513554096221924
31500,185,train,eikonal,0.0034557869657874107
31500,185,train,render,0.23878270387649536
31500,185,train,total,0.23912827670574188
31600,185,train,eikonal,0.0026064463891088963
31600,185,train,render,0.21461887657642365
31600,185,train,total,0.21487952768802643
31700,186,train,eikonal,0.0025116698816418648
31700,186,train,render,0.2157108038663864
31700,186,train,total,0.2159619778394699
31800,187,train,eikonal,0.0017181725706905127
31800,187,train,render,0.23347365856170654
31800,187,train,total,0.2336454689502716
31900,187,train,eikonal,0.002761179581284523
31900,187,train,render,0.21490585803985596
31900,187,train,total,0.21518197655677795
32000,188,train,eikonal,0.0016817550640553236
32000,188,train,render,0.38627880811691284
32000,188,train,total,0.3864469826221466
32100,188,train,eikonal,0.0016623222036287189
32100,188,train,render,0.21921685338020325
32100,188,train,total,0.2193830907344818
32200,189,train,eikonal,0.0017378157936036587
32200,189,train,render,0.23829197883605957
32200,189,train,total,0.23846575617790222
32300,190,train,eikonal,0.002206231700256467
32300,190,train,render,0.19410440325737
32300,190,train,total,0.1943250298500061
32400,190,train,eikonal,0.002021225867792964
32400,190,train,render,0.2615455985069275
32400,190,train,total,0.26174771785736084
32500,191,train,eikonal,0.002520923735573888
32500,191,train,render,0.27404680848121643
32500,191,train,total,0.27429890632629395
32600,191,train,eikonal,0.0019444068893790245
32600,191,train,render,0.2677147388458252
32600,191,train,total,0.2679091691970825
32700,192,train,eikonal,0.0032543963752686977
32700,192,train,render,0.2507927715778351
32700,192,train,total,0.2511182129383087
32800,192,train,eikonal,0.002752066822722554
32800,192,train,render,0.20835182070732117
32800,192,train,total,0.20862703025341034
32900,193,train,eikonal,0.0017942122649401426
32900,193,train,render,0.22075220942497253
32900,193,train,total,0.22093163430690765
33000,194,train,eikonal,0.0020108441822230816
33000,194,train,render,0.2524249255657196
33000,194,train,total,0.2526260018348694
33100,194,train,eikonal,0.002232228871434927
33100,194,train,render,0.3292970657348633
33100,194,train,total,0.3295202851295471
33200,195,train,eikonal,0.004248030483722687
33200,195,train,render,0.22120119631290436
33200,195,train,total,0.22162599861621857
33300,195,train,eikonal,0.00334381777793169
33300,195,train,render,0.2082221657037735
33300,195,train,total,0.20855654776096344
33400,196,train,eikonal,0.001990528078749776
33400,196,train,render,0.22282400727272034
33400,196,train,total,0.22302305698394775
33500,197,train,eikonal,0.0011544947046786547
33500,197,train,render,0.2901177406311035
33500,197,train,total,0.29023319482803345
33600,197,train,eikonal,0.0016125310212373734
33600,197,train,render,0.22263957560062408
33600,197,train,total,0.2228008359670639
33700,198,train,eikonal,0.0010374417761340737
33700,198,train,render,0.22371673583984375
33700,198,train,total,0.22382047772407532
33800,198,train,eikonal,0.0020719687454402447
33800,198,train,render,0.2834419012069702
33800,198,train,total,0.2836490869522095
33900,199,train,eikonal,0.0036003736313432455
33900,199,train,render,0.24011246860027313
33900,199,train,total,0.24047251045703888
34000,200,train,eikonal,0.002922018989920616
34000,200,train,render,0.2382170557975769
34000,200,train,total,0.23850925266742706
34100,200,train,eikonal,0.0011475314386188984
34100,200,train,render,0.27392512559890747
34100,200,train,total,0.2740398645401001
34200,201,train,eikonal,0.0025817956775426865
34200,201,train,render,0.23760390281677246
34200,201,train,total,0.23786208033561707
34300,201,train,eikonal,0.0009898135904222727
34300,201,train,render,0.2107084095478058
34300,201,train,total,0.21080739796161652
34400,202,train,eikonal,0.0025346707552671432
34400,202,train,render,0.26429232954978943
34400,202,train,total,0.2645457983016968
34500,202,train,eikonal,0.001430664211511612
34500,202,train,render,0.21174167096614838
34500,202,train,total,0.2118847370147705
34600,203,train,eikonal,0.004010357894003391
34600,203,train,render,0.27884429693222046
34600,203,train,total,0.2792453467845917
34700,204,train,eikonal,0.001505316817201674
34700,204,train,render,0.28376269340515137
34700,204,train,total,0.2839132249355316
34800,204,train,eikonal,0.001092110644094646
34800,204,train,render,0.20619696378707886
34800,204,train,total,0.20630617439746857
34900,205,train,eikonal,0.0018944122130051255
34900,205,train,render,0.24286341667175293
34900,205,train,total,0.24305285513401031
35000,205,train,eikonal,0.002445575315505266
35000,205,train,render,0.29993027448654175
35000,205,train,total,0.3001748323440552
35100,206,train,eikonal,0.0039611198008060455
35100,206,train,render,0.22634540498256683
35100,206,train,total,0.22674152255058289
35200,207,train,eikonal,0.003037584014236927
35200,207,train,render,0.21255818009376526
35200,207,train,total,0.21286194026470184
35300,207,train,eikonal,0.003290698165073991
35300,207,train,render,0.24139617383480072
35300,207,train,total,0.24172525107860565
35400,208,train,eikonal,0.0040494417771697044
35400,208,train,render,0.3038588762283325
35400,208,train,total,0.3042638301849365
35500,208,train,eikonal,0.001752847689203918
35500,208,train,render,0.30482974648475647
35500,208,train,total,0.3050050437450409
35600,209,train,eikonal,0.0015375446528196335
35600,209,train,render,0.28538912534713745
35600,209,train,total,0.28554287552833557
35700,210,train,eikonal,0.0013422740157693624
35700,210,train,render,0.22127041220664978
35700,210,train,total,0.22140464186668396
35800,210,train,eikonal,0.0024224722292274237
35800,210,train,render,0.2528786063194275
35800,210,train,total,0.2531208395957947
35900,211,train,eikonal,0.00208358489908278
35900,211,train,render,0.21343383193016052
35900,211,train,total,0.2136421948671341
36000,211,train,eikonal,0.0025146137923002243
36000,211,train,render,0.27672868967056274
36000,211,train,total,0.2769801616668701
36100,212,train,eikonal,0.0021082847379148006
36100,212,train,render,0.24230754375457764
36100,212,train,total,0.2425183653831482
36200,212,train,eikonal,0.0048684109933674335
36200,212,train,render,0.2167280614376068
36200,212,train,total,0.217214897274971
36300,213,train,eikonal,0.0015290386509150267
36300,213,train,render,0.2852436900138855
36300,213,train,total,0.28539660573005676
36400,214,train,eikonal,0.001955889631062746
36400,214,train,render,0.3391997814178467
36400,214,train,total,0.3393953740596771
36500,214,train,eikonal,0.0025208850856870413
36500,214,train,render,0.2833760976791382
36500,214,train,total,0.2836281955242157
36600,215,train,eikonal,0.004204950761049986
36600,215,train,render,0.22009165585041046
36600,215,train,total,0.22051215171813965
36700,215,train,eikonal,0.0015461612492799759
36700,215,train,render,0.28572243452072144
36700,215,train,total,0.2858770489692688
36800,216,train,eikonal,0.0029834965243935585
36800,216,train,render,0.205704003572464
36800,216,train,total,0.2060023546218872
36900,217,train,eikonal,0.003197907470166683
36900,217,train,render,0.30986249446868896
36900,217,train,total,0.31018227338790894
37000,217,train,eikonal,0.0015766376163810492
37000,217,train,render,0.2503112554550171
37000,217,train,total,0.250468909740448
37100,218,train,eikonal,0.002209639409556985
37100,218,train,render,0.2120058536529541
37100,218,train,total,0.21222682297229767
37200,218,train,eikonal,0.003566375933587551
37200,218,train,render,0.2888319492340088
37200,218,train,total,0.28918859362602234
37300,219,train,eikonal,0.0017591400537639856
37300,219,train,render,0.2364208698272705
37300,219,train,total,0.23659677803516388
37400,220,train,eikonal,0.002086737658828497
37400,220,train,render,0.3064468502998352
37400,220,train,total,0.30665552616119385
37500,220,train,eikonal,0.00305602652952075
37500,220,train,render,0.21592269837856293
37500,220,train,total,0.21622830629348755
37600,221,train,eikonal,0.0032038879580795765
37600,221,train,render,0.21070249378681183
37600,221,train,total,0.21102288365364075
37700,221,train,eikonal,0.002904728055000305
37700,221,train,render,0.23081982135772705
37700,221,train,total,0.23111028969287872
37800,222,train,eikonal,0.0023187613114714622
37800,222,train,render,0.21824683248996735
37800,222,train,total,0.2184787094593048
37900,222,train,eikonal,0.002820363035425544
37900,222,train,render,0.20826928317546844
37900,222,train,total,0.2085513174533844
38000,223,train,eikonal,0.003601818811148405
38000,223,train,render,0.19643345475196838
38000,223,train,total,0.19679363071918488
38100,224,train,eikonal,0.0020978464744985104
38100,224,train,render,0.25936028361320496
38100,224,train,total,0.25957006216049194
38200,224,train,eikonal,0.002520975423976779
38200,224,train,render,0.2641940712928772
38200,224,train,total,0.2644461691379547
38300,225,train,eikonal,0.0013351913075894117
38300,225,train,render,0.23901847004890442
38300,225,train,total,0.2391519844532013
38400,225,train,eikonal,0.002024819375947118
38400,225,train,render,0.3106918931007385
38400,225,train,total,0.3108943700790405
38500,226,train,eikonal,0.0024583819322288036
38500,226,train,render,0.2411859780550003
38500,226,train,total,0.2414318174123764
38600,227,train,eikonal,0.0017873733304440975
38600,227,train,render,0.24166645109653473
38600,227,train,total,0.24184519052505493
38700,227,train,eikonal,0.0029596334788948298
38700,227,train,render,0.23618721961975098
38700,227,train,total,0.23648318648338318
38800,228,train,eikonal,0.002147344406694174
38800,228,train,render,0.21469536423683167
38800,228,train,total,0.2149101048707962
38900,228,train,eikonal,0.003217605408281088
38900,228,train,render,0.27594053745269775
38900,228,train,total,0.2762622833251953
39000,229,train,eikonal,0.004451503977179527
39000,229,train,render,0.22503533959388733
39000,229,train,total,0.22548049688339233
39100,230,train,eikonal,0.002349670510739088
39100,230,train,render,0.24221853911876678
39100,230,train,total,0.24245350062847137
39200,230,train,eikonal,0.0021491525694727898
39200,230,train,render,0.2275458723306656
39200,230,train,total,0.22776079177856445
39300,231,train,eikonal,0.0021843500435352325
39300,231,train,render,0.2912272810935974
39300,231,train,total,0.29144570231437683
39400,231,train,eikonal,0.0024542557075619698
39400,231,train,render,0.21171239018440247
39400,231,train,total,0.21195781230926514
39500,232,train,eikonal,0.002213745377957821
39500,232,train,render,0.25435203313827515
39500,232,train,total,0.25457340478897095
39600,232,train,eikonal,0.002130510052666068
39600,232,train,render,0.24860134720802307
39600,232,train,total,0.2488144040107727
39700,233,train,eikonal,0.0023811322171241045
39700,233,train,render,0.3347074091434479
39700,233,train,total,0.33494552969932556
39800,234,train,eikonal,0.0022698435932397842
39800,234,train,render,0.22580236196517944
39800,234,train,total,0.22602935135364532
39900,234,train,eikonal,0.0022418980952352285
39900,234,train,render,0.26146966218948364
39900,234,train,total,0.2616938650608063
40000,235,train,eikonal,0.0017894287593662739
40000,235,train,render,0.27094072103500366
40000,235,train,total,0.2711196541786194
40100,235,train,eikonal,0.001259399694390595
40100,235,train,render,0.21921175718307495
40100,235,train,total,0.21933770179748535
40200,236,train,eikonal,0.0016667363233864307
40200,236,train,render,0.22174304723739624
40200,236,train,total,0.22190971672534943
40300,237,train,eikonal,0.00201675808057189
40300,237,train,render,0.24897423386573792
40300,237,train,total,0.24917590618133545
40400,237,train,eikonal,0.0007685187156312168
40400,237,train,render,0.18693622946739197
40400,237,train,total,0.18701307475566864
40500,238,train,eikonal,0.0023885793052613735
40500,238,train,render,0.2927677035331726
40500,238,train,total,0.29300656914711
40600,238,train,eikonal,0.0012933419784530997
40600,238,train,render,0.2631138861179352
40600,238,train,total,0.2632432281970978
40700,239,train,eikonal,0.0017540870467200875
40700,239,train,render,0.31055426597595215
40700,239,train,total,0.3107296824455261
40800,240,train,eikonal,0.0013979407958686352
40800,240,train,render,0.24002932012081146
40800,240,train,total,0.24016910791397095
40900,240,train,eikonal,0.002149847336113453
40900,240,train,render,0.26577281951904297
40900,240,train,total,0.2659878134727478
41000,241,train,eikonal,0.004319126717746258
41000,241,train,render,0.23614270985126495
41000,241,train,total,0.23657462000846863
41100,241,train,eikonal,0.0005085177253931761
41100,241,train,render,0.2539448142051697
41100,241,train,total,0.2539956569671631
41200,242,train,eikonal,0.0017841942608356476
41200,242,train,render,0.2420511692762375
41200,242,train,total,0.24222959578037262
41300,242,train,eikonal,0.001872394816018641
41300,242,train,render,0.218309685587883
41300,242,train,total,0.2184969186782837
41400,243,train,eikonal,0.001636536791920662
41400,243,train,render,0.2063770741224289
41400,243,train,total,0.20654073357582092
41500,244,train,eikonal,0.002830810844898224
41500,244,train,render,0.21791057288646698
41500,244,train,total,0.2181936502456665
41600,244,train,eikonal,0.0005500835250131786
41600,244,train,render,0.2420479953289032
41600,244,train,total,0.24210301041603088
41700,245,train,eikonal,0.0018039097776636481
41700,245,train,render,0.2528110444545746
41700,245,train,total,0.2529914379119873
41800,245,train,eikonal,0.0013421406038105488
41800,245,train,render,0.29510217905044556
41800,245,train,total,0.29523637890815735
41900,246,train,eikonal,0.0028867078945040703
41900,246,train,render,0.23208007216453552
41900,246,train,total,0.23236873745918274
42000,247,train,eikonal,0.00326460856013
42000,247,train,render,0.24292252957820892
42000,247,train,total,0.24324898421764374
42100,247,train,eikonal,0.0018375911749899387
42100,247,train,render,0.23136034607887268
42100,247,train,total,0.2315441071987152
42200,248,train,eikonal,0.0007604931015521288
42200,248,train,render,0.3114506006240845
42200,248,train,total,0.31152665615081787
42300,248,train,eikonal,0.0022966088727116585
42300,248,train,render,0.20831042528152466
42300,248,train,total,0.20854008197784424
42400,249,train,eikonal,0.0027596906293183565
42400,249,train,render,0.3125128149986267
42400,249,train,total,0.31278878450393677
42500,250,train,eikonal,0.0014911046018823981
42500,250,train,render,0.3306977450847626
42500,250,train,total,0.3308468461036682
42600,250,train,eikonal,0.0013654548674821854
42600,250,train,render,0.27281439304351807
42600,250,train,total,0.2729509472846985
42700,251,train,eikonal,0.002344717737287283
42700,251,train,render,0.3536505699157715
42700,251,train,total,0.35388505458831787
42800,251,train,eikonal,0.0015330862952396274
42800,251,train,render,0.29821324348449707
42800,251,train,total,0.2983665466308594
42900,252,train,eikonal,0.0018924714531749487
42900,252,train,render,0.2504943609237671
42900,252,train,total,0.25068360567092896
43000,252,train,eikonal,0.003815203905105591
43000,252,train,render,0.19954165816307068
43000,252,train,total,0.19992317259311676
43100,253,train,eikonal,0.002424749545753002
43100,253,train,render,0.22868612408638
43100,253,train,total,0.2289285957813263
43200,254,train,eikonal,0.0007564033730886877
43200,254,train,render,0.21226152777671814
43200,254,train,total,0.2123371660709381
43300,254,train,eikonal,0.0011971761705353856
43300,254,train,render,0.1884646713733673
43300,254,train,total,0.18858438730239868
43400,255,train,eikonal,0.0016591046005487442
43400,255,train,render,0.28873127698898315
43400,255,train,total,0.28889718651771545
43500,255,train,eikonal,0.0021349366288632154
43500,255,train,render,0.20856991410255432
43500,255,train,total,0.20878340303897858
43600,256,train,eikonal,0.0022100377827882767
43600,256,train,render,0.2989041805267334
43600,256,train,total,0.29912519454956055
43700,257,train,eikonal,0.001602538162842393
43700,257,train,render,0.2128978818655014
43700,257,train,total,0.21305812895298004
43800,257,train,eikonal,0.0019738408736884594
43800,257,train,render,0.1963353306055069
43800,257,train,total,0.1965327113866806
43900,258,train,eikonal,0.0021482158917933702
43900,258,train,render,0.25103312730789185
43900,258,train,total,0.25124794244766235
44000,258,train,eikonal,0.0030982312746345997
44000,258,train,render,0.3201836943626404
44000,258,train,total,0.32049351930618286
44100,259,train,eikonal,0.0009324441198259592
44100,259,train,render,0.24865610897541046
44100,259,train,total,0.24874936044216156
44200,260,train,eikonal,0.001938220695592463
44200,260,train,render,0.2984907627105713
44200,260,train,total,0.29868459701538086
44300,260,train,eikonal,0.0016789184883236885
44300,260,train,render,0.30606216192245483
44300,260,train,total,0.3062300682067871
44400,261,train,eikonal,0.003472074866294861
44400,261,train,render,0.2304142713546753
44400,261,train,total,0.23076148331165314
44500,261,train,eikonal,0.0014104717411100864
44500,261,train,render,0.1990046203136444
44500,261,train,total,0.19914567470550537
44600,262,train,eikonal,0.0021508357021957636
44600,262,train,render,0.25701457262039185
44600,262,train,total,0.25722965598106384
44700,262,train,eikonal,0.0012544982600957155
44700,262,train,render,0.2868661880493164
44700,262,train,total,0.2869916260242462
44800,263,train,eikonal,0.00209231348708272
44800,263,train,render,0.2595375180244446
44800,263,train,total,0.2597467601299286
44900,264,train,eikonal,0.0021271738223731518
44900,264,train,render,0.2149243950843811
44900,264,train,total,0.21513710916042328
45000,264,train,eikonal,0.002972136251628399
45000,264,train,render,0.2542967200279236
45000,264,train,total,0.25459393858909607
45100,265,train,eikonal,0.0022114976309239864
45100,265,train,render,0.29163360595703125
45100,265,train,total,0.29185476899147034
45200,265,train,eikonal,0.0010200976394116879
45200,265,train,render,0.18784087896347046
45200,265,train,total,0.18794289231300354
45300,266,train,eikonal,0.0022076433524489403
45300,266,train,render,0.23605561256408691
45300,266,train,total,0.23627637326717377
45400,267,train,eikonal,0.0027455082163214684
45400,267,train,render,0.25158724188804626
45400,267,train,total,0.2518617808818817
45500,267,train,eikonal,0.0022324896417558193
45500,267,train,render,0.2108546644449234
45500,267,train,total,0.21107791364192963
45600,268,train,eikonal,0.0025389818474650383
45600,268,train,render,0.2542271614074707
45600,268,train,total,0.2544810473918915
45700,268,train,eikonal,0.002793804509565234
45700,268,train,render,0.33436301350593567
45700,268,train,total,0.3346423804759979
45800,269,train,eikonal,0.002487924648448825
45800,269,train,render,0.31952691078186035
45800,269,train,total,0.31977570056915283
45900,270,train,eikonal,0.0036449157632887363
45900,270,train,render,0.2527036964893341
45900,270,train,total,0.2530681788921356
46000,270,train,eikonal,0.0020195841789245605
46000,270,train,render,0.25639545917510986
46000,270,train,total,0.2565974295139313
46100,271,train,eikonal,0.004042464308440685
46100,271,train,render,0.3189462721347809
46100,271,train,total,0.3193505108356476
46200,271,train,eikonal,0.0035647060722112656
46200,271,train,render,0.333604633808136
46200,271,train,total,0.3339610993862152
46300,272,train,eikonal,0.0024896985851228237
46300,272,train,render,0.2558876872062683
46300,272,train,total,0.2561366558074951
46400,272,train,eikonal,0.003030015155673027
46400,272,train,render,0.2924327552318573
46400,272,train,total,0.292735755443573
46500,273,train,eikonal,0.0023560835979878902
46500,273,train,render,0.2897927165031433
46500,273,train,total,0.29002833366394043
46600,274,train,eikonal,0.0021009379997849464
46600,274,train,render,0.23608195781707764
46600,274,train,total,0.2362920492887497
46700,274,train,eikonal,0.003339639399200678
46700,274,train,render,0.3248683214187622
46700,274,train,total,0.3252022862434387
46800,275,train,eikonal,0.003565749619156122
46800,275,train,render,0.23981903493404388
46800,275,train,total,0.24017560482025146
46900,275,train,eikonal,0.003079512622207403
46900,275,train,render,0.21155838668346405
46900,275,train,total,0.2118663340806961
47000,276,train,eikonal,0.0022453314159065485
47000,276,train,render,0.21981172263622284
47000,276,train,total,0.22003625333309174
47100,277,train,eikonal,0.0030922903679311275
47100,277,train,render,0.23375321924686432
47100,277,train,total,0.23406244814395905
47200,277,train,eikonal,0.002293621189892292
47200,277,train,render,0.24201169610023499
47200,277,train,total,0.2422410547733307
47300,278,train,eikonal,0.0023415861651301384
47300,278,train,render,0.3183901309967041
47300,278,train,total,0.3186242878437042
47400,278,train,eikonal,0.0020187711343169212
47400,278,train,render,0.2641589641571045
47400,278,train,total,0.26436084508895874
47500,279,train,eikonal,0.00290474621579051
47500,279,train,render,0.21261410415172577
47500,279,train,total,0.21290457248687744
47600,280,train,eikonal,0.0033791125752031803
47600,280,train,render,0.23679953813552856
47600,280,train,total,0.23713745176792145
47700,280,train,eikonal,0.0020635821856558323
47700,280,train,render,0.2632788419723511
47700,280,train,total,0.2634851932525635
47800,281,train,eikonal,0.003264430444687605
47800,281,train,render,0.21298402547836304
47800,281,train,total,0.21331046521663666
47900,281,train,eikonal,0.0022485749796032906
47900,281,train,render,0.24053248763084412
47900,281,train,total,0.24075734615325928
48000,282,train,eikonal,0.0029887082055211067
48000,282,train,render,0.26623350381851196
48000,282,train,total,0.26653236150741577
48100,282,train,eikonal,0.0022590910084545612
48100,282,train,render,0.2295713871717453
48100,282,train,total,0.22979730367660522
48200,283,train,eikonal,0.0026629846543073654
48200,283,train,render,0.2231248915195465
48200,283,train,total,0.22339119017124176
48300,284,train,eikonal,0.003482747357338667
48300,284,train,render,0.2785128355026245
48300,284,train,total,0.2788611054420471
48400,284,train,eikonal,0.0032392404973506927
48400,284,train,render,0.2960871458053589
48400,284,train,total,0.29641106724739075
48500,285,train,eikonal,0.00306516420096159
48500,285,train,render,0.2825208902359009
48500,285,train,total,0.2828274071216583
48600,285,train,eikonal,0.0022250348702073097
48600,285,train,render,0.29254549741744995
48600,285,train,total,0.2927680015563965
48700,286,train,eikonal,0.0010795288253575563
48700,286,train,render,0.20628704130649567
48700,286,train,total,0.2063950002193451
48800,287,train,eikonal,0.002258370164781809
48800,287,train,render,0.20709456503391266
48800,287,train,total,0.2073204070329666
48900,287,train,eikonal,0.00364092574454844
48900,287,train,render,0.3086654543876648
48900,287,train,total,0.30902954936027527
49000,288,train,eikonal,0.0021449122577905655
49000,288,train,render,0.24511897563934326
49000,288,train,total,0.2453334629535675
49100,288,train,eikonal,0.0029503339901566505
49100,288,train,render,0.26824307441711426
49100,288,train,total,0.26853811740875244
49200,289,train,eikonal,0.003321380354464054
49200,289,train,render,0.23238171637058258
49200,289,train,total,0.23271384835243225
49300,290,train,eikonal,0.0013043326325714588
49300,290,train,render,0.18852156400680542
49300,290,train,total,0.18865199387073517
49400,290,train,eikonal,0.0026873548049479723
49400,290,train,render,0.4311246871948242
49400,290,train,total,0.43139341473579407
49500,291,train,eikonal,0.0026299168821424246
49500,291,train,render,0.30177468061447144
49500,291,train,total,0.30203768610954285
49600,291,train,eikonal,0.0019477782770991325
49600,291,train,render,0.22757980227470398
49600,291,train,total,0.22777457535266876
49700,292,train,eikonal,0.0021709692664444447
49700,292,train,render,0.19187074899673462
49700,292,train,total,0.19208784401416779
49800,292,train,eikonal,0.003254448529332876
49800,292,train,render,0.25120314955711365
49800,292,train,total,0.2515285909175873
49900,293,train,eikonal,0.0027182335034012794
49900,293,train,render,0.24552035331726074
49900,293,train,total,0.2457921802997589
50000,294,train,eikonal,0.002870216965675354
50000,294,train,render,0.25029653310775757
50000,294,train,total,0.25058355927467346
50100,294,train,eikonal,0.003035835223272443
50100,294,train,render,0.29447275400161743
50100,294,train,total,0.2947763502597809
50200,295,train,eikonal,0.003549266839399934
50200,295,train,render,0.2671840190887451
50200,295,train,total,0.2675389349460602
50300,295,train,eikonal,0.0019786932971328497
50300,295,train,render,0.25419607758522034
50300,295,train,total,0.25439393520355225
50400,296,train,eikonal,0.003518001874908805
50400,296,train,render,0.26549386978149414
50400,296,train,total,0.2658456563949585
50500,297,train,eikonal,0.003310408443212509
50500,297,train,render,0.2192743867635727
50500,297,train,total,0.2196054309606552
50600,297,train,eikonal,0.0020822049118578434
50600,297,train,render,0.3069690465927124
50600,297,train,total,0.30717727541923523
50700,298,train,eikonal,0.0014163999585434794
50700,298,train,render,0.2608671188354492
50700,298,train,total,0.26100876927375793
50800,298,train,eikonal,0.0028519700281322002
50800,298,train,render,0.20361343026161194
50800,298,train,total,0.203898623585701
50900,299,train,eikonal,0.0017832709709182382
50900,299,train,render,0.2286614179611206
50900,299,train,total,0.22883974015712738
51000,300,train,eikonal,0.002737129107117653
51000,300,train,render,0.28293800354003906
51000,300,train,total,0.28321170806884766
51100,300,train,eikonal,0.0015738834626972675
51100,300,train,render,0.32433217763900757
51100,300,train,total,0.324489563703537
51200,301,train,eikonal,0.0023390320129692554
51200,301,train,render,0.4078975319862366
51200,301,train,total,0.4081314206123352
51300,301,train,eikonal,0.004007352516055107
51300,301,train,render,0.22260184586048126
51300,301,train,total,0.2230025827884674
51400,302,train,eikonal,0.0023253317922353745
51400,302,train,render,0.39536020159721375
51400,302,train,total,0.39559274911880493
51500,302,train,eikonal,0.002845331095159054
51500,302,train,render,0.33249011635780334
51500,302,train,total,0.33277463912963867
51600,303,train,eikonal,0.002322017215192318
51600,303,train,render,0.24463513493537903
51600,303,train,total,0.24486733973026276
51700,304,train,eikonal,0.0022930270060896873
51700,304,train,render,0.26279914379119873
51700,304,train,total,0.26302844285964966
51800,304,train,eikonal,0.0031360131688416004
51800,304,train,render,0.28038114309310913
51800,304,train,total,0.28069475293159485
51900,305,train,eikonal,0.0018440033309161663
51900,305,train,render,0.34150999784469604
51900,305,train,total,0.3416943848133087
52000,305,train,eikonal,0.0015508243814110756
52000,305,train,render,0.3015623390674591
52000,305,train,total,0.3017174303531647
52100,306,train,eikonal,0.0033661064226180315
52100,306,train,render,0.23121991753578186
52100,306,train,total,0.23155653476715088
52200,307,train,eikonal,0.0012505161575973034
52200,307,train,render,0.21242178976535797
52200,307,train,total,0.21254684031009674
52300,307,train,eikonal,0.0032849456183612347
52300,307,train,render,0.32429003715515137
52300,307,train,total,0.32461851835250854
52400,308,train,eikonal,0.003235808340832591
52400,308,train,render,0.2119094729423523
52400,308,train,total,0.2122330516576767
52500,308,train,eikonal,0.002058185636997223
52500,308,train,render,0.2301562875509262
52500,308,train,total,0.23036210238933563
52600,309,train,eikonal,0.0009513104450888932
52600,309,train,render,0.30615997314453125
52600,309,train,total,0.3062551021575928
52700,310,train,eikonal,0.004884799011051655
52700,310,train,render,0.37721988558769226
52700,310,train,total,0.377708375453949
52800,310,train,eikonal,0.0015268368879333138
52800,310,train,render,0.22852765023708344
52800,310,train,total,0.2286803275346756
52900,311,train,eikonal,0.0012104646302759647
52900,311,train,render,0.22576068341732025
52900,311,train,total,0.22588172554969788
53000,311,train,eikonal,0.003539866767823696
53000,311,train,render,0.26884031295776367
53000,311,train,total,0.2691943049430847
53100,312,train,eikonal,0.002036911668255925
53100,312,train,render,0.2711145877838135
53100,312,train,total,0.2713182866573334
53200,312,train,eikonal,0.000923863728530705
53200,312,train,render,0.19640806317329407
53200,312,train,total,0.19650045037269592
53300,313,train,eikonal,0.0028744987212121487
53300,313,train,render,0.3024914264678955
53300,313,train,total,0.30277886986732483
53400,314,train,eikonal,0.0014632715610787272
53400,314,train,render,0.20206189155578613
53400,314,train,total,0.20220822095870972
53500,314,train,eikonal,0.0016776490956544876
53500,314,train,render,0.260725200176239
53500,314,train,total,0.26089295744895935
53600,315,train,eikonal,0.0015251198783516884
53600,315,train,render,0.3409959673881531
53600,315,train,total,0.3411484658718109
53700,315,train,eikonal,0.0013543327804654837
53700,315,train,render,0.22195149958133698
53700,315,train,total,0.22208693623542786
53800,316,train,eikonal,0.0017380829667672515
53800,316,train,render,0.2942720949649811
53800,316,train,total,0.2944459021091461
53900,317,train,eikonal,0.0016689453041180968
53900,317,train,render,0.3031224012374878
53900,317,train,total,0.3032892942428589
54000,317,train,eikonal,0.0010892929276451468
54000,317,train,render,0.25337979197502136
54000,317,train,total,0.2534887194633484
54100,318,train,eikonal,0.001949863974004984
54100,318,train,render,0.24934986233711243
54100,318,train,total,0.24954484403133392
54200,318,train,eikonal,0.0018418683903291821
54200,318,train,render,0.2365184873342514
54200,318,train,total,0.23670268058776855
54300,319,train,eikonal,0.0019778390415012836
54300,319,train,render,0.26918721199035645
54300,319,train,total,0.2693850100040436
54400,320,train,eikonal,0.001386092510074377
54400,320,train,render,0.27645304799079895
54400,320,train,total,0.2765916585922241
54500,320,train,eikonal,0.0025199558585882187
54500,320,train,render,0.25528019666671753
54500,320,train,total,0.2555322051048279
54600,321,train,eikonal,0.0020068930462002754
54600,321,train,render,0.26465657353401184
54600,321,train,total,0.2648572623729706
54700,321,train,eikonal,0.0012040098663419485
54700,321,train,render,0.2267340123653412
54700,321,train,total,0.22685441374778748
54800,322,train,eikonal,0.0019594489131122828
54800,322,train,render,0.24967005848884583
54800,322,train,total,0.24986600875854492
54900,322,train,eikonal,0.002656240714713931
54900,322,train,render,0.3106730580329895
54900,322,train,total,0.31093868613243103
55000,323,train,eikonal,0.0024797795340418816
55000,323,train,render,0.22129034996032715
55000,323,train,total,0.22153833508491516
55100,324,train,eikonal,0.002527844626456499
55100,324,train,render,0.25654149055480957
55100,324,train,total,0.256794273853302
55200,324,train,eikonal,0.0034308035392314196
55200,324,train,render,0.22814185917377472
55200,324,train,total,0.22848494350910187
55300,325,train,eikonal,0.004862191621214151
55300,325,train,render,0.21551567316055298
55300,325,train,total,0.21600189805030823
55400,325,train,eikonal,0.002926396206021309
55400,325,train,render,0.31582874059677124
55400,325,train,total,0.316121369600296
55500,326,train,eikonal,0.0028214389458298683
55500,326,train,render,0.25682130455970764
55500,326,train,total,0.25710344314575195
55600,327,train,eikonal,0.003393864491954446
55600,327,train,render,0.23010478913784027
55600,327,train,total,0.23044417798519135
55700,327,train,eikonal,0.0018601075280457735
55700,327,train,render,0.2453031837940216
55700,327,train,total,0.2454891949892044
55800,328,train,eikonal,0.0036791260354220867
55800,328,train,render,0.2605947256088257
55800,328,train,total,0.2609626352787018
55900,328,train,eikonal,0.0032833395525813103
55900,328,train,render,0.2096281349658966
55900,328,train,total,0.20995646715164185
56000,329,train,eikonal,0.0037503084167838097
56000,329,train,render,0.2252635359764099
56000,329,train,total,0.22563856840133667
56100,330,train,eikonal,0.0037566046230494976
56100,330,train,render,0.19560635089874268
56100,330,train,total,0.19598200917243958
56200,330,train,eikonal,0.0030318740755319595
56200,330,train,render,0.29494988918304443
56200,330,train,total,0.29525306820869446
56300,331,train,eikonal,0.004038920160382986
56300,331,train,render,0.2900311350822449
56300,331,train,total,0.2904350161552429
56400,331,train,eikonal,0.0028821639716625214
56400,331,train,render,0.21402156352996826
56400,331,train,total,0.21430978178977966
56500,332,train,eikonal,0.0018211047863587737
56500,332,train,render,0.2913016378879547
56500,332,train,total,0.2914837598800659
56600,332,train,eikonal,0.002748506609350443
56600,332,train,render,0.18933315575122833
56600,332,train,total,0.18960800766944885
56700,333,train,eikonal,0.003480511251837015
56700,333,train,render,0.41870182752609253
56700,333,train,total,0.4190498888492584
56800,334,train,eikonal,0.00324236904270947
56800,334,train,render,0.2522840201854706
56800,334,train,total,0.2526082694530487
56900,334,train,eikonal,0.002666303189471364
56900,334,train,render,0.24181155860424042
56900,334,train,total,0.24207818508148193
57000,335,train,eikonal,0.0040046414360404015
57000,335,train,render,0.3486836552619934
57000,335,train,total,0.34908410906791687
57100,335,train,eikonal,0.0029548085294663906
57100,335,train,render,0.2266526073217392
57100,335,train,total,0.226948082447052
57200,336,train,eikonal,0.0031141014769673347
57200,336,train,render,0.20626719295978546
57200,336,train,total,0.2065785974264145
57300,337,train,eikonal,0.0030525503680109978
57300,337,train,render,0.24532675743103027
57300,337,train,total,0.24563200771808624
57400,337,train,eikonal,0.0021968665532767773
57400,337,train,render,0.22057002782821655
57400,337,train,total,0.22078971564769745
57500,338,train,eikonal,0.004200476221740246
57500,338,train,render,0.2870934009552002
57500,338,train,total,0.2875134348869324
57600,338,train,eikonal,0.002463314216583967
57600,338,train,render,0.267704576253891
57600,338,train,total,0.2679509222507477
57700,339,train,eikonal,0.003020745702087879
57700,339,train,render,0.277724027633667
57700,339,train,total,0.27802610397338867
57800,340,train,eikonal,0.002837045583873987
57800,340,train,render,0.34626439213752747
57800,340,train,total,0.3465481102466583
57900,340,train,eikonal,0.0031477436423301697
57900,340,train,render,0.20872581005096436
57900,340,train,total,0.2090405821800232
58000,341,train,eikonal,0.0028212706092745066
58000,341,train,render,0.32782500982284546
58000,341,train,total,0.32810714840888977
58100,341,train,eikonal,0.003770237322896719
58100,341,train,render,0.23310448229312897
58100,341,train,total,0.2334815114736557
58200,342,train,eikonal,0.0027944366447627544
58200,342,train,render,0.2443389594554901
58200,342,train,total,0.24461840093135834
58300,342,train,eikonal,0.0031312296632677317
58300,342,train,render,0.2116410881280899
58300,342,train,total,0.21195420622825623
58400,343,train,eikonal,0.0046249576844275
58400,343,train,render,0.21133044362068176
58400,343,train,total,0.2117929458618164
58500,344,train,eikonal,0.002209529047831893
58500,344,train,render,0.20825543999671936
58500,344,train,total,0.20847639441490173
58600,344,train,eikonal,0.0026306076906621456
58600,344,train,render,0.20430028438568115
58600,344,train,total,0.20456334948539734
58700,345,train,eikonal,0.0029428526759147644
58700,345,train,render,0.21533650159835815
58700,345,train,total,0.21563078463077545
58800,345,train,eikonal,0.0024573556147515774
58800,345,train,render,0.22438685595989227
58800,345,train,total,0.22463259100914001
58900,346,train,eikonal,0.002914892975240946
58900,346,train,render,0.24777469038963318
58900,346,train,total,0.24806618690490723
59000,347,train,eikonal,0.0025738803669810295
59000,347,train,render,0.24068719148635864
59000,347,train,total,0.24094457924365997
59100,347,train,eikonal,0.003750407602638006
59100,347,train,render,0.24453696608543396
59100,347,train,total,0.2449120134115219
59200,348,train,eikonal,0.002212745137512684
59200,348,train,render,0.19059781730175018
59200,348,train,total,0.19081908464431763
59300,348,train,eikonal,0.002617376623675227
59300,348,train,render,0.30513495206832886
59300,348,train,total,0.3053966760635376
59400,349,train,eikonal,0.002630870323628187
59400,349,train,render,0.23223133385181427
59400,349,train,total,0.23249441385269165
59500,350,train,eikonal,0.002992122434079647
59500,350,train,render,0.27557164430618286
59500,350,train,total,0.2758708596229553
59600,350,train,eikonal,0.0017499309033155441
59600,350,train,render,0.22597366571426392
59600,350,train,total,0.22614866495132446
59700,351,train,eikonal,0.0036012502387166023
59700,351,train,render,0.21580371260643005
59700,351,train,total,0.21616384387016296
59800,351,train,eikonal,0.0024764377158135176
59800,351,train,render,0.2739248275756836
59800,351,train,total,0.27417248487472534
59900,352,train,eikonal,0.0023263220209628344
59900,352,train,render,0.26523321866989136
59900,352,train,total,0.2654658555984497
60000,352,train,eikonal,0.004067346453666687
60000,352,train,render,0.2562349736690521
60000,352,train,total,0.2566417157649994
60100,353,train,eikonal,0.0069285547360777855
60100,353,train,render,0.2156614065170288
60100,353,train,total,0.21635426580905914
60200,354,train,eikonal,0.0063784425146877766
60200,354,train,render,0.25407224893569946
60200,354,train,total,0.2547101080417633
60300,354,train,eikonal,0.005333855748176575
60300,354,train,render,0.3282216191291809
60300,354,train,total,0.3287549912929535
60400,355,train,eikonal,0.005501901265233755
60400,355,train,render,0.23728454113006592
60400,355,train,total,0.23783473670482635
60500,355,train,eikonal,0.00334395794197917
60500,355,train,render,0.24833835661411285
60500,355,train,total,0.248672753572464
60600,356,train,eikonal,0.005979498848319054
60600,356,train,render,0.20634740591049194
60600,356,train,total,0.20694535970687866
60700,357,train,eikonal,0.0048108575865626335
60700,357,train,render,0.21482905745506287
60700,357,train,total,0.21531014144420624
60800,357,train,eikonal,0.002812618389725685
60800,357,train,render,0.1869901418685913
60800,357,train,total,0.18727140128612518
60900,358,train,eikonal,0.005299988202750683
60900,358,train,render,0.2345157265663147
60900,358,train,total,0.23504573106765747
61000,358,train,eikonal,0.005567271262407303
61000,358,train,render,0.3350750207901001
61000,358,train,total,0.33563175797462463
61100,359,train,eikonal,0.0031573877204209566
61100,359,train,render,0.20477481186389923
61100,359,train,total,0.20509055256843567
61200,360,train,eikonal,0.0055463858880102634
61200,360,train,render,0.28048866987228394
61200,360,train,total,0.28104332089424133
61300,360,train,eikonal,0.0053584035485982895
61300,360,train,render,0.26548367738723755
61300,360,train,total,0.2660195231437683
61400,361,train,eikonal,0.004886493552476168
61400,361,train,render,0.3018512725830078
61400,361,train,total,0.30233991146087646
61500,361,train,eikonal,0.00501471059396863
61500,361,train,render,0.2194107472896576
61500,361,train,total,0.21991221606731415
61600,362,train,eikonal,0.006288289092481136
61600,362,train,render,0.3175186514854431
61600,362,train,total,0.3181474804878235
61700,362,train,eikonal,0.0049111382104456425
61700,362,train,render,0.2801433205604553
61700,362,train,total,0.28063443303108215
61800,363,train,eikonal,0.006499339826405048
61800,363,train,render,0.21984028816223145
61800,363,train,total,0.2204902172088623
61900,364,train,eikonal,0.006045296788215637
61900,364,train,render,0.2127213478088379
61900,364,train,total,0.2133258730173111
62000,364,train,eikonal,0.005492848344147205
62000,364,train,render,0.23829983174800873
62000,364,train,total,0.23884911835193634
62100,365,train,eikonal,0.004490838386118412
62100,365,train,render,0.2365400791168213
62100,365,train,total,0.23698917031288147
62200,365,train,eikonal,0.004358555655926466
62200,365,train,render,0.21811947226524353
62200,365,train,total,0.21855533123016357
62300,366,train,eikonal,0.005791558418422937
62300,366,train,render,0.2018863558769226
62300,366,train,total,0.2024655044078827
62400,367,train,eikonal,0.004417268559336662
62400,367,train,render,0.251585453748703
62400,367,train,total,0.2520271837711334
62500,367,train,eikonal,0.004351206123828888
62500,367,train,render,0.28750795125961304
62500,367,train,total,0.2879430651664734
62600,368,train,eikonal,0.00522828521206975
62600,368,train,render,0.20894381403923035
62600,368,train,total,0.20946663618087769
62700,368,train,eikonal,0.005805380176752806
62700,368,train,render,0.2640329599380493
62700,368,train,total,0.2646135091781616
62800,369,train,eikonal,0.005132314749062061
62800,369,train,render,0.24501392245292664
62800,369,train,total,0.24552714824676514
62900,370,train,eikonal,0.00425058975815773
62900,370,train,render,0.2303696870803833
62900,370,train,total,0.2307947427034378
63000,370,train,eikonal,0.00535555649548769
63000,370,train,render,0.18672898411750793
63000,370,train,total,0.187264546751976
63100,371,train,eikonal,0.004313119687139988
63100,371,train,render,0.3559582531452179
63100,371,train,total,0.3563895523548126
63200,371,train,eikonal,0.004898116458207369
63200,371,train,render,0.2218329906463623
63200,371,train,total,0.22232280671596527
63300,372,train,eikonal,0.004919111728668213
63300,372,train,render,0.2171066701412201
63300,372,train,total,0.2175985872745514
63400,372,train,eikonal,0.004490135237574577
63400,372,train,render,0.23238825798034668
63400,372,train,total,0.2328372746706009
63500,373,train,eikonal,0.004492105450481176
63500,373,train,render,0.2889915704727173
63500,373,train,total,0.289440780878067
63600,374,train,eikonal,0.005765415728092194
63600,374,train,render,0.22087505459785461
63600,374,train,total,0.22145159542560577
63700,374,train,eikonal,0.005206862464547157
63700,374,train,render,0.26669055223464966
63700,374,train,total,0.2672112286090851
63800,375,train,eikonal,0.004812156781554222
63800,375,train,render,0.34017473459243774
63800,375,train,total,0.34065595269203186
63900,375,train,eikonal,0.004039195366203785
63900,375,train,render,0.2262311428785324
63900,375,train,total,0.22663506865501404
64000,376,train,eikonal,0.004457592964172363
64000,376,train,render,0.3075401782989502
64000,376,train,total,0.30798593163490295
64100,377,train,eikonal,0.005658430978655815
64100,377,train,render,0.23443323373794556
64100,377,train,total,0.23499907553195953
64200,377,train,eikonal,0.00489420723170042
64200,377,train,render,0.27517130970954895
64200,377,train,total,0.2756607234477997
64300,378,train,eikonal,0.0053312936797738075
64300,378,train,render,0.33433401584625244
64300,378,train,total,0.3348671495914459
64400,378,train,eikonal,0.003975533880293369
64400,378,train,render,0.2390817403793335
64400,378,train,total,0.23947928845882416
64500,379,train,eikonal,0.005647761281579733
64500,379,train,render,0.21210640668869019
64500,379,train,total,0.2126711755990982
64600,380,train,eikonal,0.00477916095405817
64600,380,train,render,0.2545683979988098
64600,380,train,total,0.2550463080406189
64700,380,train,eikonal,0.0050054071471095085
64700,380,train,render,0.2514323592185974
64700,380,train,total,0.25193288922309875
64800,381,train,eikonal,0.004731114022433758
64800,381,train,render,0.30568069219589233
64800,381,train,total,0.306153804063797
64900,381,train,eikonal,0.004135672934353352
64900,381,train,render,0.2752124071121216
64900,381,train,total,0.27562597393989563
65000,382,train,eikonal,0.0053238645195961
65000,382,train,render,0.2090122550725937
65000,382,train,total,0.20954464375972748
65100,382,train,eikonal,0.006065232213586569
65100,382,train,render,0.2241155207157135
65100,382,train,total,0.22472204267978668
65200,383,train,eikonal,0.00533478707075119
65200,383,train,render,0.3181197941303253
65200,383,train,total,0.31865328550338745
65300,384,train,eikonal,0.007091417908668518
65300,384,train,render,0.23971179127693176
65300,384,train,total,0.24042093753814697
65400,384,train,eikonal,0.006508180871605873
65400,384,train,render,0.24941670894622803
65400,384,train,total,0.2500675320625305
65500,385,train,eikonal,0.006539450958371162
65500,385,train,render,0.2398415207862854
65500,385,train,total,0.2404954731464386
65600,385,train,eikonal,0.006041844841092825
65600,385,train,render,0.22023721039295197
65600,385,train,total,0.2208413928747177
65700,386,train,eikonal,0.008506616577506065
65700,386,train,render,0.2224271297454834
65700,386,train,total,0.22327779233455658
65800,387,train,eikonal,0.005570267792791128
65800,387,train,render,0.23834694921970367
65800,387,train,total,0.2389039695262909
65900,387,train,eikonal,0.005996867083013058
65900,387,train,render,0.25151991844177246
65900,387,train,total,0.25211960077285767
66000,388,train,eikonal,0.0028562266379594803
66000,388,train,render,0.20405714213848114
66000,388,train,total,0.2043427675962448
66100,388,train,eikonal,0.005856771022081375
66100,388,train,render,0.1985080987215042
66100,388,train,total,0.1990937739610672
66200,389,train,eikonal,0.0052164592780172825
66200,389,train,render,0.23801900446414948
66200,389,train,total,0.2385406494140625
66300,390,train,eikonal,0.00542798824608326
66300,390,train,render,0.3690793514251709
66300,390,train,total,0.369622141122818
66400,390,train,eikonal,0.005959591828286648
66400,390,train,render,0.2236180454492569
66400,390,train,total,0.22421400249004364
66500,391,train,eikonal,0.006708676461130381
66500,391,train,render,0.28540143370628357
66500,391,train,total,0.286072313785553
66600,391,train,eikonal,0.004647515248507261
66600,391,train,render,0.292721152305603
66600,391,train,total,0.29318588972091675
66700,392,train,eikonal,0.006940165534615517
66700,392,train,render,0.22728945314884186
66700,392,train,total,0.2279834747314453
66800,392,train,eikonal,0.006981744430959225
66800,392,train,render,0.29071828722953796
66800,392,train,total,0.2914164662361145
66900,393,train,eikonal,0.006128656677901745
66900,393,train,render,0.26393479108810425
66900,393,train,total,0.2645476460456848
67000,394,train,eikonal,0.004948862828314304
67000,394,train,render,0.2784757614135742
67000,394,train,total,0.2789706587791443
67100,394,train,eikonal,0.006185264326632023
67100,394,train,render,0.19813044369220734
67100,394,train,total,0.19874897599220276
67200,395,train,eikonal,0.0055181244388222694
67200,395,train,render,0.21588289737701416
67200,395,train,total,0.21643471717834473
67300,395,train,eikonal,0.006367241032421589
67300,395,train,render,0.23000402748584747
67300,395,train,total,0.23064075410366058
67400,396,train,eikonal,0.00576486112549901
67400,396,train,render,0.2943531274795532
67400,396,train,total,0.2949296236038208
67500,397,train,eikonal,0.005574909504503012
67500,397,train,render,0.259225070476532
67500,397,train,total,0.2597825527191162
67600,397,train,eikonal,0.00476099643856287
67600,397,train,render,0.2609940767288208
67600,397,train,total,0.26147016882896423
67700,398,train,eikonal,0.005240264348685741
67700,398,train,render,0.33446696400642395
67700,398,train,total,0.3349909782409668
67800,398,train,eikonal,0.004495726898312569
67800,398,train,render,0.25211095809936523
67800,398,train,total,0.2525605261325836
67900,399,train,eikonal,0.0043965475633740425
67900,399,train,render,0.25071167945861816
67900,399,train,total,0.25115132331848145
68000,400,train,eikonal,0.004685682710260153
68000,400,train,render,0.29674452543258667
68000,400,train,total,0.2972131073474884
68100,400,train,eikonal,0.005725305527448654
68100,400,train,render,0.2367340475320816
68100,400,train,total,0.23730657994747162
68200,401,train,eikonal,0.004411355592310429
68200,401,train,render,0.2554338574409485
68200,401,train,total,0.25587499141693115
68300,401,train,eikonal,0.004669054411351681
68300,401,train,render,0.2493346631526947
68300,401,train,total,0.24980156123638153
68400,402,train,eikonal,0.005794527009129524
68400,402,train,render,0.26799288392066956
68400,402,train,total,0.2685723304748535
68500,402,train,eikonal,0.004894465208053589
68500,402,train,render,0.2183496356010437
68500,402,train,total,0.21883907914161682
68600,403,train,eikonal,0.005040459800511599
68600,403,train,render,0.21617849171161652
68600,403,train,total,0.2166825383901596
68700,404,train,eikonal,0.005858641117811203
68700,404,train,render,0.22122249007225037
68700,404,train,total,0.22180835902690887
68800,404,train,eikonal,0.004720496479421854
68800,404,train,render,0.2199157178401947
68800,404,train,total,0.2203877717256546
68900,405,train,eikonal,0.005335552152246237
68900,405,train,render,0.21120254695415497
68900,405,train,total,0.21173609793186188
69000,405,train,eikonal,0.0033185207284986973
69000,405,train,render,0.3062320351600647
69000,405,train,total,0.3065638840198517
69100,406,train,eikonal,0.00587421515956521
69100,406,train,render,0.22768929600715637
69100,406,train,total,0.22827671468257904
69200,407,train,eikonal,0.005763896740972996
69200,407,train,render,0.21451248228549957
69200,407,train,total,0.2150888741016388
69300,407,train,eikonal,0.006267940159887075
69300,407,train,render,0.27402156591415405
69300,407,train,total,0.27464836835861206
69400,408,train,eikonal,0.004672801122069359
69400,408,train,render,0.21205584704875946
69400,408,train,total,0.21252313256263733
69500,408,train,eikonal,0.0045927539467811584
69500,408,train,render,0.2169627696275711
69500,408,train,total,0.21742203831672668
69600,409,train,eikonal,0.004792848601937294
69600,409,train,render,0.27111178636550903
69600,409,train,total,0.27159106731414795
69700,410,train,eikonal,0.005367368459701538
69700,410,train,render,0.2651459872722626
69700,410,train,total,0.26568272709846497
69800,410,train,eikonal,0.006005256902426481
69800,410,train,render,0.295579731464386
69800,410,train,total,0.29618024826049805
69900,411,train,eikonal,0.005801356863230467
69900,411,train,render,0.2508344352245331
69900,411,train,total,0.25141456723213196
70000,411,train,eikonal,0.0049554831348359585
70000,411,train,render,0.29310089349746704
70000,411,train,total,0.29359644651412964
70100,412,train,eikonal,0.007618398405611515
70100,412,train,render,0.25561803579330444
70100,412,train,total,0.2563798725605011
70200,412,train,eikonal,0.007111129350960255
70200,412,train,render,0.3192238211631775
70200,412,train,total,0.3199349343776703
70300,413,train,eikonal,0.006696264259517193
70300,413,train,render,0.2513730525970459
70300,413,train,total,0.252042680978775
70400,414,train,eikonal,0.007427817210555077
70400,414,train,render,0.3343821167945862
70400,414,train,total,0.3351249098777771
70500,414,train,eikonal,0.007599738426506519
70500,414,train,render,0.2310754805803299
70500,414,train,total,0.23183545470237732
70600,415,train,eikonal,0.00696980394423008
70600,415,train,render,0.21474909782409668
70600,415,train,total,0.2154460847377777
70700,415,train,eikonal,0.00591104943305254
70700,415,train,render,0.27323228120803833
70700,415,train,total,0.2738233804702759
70800,416,train,eikonal,0.007609326392412186
70800,416,train,render,0.24890518188476562
70800,416,train,total,0.24966610968112946
70900,417,train,eikonal,0.006347395479679108
70900,417,train,render,0.21996630728244781
70900,417,train,total,0.22060105204582214
71000,417,train,eikonal,0.006104525178670883
71000,417,train,render,0.33392152190208435
71000,417,train,total,0.3345319628715515
71100,418,train,eikonal,0.0077714803628623486
71100,418,train,render,0.25851595401763916
71100,418,train,total,0.2592931091785431
71200,418,train,eikonal,0.0065292781218886375
71200,418,train,render,0.25122666358947754
71200,418,train,total,0.25187960267066956
71300,419,train,eikonal,0.008157036267220974
71300,419,train,render,0.20635735988616943
71300,419,train,total,0.20717306435108185
71400,420,train,eikonal,0.006240930873900652
71400,420,train,render,0.25430071353912354
71400,420,train,total,0.25492480397224426
71500,420,train,eikonal,0.006650957278907299
71500,420,train,render,0.2719571590423584
71500,420,train,total,0.2726222574710846
71600,421,train,eikonal,0.007514794357120991
71600,421,train,render,0.23265212774276733
71600,421,train,total,0.23340360820293427
71700,421,train,eikonal,0.007800542749464512
71700,421,train,render,0.22102493047714233
71700,421,train,total,0.22180499136447906
71800,422,train,eikonal,0.006887288764119148
71800,422,train,render,0.2809619903564453
71800,422,train,total,0.28165072202682495
71900,422,train,eikonal,0.006173326633870602
71900,422,train,render,0.24660828709602356
71900,422,train,total,0.24722561240196228
72000,423,train,eikonal,0.005667679011821747
72000,423,train,render,0.2113185077905655
72000,423,train,total,0.2118852734565735
72100,424,train,eikonal,0.008235933259129524
72100,424,train,render,0.2171027809381485
72100,424,train,total,0.21792636811733246
72200,424,train,eikonal,0.005738329142332077
72200,424,train,render,0.2481904774904251
72200,424,train,total,0.248764306306839
72300,425,train,eikonal,0.0041040945798158646
72300,425,train,render,0.21801719069480896
72300,425,train,total,0.2184275984764099
72400,425,train,eikonal,0.007611044216901064
72400,425,train,render,0.3104687035083771
72400,425,train,total,0.31122979521751404
72500,426,train,eikonal,0.006324039306491613
72500,426,train,render,0.21483568847179413
72500,426,train,total,0.21546809375286102
72600,427,train,eikonal,0.006285918410867453
72600,427,train,render,0.21582283079624176
72600,427,train,total,0.21645142138004303
72700,427,train,eikonal,0.006573388818651438
72700,427,train,render,0.2687358260154724
72700,427,train,total,0.2693931758403778
72800,428,train,eikonal,0.006795179098844528
72800,428,train,render,0.24269866943359375
72800,428,train,total,0.2433781921863556
72900,428,train,eikonal,0.00627316627651453
72900,428,train,render,0.2188134491443634
72900,428,train,total,0.2194407731294632
73000,429,train,eikonal,0.008244790136814117
73000,429,train,render,0.2520114779472351
73000,429,train,total,0.2528359591960907
73100,430,train,eikonal,0.003226740285754204
73100,430,train,render,0.20763713121414185
73100,430,train,total,0.20795980095863342
73200,430,train,eikonal,0.006099335383623838
73200,430,train,render,0.2380320429801941
73200,430,train,total,0.23864197731018066
73300,431,train,eikonal,0.0070751323364675045
73300,431,train,render,0.3606572449207306
73300,431,train,total,0.3613647520542145
73400,431,train,eikonal,0.007597755175083876
73400,431,train,render,0.20172849297523499
73400,431,train,total,0.2024882733821869
73500,432,train,eikonal,0.004640162922441959
73500,432,train,render,0.1919618546962738
73500,432,train,total,0.19242587685585022
73600,432,train,eikonal,0.006499563343822956
73600,432,train,render,0.2697407901287079
73600,432,train,total,0.27039074897766113
73700,433,train,eikonal,0.006170857232064009
73700,433,train,render,0.22440627217292786
73700,433,train,total,0.22502335906028748
73800,434,train,eikonal,0.006165330298244953
73800,434,train,render,0.2506979703903198
73800,434,train,total,0.2513144910335541
73900,434,train,eikonal,0.00784658920019865
73900,434,train,render,0.2838907837867737
73900,434,train,total,0.2846754491329193
74000,435,train,eikonal,0.008782166056334972
74000,435,train,render,0.21198910474777222
74000,435,train,total,0.21286731958389282
74100,435,train,eikonal,0.006168285384774208
74100,435,train,render,0.23218542337417603
74100,435,train,total,0.23280225694179535
74200,436,train,eikonal,0.007315489463508129
74200,436,train,render,0.2856817841529846
74200,436,train,total,0.2864133417606354
74300,437,train,eikonal,0.005981516093015671
74300,437,train,render,0.2535814642906189
74300,437,train,total,0.25417962670326233
74400,437,train,eikonal,0.006449110805988312
74400,437,train,render,0.250480055809021
74400,437,train,total,0.2511249780654907
74500,438,train,eikonal,0.006458428222686052
74500,438,train,render,0.2816098630428314
74500,438,train,total,0.28225570917129517
74600,438,train,eikonal,0.007309296168386936
74600,438,train,render,0.3217993974685669
74600,438,train,total,0.3225303292274475
74700,439,train,eikonal,0.007619249634444714
74700,439,train,render,0.22636905312538147
74700,439,train,total,0.2271309792995453
74800,440,train,eikonal,0.007101248949766159
74800,440,train,render,0.2264861762523651
74800,440,train,total,0.22719630599021912
74900,440,train,eikonal,0.006483755074441433
74900,440,train,render,0.31946924328804016
74900,440,train,total,0.32011762261390686
75000,441,train,eikonal,0.005788774229586124
75000,441,train,render,0.30610883235931396
75000,441,train,total,0.30668771266937256
75100,441,train,eikonal,0.005861181765794754
75100,441,train,render,0.2401653528213501
75100,441,train,total,0.2407514750957489
75200,442,train,eikonal,0.008387968875467777
75200,442,train,render,0.22690227627754211
75200,442,train,total,0.227741077542305
75300,442,train,eikonal,0.007264199201017618
75300,442,train,render,0.23437032103538513
75300,442,train,total,0.235096737742424
75400,443,train,eikonal,0.00988690834492445
75400,443,train,render,0.41040027141571045
75400,443,train,total,0.41138896346092224
75500,444,train,eikonal,0.007919423282146454
75500,444,train,render,0.24712729454040527
75500,444,train,total,0.2479192316532135
75600,444,train,eikonal,0.006427078507840633
75600,444,train,render,0.223609060049057
75600,444,train,total,0.22425176203250885
75700,445,train,eikonal,0.008173152804374695
75700,445,train,render,0.2591901421546936
75700,445,train,total,0.26000747084617615
75800,445,train,eikonal,0.007577661424875259
75800,445,train,render,0.27634313702583313
75800,445,train,total,0.27710089087486267
75900,446,train,eikonal,0.008376327343285084
75900,446,train,render,0.2371179610490799
75900,446,train,total,0.23795560002326965
76000,447,train,eikonal,0.008588150143623352
76000,447,train,render,0.22638970613479614
76000,447,train,total,0.22724851965904236
76100,447,train,eikonal,0.008740367367863655
76100,447,train,render,0.22240212559700012
76100,447,train,total,0.22327616810798645
76200,448,train,eikonal,0.00853748619556427
76200,448,train,render,0.2674550414085388
76200,448,train,total,0.2683087885379791
76300,448,train,eikonal,0.006964376196265221
76300,448,train,render,0.26973918080329895
76300,448,train,total,0.270435631275177
76400,449,train,eikonal,0.008153723552823067
76400,449,train,render,0.23179315030574799
76400,449,train,total,0.23260852694511414
76500,450,train,eikonal,0.008604371920228004
76500,450,train,render,0.21958941221237183
76500,450,train,total,0.22044984996318817
76600,450,train,eikonal,0.005549042485654354
76600,450,train,render,0.28513967990875244
76600,450,train,total,0.28569456934928894
76700,451,train,eikonal,0.007181406952440739
76700,451,train,render,0.2244788557291031
76700,451,train,total,0.22519700229167938
76800,451,train,eikonal,0.003696378320455551
76800,451,train,render,0.20923760533332825
76800,451,train,total,0.20960724353790283
76900,452,train,eikonal,0.0034151608124375343
76900,452,train,render,0.2511996924877167
76900,452,train,total,0.2515411972999573
77000,452,train,eikonal,0.007662498392164707
77000,452,train,render,0.25813889503479004
77000,452,train,total,0.2589051425457001
77100,453,train,eikonal,0.006236857734620571
77100,453,train,render,0.2613382935523987
77100,453,train,total,0.261961966753006
77200,454,train,eikonal,0.006505540572106838
77200,454,train,render,0.2164687067270279
77200,454,train,total,0.2171192616224289
77300,454,train,eikonal,0.0032780517358332872
77300,454,train,render,0.2575974464416504
77300,454,train,total,0.25792524218559265
77400,455,train,eikonal,0.008003413677215576
77400,455,train,render,0.21221700310707092
77400,455,train,total,0.21301734447479248
77500,455,train,eikonal,0.0061733052134513855
77500,455,train,render,0.20427601039409637
77500,455,train,total,0.2048933357000351
77600,456,train,eikonal,0.007851922884583473
77600,456,train,render,0.27534133195877075
77600,456,train,total,0.27612653374671936
77700,457,train,eikonal,0.00614760909229517
77700,457,train,render,0.3101598024368286
77700,457,train,total,0.310774564743042
77800,457,train,eikonal,0.00871826522052288
77800,457,train,render,0.27443504333496094
77800,457,train,total,0.2753068804740906
77900,458,train,eikonal,0.009080647490918636
77900,458,train,render,0.23816168308258057
77900,458,train,total,0.23906974494457245
78000,458,train,eikonal,0.008736303076148033
78000,458,train,render,0.28419217467308044
78000,458,train,total,0.28506579995155334
78100,459,train,eikonal,0.009778786450624466
78100,459,train,render,0.2562568187713623
78100,459,train,total,0.25723469257354736
78200,460,train,eikonal,0.006894929334521294
78200,460,train,render,0.30403071641921997
78200,460,train,total,0.3047202229499817
78300,460,train,eikonal,0.006791130173951387
78300,460,train,render,0.20814983546733856
78300,460,train,total,0.20882895588874817
78400,461,train,eikonal,0.009693066589534283
78400,461,train,render,0.28085577487945557
78400,461,train,total,0.28182509541511536
78500,461,train,eikonal,0.006721900776028633
78500,461,train,render,0.3177351951599121
78500,461,train,total,0.3184073865413666
78600,462,train,eikonal,0.006087431684136391
78600,462,train,render,0.2060093879699707
78600,462,train,total,0.20661813020706177
78700,462,train,eikonal,0.00901714339852333
78700,462,train,render,0.2404642403125763
78700,462,train,total,0.2413659542798996
78800,463,train,eikonal,0.00737808970734477
78800,463,train,render,0.2465551346540451
78800,463,train,total,0.24729295074939728
78900,464,train,eikonal,0.006723040249198675
78900,464,train,render,0.28933125734329224
78900,464,train,total,0.29000356793403625
79000,464,train,eikonal,0.00896160863339901
79000,464,train,render,0.21180510520935059
79000,464,train,total,0.21270126104354858
79100,465,train,eikonal,0.007639517076313496
79100,465,train,render,0.268618643283844
79100,465,train,total,0.2693825960159302
79200,465,train,eikonal,0.007454318460077047
79200,465,train,render,0.22475138306617737
79200,465,train,total,0.2254968136548996
79300,466,train,eikonal,0.007419495843350887
79300,466,train,render,0.22175033390522003
79300,466,train,total,0.2224922776222229
79400,467,train,eikonal,0.00983398500829935
79400,467,train,render,0.23308968544006348
79400,467,train,total,0.23407308757305145
79500,467,train,eikonal,0.007738826796412468
79500,467,train,render,0.23186396062374115
79500,467,train,total,0.23263783752918243
79600,468,train,eikonal,0.006413279101252556
79600,468,train,render,0.2810969948768616
79600,468,train,total,0.2817383110523224
79700,468,train,eikonal,0.007298475131392479
79700,468,train,render,0.19534587860107422
79700,468,train,total,0.19607572257518768
79800,469,train,eikonal,0.007876263931393623
79800,469,train,render,0.2631078064441681
79800,469,train,total,0.2638954222202301
79900,470,train,eikonal,0.007370627485215664
79900,470,train,render,0.2851499915122986
79900,470,train,total,0.28588706254959106
80000,470,train,eikonal,0.007861374877393246
80000,470,train,render,0.22794543206691742
80000,470,train,total,0.22873157262802124
80100,471,train,eikonal,0.013982313685119152
80100,471,train,render,0.240132138133049
80100,471,train,total,0.2415303736925125
80200,471,train,eikonal,0.014113813638687134
80200,471,train,render,0.2656480669975281
80200,471,train,total,0.26705944538116455
80300,472,train,eikonal,0.013699762523174286
80300,472,train,render,0.3087465167045593
80300,472,train,total,0.3101164996623993
80400,472,train,eikonal,0.01352616399526596
80400,472,train,render,0.21641086041927338
80400,472,train,total,0.2177634835243225
80500,473,train,eikonal,0.008461590856313705
80500,473,train,render,0.195825457572937
80500,473,train,total,0.19667162001132965
80600,474,train,eikonal,0.011819753795862198
80600,474,train,render,0.24176132678985596
80600,474,train,total,0.24294330179691315
80700,474,train,eikonal,0.012212296947836876
80700,474,train,render,0.22934956848621368
80700,474,train,total,0.23057079315185547
80800,475,train,eikonal,0.011327610351145267
80800,475,train,render,0.3157103657722473
80800,475,train,total,0.3168431222438812
80900,475,train,eikonal,0.011754168197512627
80900,475,train,render,0.24793584644794464
80900,475,train,total,0.24911126494407654
81000,476,train,eikonal,0.011654140427708626
81000,476,train,render,0.24089786410331726
81000,476,train,total,0.24206328392028809
81100,477,train,eikonal,0.010861202143132687
81100,477,train,render,0.20520249009132385
81100,477,train,total,0.20628860592842102
81200,477,train,eikonal,0.012230408377945423
81200,477,train,render,0.2513499855995178
81200,477,train,total,0.25257301330566406
81300,478,train,eikonal,0.011635740287601948
81300,478,train,render,0.1953737735748291
81300,478,train,total,0.1965373456478119
81400,478,train,eikonal,0.011671165004372597
81400,478,train,render,0.24001000821590424
81400,478,train,total,0.24117712676525116
81500,479,train,eikonal,0.006916190963238478
81500,479,train,render,0.2335187941789627
81500,479,train,total,0.23421041667461395
81600,480,train,eikonal,0.011425785720348358
81600,480,train,render,0.24226611852645874
81600,480,train,total,0.2434086948633194
81700,480,train,eikonal,0.009139996953308582
81700,480,train,render,0.2277924120426178
81700,480,train,total,0.22870640456676483
81800,481,train,eikonal,0.010712824761867523
81800,481,train,render,0.24998891353607178
81800,481,train,total,0.2510601878166199
81900,481,train,eikonal,0.01123308390378952
81900,481,train,render,0.28024834394454956
81900,481,train,total,0.2813716530799866
82000,482,train,eikonal,0.009242963045835495
82000,482,train,render,0.22064360976219177
82000,482,train,total,0.22156789898872375
82100,482,train,eikonal,0.010793885216116905
82100,482,train,render,0.2411138415336609
82100,482,train,total,0.24219323694705963
82200,483,train,eikonal,0.009354142472147942
82200,483,train,render,0.22324155271053314
82200,483,train,total,0.22417697310447693
82300,484,train,eikonal,0.005528436042368412
82300,484,train,render,0.19743013381958008
82300,484,train,total,0.19798298180103302
82400,484,train,eikonal,0.012000780552625656
82400,484,train,render,0.226707324385643
82400,484,train,total,0.22790740430355072
82500,485,train,eikonal,0.00906382966786623
82500,485,train,render,0.21974945068359375
82500,485,train,total,0.22065582871437073
82600,485,train,eikonal,0.010478989221155643
82600,485,train,render,0.2726406455039978
82600,485,train,total,0.27368855476379395
82700,486,train,eikonal,0.012950791977345943
82700,486,train,render,0.2485298216342926
82700,486,train,total,0.2498248964548111
82800,487,train,eikonal,0.009967717342078686
82800,487,train,render,0.26847898960113525
82800,487,train,total,0.2694757580757141
82900,487,train,eikonal,0.009039031341671944
82900,487,train,render,0.26843464374542236
82900,487,train,total,0.26933854818344116
83000,488,train,eikonal,0.01218671165406704
83000,488,train,render,0.28118544816970825
83000,488,train,total,0.2824041247367859
83100,488,train,eikonal,0.010761449113488197
83100,488,train,render,0.22657929360866547
83100,488,train,total,0.22765544056892395
83200,489,train,eikonal,0.010154938325285912
83200,489,train,render,0.18843398988246918
83200,489,train,total,0.1894494891166687
83300,490,train,eikonal,0.007338077761232853
83300,490,train,render,0.21104198694229126
83300,490,train,total,0.2117757946252823
83400,490,train,eikonal,0.01001340989023447
83400,490,train,render,0.22296233475208282
83400,490,train,total,0.2239636778831482
83500,491,train,eikonal,0.009630311280488968
83500,491,train,render,0.3141821026802063
83500,491,train,total,0.3151451349258423
83600,491,train,eikonal,0.010520612820982933
83600,491,train,render,0.23260916769504547
83600,491,train,total,0.2336612343788147
83700,492,train,eikonal,0.010124951601028442
83700,492,train,render,0.22858303785324097
83700,492,train,total,0.22959552705287933
83800,492,train,eikonal,0.011066948063671589
83800,492,train,render,0.2294173538684845
83800,492,train,total,0.23052404820919037
83900,493,train,eikonal,0.012092556804418564
83900,493,train,render,0.27674153447151184
83900,493,train,total,0.27795079350471497
84000,494,train,eikonal,0.011477055959403515
84000,494,train,render,0.2661680579185486
84000,494,train,total,0.2673157751560211
84100,494,train,eikonal,0.010484866797924042
84100,494,train,render,0.2316843867301941
84100,494,train,total,0.2327328771352768
84200,495,train,eikonal,0.011031264439225197
84200,495,train,render,0.20974722504615784
84200,495,train,total,0.21085035800933838
84300,495,train,eikonal,0.009602269157767296
84300,495,train,render,0.25236019492149353
84300,495,train,total,0.2533204257488251
84400,496,train,eikonal,0.010483179241418839
84400,496,train,render,0.2913612127304077
84400,496,train,total,0.2924095392227173
84500,497,train,eikonal,0.011002876795828342
84500,497,train,render,0.2548660635948181
84500,497,train,total,0.2559663653373718
84600,497,train,eikonal,0.005415539722889662
84600,497,train,render,0.21205513179302216
84600,497,train,total,0.21259668469429016
84700,498,train,eikonal,0.011383789591491222
84700,498,train,render,0.2404136061668396
84700,498,train,total,0.2415519803762436
84800,498,train,eikonal,0.008803680539131165
84800,498,train,render,0.26727426052093506
84800,498,train,total,0.2681546211242676
84900,499,train,eikonal,0.011016171425580978
84900,499,train,render,0.2361704260110855
84900,499,train,total,0.23727203905582428
85000,500,train,eikonal,0.008610352873802185
85000,500,train,render,0.2576586604118347
85000,500,train,total,0.25851970911026
85100,500,train,eikonal,0.016008542850613594
85100,500,train,render,0.20860031247138977
85100,500,train,total,0.2102011740207672
85200,501,train,eikonal,0.01589725725352764
85200,501,train,render,0.27120429277420044
85200,501,train,total,0.2727940082550049
85300,501,train,eikonal,0.014132754877209663
85300,501,train,render,0.24893635511398315
85300,501,train,total,0.25034964084625244
85400,502,train,eikonal,0.015652254223823547
85400,502,train,render,0.21969696879386902
85400,502,train,total,0.22126218676567078
85500,502,train,eikonal,0.009275496937334538
85500,502,train,render,0.1961352378129959
85500,502,train,total,0.19706279039382935
85600,503,train,eikonal,0.01815202459692955
85600,503,train,render,0.2955860197544098
85600,503,train,total,0.29740121960639954
85700,504,train,eikonal,0.014267368242144585
85700,504,train,render,0.2916805148124695
85700,504,train,total,0.2931072413921356
85800,504,train,eikonal,0.013170481659471989
85800,504,train,render,0.21944105625152588
85800,504,train,total,0.2207581102848053
85900,505,train,eikonal,0.016666948795318604
85900,505,train,render,0.21129409968852997
85900,505,train,total,0.21296079456806183
86000,505,train,eikonal,0.014529326930642128
86000,505,train,render,0.34566518664360046
86000,505,train,total,0.3471181094646454
86100,506,train,eikonal,0.018979225307703018
86100,506,train,render,0.26206350326538086
86100,506,train,total,0.26396143436431885
86200,507,train,eikonal,0.013911224901676178
86200,507,train,render,0.23794543743133545
86200,507,train,total,0.23933656513690948
86300,507,train,eikonal,0.01379749458283186
86300,507,train,render,0.2655978202819824
86300,507,train,total,0.26697757840156555
86400,508,train,eikonal,0.014685643836855888
86400,508,train,render,0.27963799238204956
86400,508,train,total,0.281106561422348
86500,508,train,eikonal,0.013955657370388508
86500,508,train,render,0.25855928659439087
86500,508,train,total,0.2599548399448395
86600,509,train,eikonal,0.015707366168498993
86600,509,train,render,0.2452833205461502
86600,509,train,total,0.2468540519475937
86700,510,train,eikonal,0.016465097665786743
86700,510,train,render,0.2401893138885498
86700,510,train,total,0.241835817694664
86800,510,train,eikonal,0.015484364703297615
86800,510,train,render,0.3892490863800049
86800,510,train,total,0.39079752564430237
86900,511,train,eikonal,0.015208734199404716
86900,511,train,render,0.29065901041030884
86900,511,train,total,0.2921798825263977
87000,511,train,eikonal,0.0119476318359375
87000,511,train,render,0.20810675621032715
87000,511,train,total,0.20930151641368866
87100,512,train,eikonal,0.011940358206629753
87100,512,train,render,0.2002970427274704
87100,512,train,total,0.2014910727739334
87200,512,train,eikonal,0.015158288180828094
87200,512,train,render,0.26905983686447144
87200,512,train,total,0.2705756723880768
87300,513,train,eikonal,0.01612837053835392
87300,513,train,render,0.20756591856479645
87300,513,train,total,0.20917876064777374
87400,514,train,eikonal,0.008907221257686615
87400,514,train,render,0.2100934088230133
87400,514,train,total,0.21098412573337555
87500,514,train,eikonal,0.013806314207613468
87500,514,train,render,0.225417360663414
87500,514,train,total,0.22679799795150757
87600,515,train,eikonal,0.013910728506743908
87600,515,train,render,0.25959131121635437
87600,515,train,total,0.2609823942184448
87700,515,train,eikonal,0.014285499230027199
87700,515,train,render,0.296208918094635
87700,515,train,total,0.2976374626159668
87800,516,train,eikonal,0.016611695289611816
87800,516,train,render,0.24075503647327423
87800,516,train,total,0.24241620302200317
87900,517,train,eikonal,0.019434969872236252
87900,517,train,render,0.26848042011260986
87900,517,train,total,0.27042391896247864
88000,517,train,eikonal,0.014509551227092743
88000,517,train,render,0.3038034439086914
88000,517,train,total,0.30525439977645874
88100,518,train,eikonal,0.014318764209747314
88100,518,train,render,0.3002980947494507
88100,518,train,total,0.3017299771308899
88200,518,train,eikonal,0.012867496348917484
88200,518,train,render,0.2634504437446594
88200,518,train,total,0.26473718881607056
88300,519,train,eikonal,0.016878977417945862
88300,519,train,render,0.2597280740737915
88300,519,train,total,0.261415958404541
88400,520,train,eikonal,0.013734727166593075
88400,520,train,render,0.25949546694755554
88400,520,train,total,0.26086893677711487
88500,520,train,eikonal,0.014808176085352898
88500,520,train,render,0.2166944146156311
88500,520,train,total,0.2181752324104309
88600,521,train,eikonal,0.007599882315844297
88600,521,train,render,0.1951514482498169
88600,521,train,total,0.1959114372730255
88700,521,train,eikonal,0.013692058622837067
88700,521,train,render,0.21925491094589233
88700,521,train,total,0.22062411904335022
88800,522,train,eikonal,0.015026156790554523
88800,522,train,render,0.22122399508953094
88800,522,train,total,0.22272661328315735
88900,522,train,eikonal,0.012022950686514378
88900,522,train,render,0.23004363477230072
88900,522,train,total,0.23124593496322632
89000,523,train,eikonal,0.013718213886022568
89000,523,train,render,0.22148631513118744
89000,523,train,total,0.22285813093185425
89100,524,train,eikonal,0.015899701043963432
89100,524,train,render,0.30847281217575073
89100,524,train,total,0.31006279587745667
89200,524,train,eikonal,0.012288965284824371
89200,524,train,render,0.3450319766998291
89200,524,train,total,0.3462608754634857
89300,525,train,eikonal,0.014289544895291328
89300,525,train,render,0.25659921765327454
89300,525,train,total,0.25802817940711975
89400,525,train,eikonal,0.014997025020420551
89400,525,train,render,0.2253105342388153
89400,525,train,total,0.22681023180484772
89500,526,train,eikonal,0.010594292543828487
89500,526,train,render,0.2362390011548996
89500,526,train,total,0.23729842901229858
89600,527,train,eikonal,0.01534107606858015
89600,527,train,render,0.24101769924163818
89600,527,train,total,0.2425518035888672
89700,527,train,eikonal,0.012541372328996658
89700,527,train,render,0.261502206325531
89700,527,train,total,0.26275634765625
89800,528,train,eikonal,0.017610693350434303
89800,528,train,render,0.24657247960567474
89800,528,train,total,0.24833354353904724
89900,528,train,eikonal,0.01413304079324007
89900,528,train,render,0.2309809774160385
89900,528,train,total,0.232394278049469
90000,529,train,eikonal,0.011441569775342941
90000,529,train,render,0.2552403211593628
90000,529,train,total,0.2563844919204712
90100,530,train,eikonal,0.013478637672960758
90100,530,train,render,0.2598264217376709
90100,530,train,total,0.2611742913722992
90200,530,train,eikonal,0.015382274053990841
90200,530,train,render,0.21073025465011597
90200,530,train,total,0.21226848661899567
90300,531,train,eikonal,0.01113103237003088
90300,531,train,render,0.22151827812194824
90300,531,train,total,0.22263137996196747
90400,531,train,eikonal,0.01564309187233448
90400,531,train,render,0.31575649976730347
90400,531,train,total,0.3173208236694336
90500,532,train,eikonal,0.009320380166172981
90500,532,train,render,0.20395231246948242
90500,532,train,total,0.2048843502998352
90600,532,train,eikonal,0.011174935847520828
90600,532,train,render,0.32130998373031616
90600,532,train,total,0.3224274814128876
90700,533,train,eikonal,0.017120234668254852
90700,533,train,render,0.25804007053375244
90700,533,train,total,0.259752094745636
90800,534,train,eikonal,0.012831565923988819
90800,534,train,render,0.2297031730413437
90800,534,train,total,0.2309863269329071
90900,534,train,eikonal,0.013652576133608818
90900,534,train,render,0.22576689720153809
90900,534,train,total,0.2271321564912796
91000,535,train,eikonal,0.01424134150147438
91000,535,train,render,0.257715106010437
91000,535,train,total,0.2591392397880554
91100,535,train,eikonal,0.011160435155034065
91100,535,train,render,0.24664410948753357
91100,535,train,total,0.24776014685630798
91200,536,train,eikonal,0.012954305857419968
91200,536,train,render,0.2669227123260498
91200,536,train,total,0.26821812987327576
91300,537,train,eikonal,0.016031356528401375
91300,537,train,render,0.25813138484954834
91300,537,train,total,0.25973451137542725
91400,537,train,eikonal,0.006861819885671139
91400,537,train,render,0.18994876742362976
91400,537,train,total,0.19063495099544525
91500,538,train,eikonal,0.01130069699138403
91500,538,train,render,0.25484323501586914
91500,538,train,total,0.25597330927848816
91600,538,train,eikonal,0.01593020185828209
91600,538,train,render,0.31021207571029663
91600,538,train,total,0.3118050992488861
91700,539,train,eikonal,0.012444872409105301
91700,539,train,render,0.27862417697906494
91700,539,train,total,0.2798686623573303
91800,540,train,eikonal,0.01239466667175293
91800,540,train,render,0.1976766139268875
91800,540,train,total,0.19891607761383057
91900,540,train,eikonal,0.014529887586832047
91900,540,train,render,0.297241747379303
91900,540,train,total,0.2986947298049927
92000,541,train,eikonal,0.012236501090228558
92000,541,train,render,0.2544783353805542
92000,541,train,total,0.2557019889354706
92100,541,train,eikonal,0.013914132490754128
92100,541,train,render,0.2338029146194458
92100,541,train,total,0.23519432544708252
92200,542,train,eikonal,0.012002648785710335
92200,542,train,render,0.20777791738510132
92200,542,train,total,0.20897817611694336
92300,542,train,eikonal,0.012566635385155678
92300,542,train,render,0.2170608937740326
92300,542,train,total,0.21831755340099335
92400,543,train,eikonal,0.015201183967292309
92400,543,train,render,0.29401612281799316
92400,543,train,total,0.29553624987602234
92500,544,train,eikonal,0.009985607117414474
92500,544,train,render,0.22106444835662842
92500,544,train,total,0.22206300497055054
92600,544,train,eikonal,0.01324865035712719
92600,544,train,render,0.2430630773305893
92600,544,train,total,0.2443879395723343
92700,545,train,eikonal,0.012900931760668755
92700,545,train,render,0.22162851691246033
92700,545,train,total,0.22291861474514008
92800,545,train,eikonal,0.013332303613424301
92800,545,train,render,0.21137040853500366
92800,545,train,total,0.2127036452293396
92900,546,train,eikonal,0.01456429623067379
92900,546,train,render,0.21550525724887848
92900,546,train,total,0.21696168184280396
93000,547,train,eikonal,0.01229313388466835
93000,547,train,render,0.34740930795669556
93000,547,train,total,0.3486386239528656
93100,547,train,eikonal,0.013713467866182327
93100,547,train,render,0.2624436914920807
93100,547,train,total,0.2638150453567505
93200,548,train,eikonal,0.014021866023540497
93200,548,train,render,0.3068324625492096
93200,548,train,total,0.30823466181755066
93300,548,train,eikonal,0.012056726031005383
93300,548,train,render,0.3255460262298584
93300,548,train,total,0.326751708984375
93400,549,train,eikonal,0.014416663907468319
93400,549,train,render,0.2688745856285095
93400,549,train,total,0.2703162431716919
93500,550,train,eikonal,0.015219704248011112
93500,550,train,render,0.2979538142681122
93500,550,train,total,0.2994757890701294
93600,550,train,eikonal,0.01100227888673544
93600,550,train,render,0.32730764150619507
93600,550,train,total,0.328407883644104
93700,551,train,eikonal,0.008226970210671425
93700,551,train,render,0.19863586127758026
93700,551,train,total,0.1994585543870926
93800,551,train,eikonal,0.013134323060512543
93800,551,train,render,0.251934677362442
93800,551,train,total,0.25324809551239014
93900,552,train,eikonal,0.008270501159131527
93900,552,train,render,0.2252950370311737
93900,552,train,total,0.22612208127975464
94000,552,train,eikonal,0.015926942229270935
94000,552,train,render,0.2377047836780548
94000,552,train,total,0.23929747939109802
94100,553,train,eikonal,0.01751541718840599
94100,553,train,render,0.23838244378566742
94100,553,train,total,0.24013398587703705
94200,554,train,eikonal,0.012805022299289703
94200,554,train,render,0.32870182394981384
94200,554,train,total,0.32998234033584595
94300,554,train,eikonal,0.016383400186896324
94300,554,train,render,0.24932560324668884
94300,554,train,total,0.25096395611763
94400,555,train,eikonal,0.008676167577505112
94400,555,train,render,0.21992164850234985
94400,555,train,total,0.22078926861286163
94500,555,train,eikonal,0.00618776073679328
94500,555,train,render,0.20648400485515594
94500,555,train,total,0.20710277557373047
94600,556,train,eikonal,0.013849284499883652
94600,556,train,render,0.23543623089790344
94600,556,train,total,0.23682115972042084
94700,557,train,eikonal,0.013830902986228466
94700,557,train,render,0.2768086791038513
94700,557,train,total,0.27819177508354187
94800,557,train,eikonal,0.009077928960323334
94800,557,train,render,0.21259769797325134
94800,557,train,total,0.21350549161434174
94900,558,train,eikonal,0.011192020028829575
94900,558,train,render,0.2824084758758545
94900,558,train,total,0.283527672290802
95000,558,train,eikonal,0.013788687065243721
95000,558,train,render,0.19563880562782288
95000,558,train,total,0.19701766967773438
95100,559,train,eikonal,0.01188809983432293
95100,559,train,render,0.20249877870082855
95100,559,train,total,0.20368759334087372
95200,560,train,eikonal,0.01220637932419777
95200,560,train,render,0.22021213173866272
95200,560,train,total,0.22143277525901794
95300,560,train,eikonal,0.01186097227036953
95300,560,train,render,0.3284960985183716
95300,560,train,total,0.32968220114707947
95400,561,train,eikonal,0.011290418915450573
95400,561,train,render,0.20587149262428284
95400,561,train,total,0.20700053870677948
95500,561,train,eikonal,0.011588634923100471
95500,561,train,render,0.24807339906692505
95500,561,train,total,0.24923226237297058
95600,562,train,eikonal,0.01309245266020298
95600,562,train,render,0.26105785369873047
95600,562,train,total,0.2623670995235443
95700,562,train,eikonal,0.011452557519078255
95700,562,train,render,0.23220084607601166
95700,562,train,total,0.2333461046218872
95800,563,train,eikonal,0.005793788470327854
95800,563,train,render,0.20870795845985413
95800,563,train,total,0.20928733050823212
95900,564,train,eikonal,0.012894567102193832
95900,564,train,render,0.206778421998024
95900,564,train,total,0.2080678790807724
96000,564,train,eikonal,0.011580752208828926
96000,564,train,render,0.2938411831855774
96000,564,train,total,0.29499927163124084
96100,565,train,eikonal,0.01083463802933693
96100,565,train,render,0.3256285786628723
96100,565,train,total,0.326712042093277
96200,565,train,eikonal,0.013482039794325829
96200,565,train,render,0.25286006927490234
96200,565,train,total,0.2542082667350769
96300,566,train,eikonal,0.009728433564305305
96300,566,train,render,0.3062019348144531
96300,566,train,total,0.30717477202415466
96400,567,train,eikonal,0.015421660616993904
96400,567,train,render,0.2662428617477417
96400,567,train,total,0.26778504252433777
96500,567,train,eikonal,0.012808158993721008
96500,567,train,render,0.19673873484134674
96500,567,train,total,0.19801954925060272
96600,568,train,eikonal,0.010603365488350391
96600,568,train,render,0.21077316999435425
96600,568,train,total,0.21183350682258606
96700,568,train,eikonal,0.01414740551263094
96700,568,train,render,0.23033377528190613
96700,568,train,total,0.2317485213279724
96800,569,train,eikonal,0.012906888499855995
96800,569,train,render,0.32957443594932556
96800,569,train,total,0.33086511492729187
96900,570,train,eikonal,0.008927695453166962
96900,570,train,render,0.2327013462781906
96900,570,train,total,0.2335941195487976
97000,570,train,eikonal,0.01664908602833748
97000,570,train,render,0.2787710428237915
97000,570,train,total,0.2804359495639801
97100,571,train,eikonal,0.01126210018992424
97100,571,train,render,0.3615773916244507
97100,571,train,total,0.3627035915851593
97200,571,train,eikonal,0.013061538338661194
97200,571,train,render,0.2479471117258072
97200,571,train,total,0.2492532730102539
97300,572,train,eikonal,0.012527907267212868
97300,572,train,render,0.2514647841453552
97300,572,train,total,0.2527175843715668
97400,572,train,eikonal,0.013506436720490456
97400,572,train,render,0.33830028772354126
97400,572,train,total,0.3396509289741516
97500,573,train,eikonal,0.01221201941370964
97500,573,train,render,0.2489548623561859
97500,573,train,total,0.2501760721206665
97600,574,train,eikonal,0.010821645148098469
97600,574,train,render,0.36658045649528503
97600,574,train,total,0.36766260862350464
97700,574,train,eikonal,0.011121823452413082
97700,574,train,render,0.24293535947799683
97700,574,train,total,0.24404753744602203
97800,575,train,eikonal,0.009997090324759483
97800,575,train,render,0.21688592433929443
97800,575,train,total,0.21788562834262848
97900,575,train,eikonal,0.01333284005522728
97900,575,train,render,0.3294132351875305
97900,575,train,total,0.33074653148651123
98000,576,train,eikonal,0.008941607549786568
98000,576,train,render,0.19468417763710022
98000,576,train,total,0.19557833671569824
98100,577,train,eikonal,0.012473867274820805
98100,577,train,render,0.2307417392730713
98100,577,train,total,0.23198913037776947
98200,577,train,eikonal,0.010568017140030861
98200,577,train,render,0.2789362072944641
98200,577,train,total,0.2799929976463318
98300,578,train,eikonal,0.012309296056628227
98300,578,train,render,0.21087026596069336
98300,578,train,total,0.21210119128227234
98400,578,train,eikonal,0.011559565551578999
98400,578,train,render,0.2706072926521301
98400,578,train,total,0.27176323533058167
98500,579,train,eikonal,0.012740090489387512
98500,579,train,render,0.3008461892604828
98500,579,train,total,0.3021202087402344
98600,580,train,eikonal,0.012661995366215706
98600,580,train,render,0.29797059297561646
98600,580,train,total,0.29923680424690247
98700,580,train,eikonal,0.011072378605604172
98700,580,train,render,0.25591161847114563
98700,580,train,total,0.2570188641548157
98800,581,train,eikonal,0.013366786763072014
98800,581,train,render,0.1883525401353836
98800,581,train,total,0.18968921899795532
98900,581,train,eikonal,0.009476053528487682
98900,581,train,render,0.21818533539772034
98900,581,train,total,0.2191329449415207
99000,582,train,eikonal,0.007931187748908997
99000,582,train,render,0.27014821767807007
99000,582,train,total,0.2709413468837738
99100,582,train,eikonal,0.009149235673248768
99100,582,train,render,0.22301939129829407
99100,582,train,total,0.22393430769443512
99200,583,train,eikonal,0.015433408319950104
99200,583,train,render,0.2150757908821106
99200,583,train,total,0.21661913394927979
99300,584,train,eikonal,0.011434057727456093
99300,584,train,render,0.3081972301006317
99300,584,train,total,0.30934062600135803
99400,584,train,eikonal,0.011996457353234291
99400,584,train,render,0.21621248126029968
99400,584,train,total,0.21741212904453278
99500,585,train,eikonal,0.010257091373205185
99500,585,train,render,0.2535438537597656
99500,585,train,total,0.25456956028938293
99600,585,train,eikonal,0.007454636972397566
99600,585,train,render,0.27065032720565796
99600,585,train,total,0.27139580249786377
99700,586,train,eikonal,0.009503409266471863
99700,586,train,render,0.21283668279647827
99700,586,train,total,0.2137870192527771
99800,587,train,eikonal,0.01172015443444252
99800,587,train,render,0.21256893873214722
99800,587,train,total,0.21374095976352692
99900,587,train,eikonal,0.017005760222673416
99900,587,train,render,0.31822097301483154
99900,587,train,total,0.3199215531349182
100000,588,train,eikonal,0.008454998955130577
100000,588,train,render,0.21203100681304932
100000,588,train,total,0.21287651360034943
100100,588,train,eikonal,0.012727820314466953
100100,588,train,render,0.2010762095451355
100100,588,train,total,0.202348992228508
100200,589,train,eikonal,0.010209500789642334
100200,589,train,render,0.22346264123916626
100200,589,train,total,0.22448359429836273
100300,590,train,eikonal,0.01258753426373005
100300,590,train,render,0.2444029301404953
100300,590,train,total,0.2456616908311844
100400,590,train,eikonal,0.00829255860298872
100400,590,train,render,0.2122199535369873
100400,590,train,total,0.21304920315742493
100500,591,train,eikonal,0.015361368656158447
100500,591,train,render,0.24458371102809906
100500,591,train,total,0.24611984193325043
100600,591,train,eikonal,0.011247310787439346
100600,591,train,render,0.2805158495903015
100600,591,train,total,0.28164058923721313
100700,592,train,eikonal,0.014909879304468632
100700,592,train,render,0.32698309421539307
100700,592,train,total,0.3284740746021271
100800,592,train,eikonal,0.010666698217391968
100800,592,train,render,0.2646547555923462
100800,592,train,total,0.2657214403152466
100900,593,train,eikonal,0.012761995196342468
100900,593,train,render,0.2297315001487732
100900,593,train,total,0.23100769519805908
101000,594,train,eikonal,0.014866447076201439
101000,594,train,render,0.38497111201286316
101000,594,train,total,0.38645777106285095
101100,594,train,eikonal,0.01117954682558775
101100,594,train,render,0.31116825342178345
101100,594,train,total,0.3122861981391907
101200,595,train,eikonal,0.013864224776625633
101200,595,train,render,0.26101160049438477
101200,595,train,total,0.26239803433418274
101300,595,train,eikonal,0.011955628171563148
101300,595,train,render,0.21057656407356262
101300,595,train,total,0.2117721289396286
101400,596,train,eikonal,0.012919208034873009
101400,596,train,render,0.2299462854862213
101400,596,train,total,0.2312382012605667
101500,597,train,eikonal,0.009387996047735214
101500,597,train,render,0.2157527506351471
101500,597,train,total,0.21669155359268188
101600,597,train,eikonal,0.011757783591747284
101600,597,train,render,0.22085697948932648
101600,597,train,total,0.22203275561332703
101700,598,train,eikonal,0.0061880070716142654
101700,598,train,render,0.21802255511283875
101700,598,train,total,0.21864135563373566
101800,598,train,eikonal,0.010121883824467659
101800,598,train,render,0.20101192593574524
101800,598,train,total,0.20202411711215973
101900,599,train,eikonal,0.01080329343676567
101900,599,train,render,0.23933357000350952
101900,599,train,total,0.24041390419006348
102000,600,train,eikonal,0.005786187015473843
102000,600,train,render,0.1903863251209259
102000,600,train,total,0.190964937210083
102100,600,train,eikonal,0.010680703446269035
102100,600,train,render,0.38158920407295227
102100,600,train,total,0.3826572597026825
102200,601,train,eikonal,0.005881981924176216
102200,601,train,render,0.21068167686462402
102200,601,train,total,0.21126987040042877
102300,601,train,eikonal,0.012313386425375938
102300,601,train,render,0.24214652180671692
102300,601,train,total,0.24337786436080933
102400,602,train,eikonal,0.01119457371532917
102400,602,train,render,0.20511725544929504
102400,602,train,total,0.20623672008514404
102500,602,train,eikonal,0.010148169472813606
102500,602,train,render,0.2965736389160156
102500,602,train,total,0.2975884675979614
102600,603,train,eikonal,0.009448552504181862
102600,603,train,render,0.32719719409942627
102600,603,train,total,0.32814204692840576
102700,604,train,eikonal,0.013006563298404217
102700,604,train,render,0.24333864450454712
102700,604,train,total,0.2446393072605133
102800,604,train,eikonal,0.011819140985608101
102800,604,train,render,0.21759246289730072
102800,604,train,total,0.21877437829971313
102900,605,train,eikonal,0.012517960742115974
102900,605,train,render,0.2509802579879761
102900,605,train,total,0.25223204493522644
103000,605,train,eikonal,0.004526942037045956
103000,605,train,render,0.22727113962173462
103000,605,train,total,0.2277238368988037
103100,606,train,eikonal,0.008895518258213997
103100,606,train,render,0.2518571615219116
103100,606,train,total,0.25274670124053955
103200,607,train,eikonal,0.010606063529849052
103200,607,train,render,0.31580233573913574
103200,607,train,total,0.31686294078826904
197200,1160,train,eikonal,0.010448440909385681
197200,1160,train,render,0.21121779084205627
197200,1160,train,total,0.21226263046264648
197300,1160,train,eikonal,0.006718861870467663
197300,1160,train,render,0.2795727849006653
197300,1160,train,total,0.2802446782588959
197400,1161,train,eikonal,0.013817088678479195
197400,1161,train,render,0.1927320510149002
197400,1161,train,total,0.19411376118659973
197500,1161,train,eikonal,0.007698118686676025
197500,1161,train,render,0.2519766092300415
197500,1161,train,total,0.25274643301963806
197600,1162,train,eikonal,0.013103026896715164
197600,1162,train,render,0.2111055552959442
197600,1162,train,total,0.21241585910320282
197700,1162,train,eikonal,0.009696140885353088
197700,1162,train,render,0.2574555277824402
197700,1162,train,total,0.25842514634132385
197800,1163,train,eikonal,0.009148293174803257
197800,1163,train,render,0.31657278537750244
197800,1163,train,total,0.3174876272678375
197900,1164,train,eikonal,0.011211127042770386
197900,1164,train,render,0.2416508048772812
197900,1164,train,total,0.2427719235420227
198000,1164,train,eikonal,0.00765866506844759
198000,1164,train,render,0.3061491847038269
198000,1164,train,total,0.3069150447845459
198100,1165,train,eikonal,0.009459932334721088
198100,1165,train,render,0.2032526582479477
198100,1165,train,total,0.2041986584663391
198200,1165,train,eikonal,0.008711032569408417
198200,1165,train,render,0.35386723279953003
198200,1165,train,total,0.3547383248806
198300,1166,train,eikonal,0.008394669741392136
198300,1166,train,render,0.31786346435546875
198300,1166,train,total,0.31870293617248535
198400,1167,train,eikonal,0.00702425092458725
198400,1167,train,render,0.19562087953090668
198400,1167,train,total,0.19632330536842346
198500,1167,train,eikonal,0.007177297025918961
198500,1167,train,render,0.22573989629745483
198500,1167,train,total,0.2264576256275177
198600,1168,train,eikonal,0.00696021132171154
198600,1168,train,render,0.257335364818573
198600,1168,train,total,0.2580313980579376
198700,1168,train,eikonal,0.009019600227475166
198700,1168,train,render,0.2325935959815979
198700,1168,train,total,0.2334955632686615
198800,1169,train,eikonal,0.005255451425909996
198800,1169,train,render,0.21306265890598297
198800,1169,train,total,0.21358820796012878
198900,1170,train,eikonal,0.009047362022101879
198900,1170,train,render,0.24706698954105377
198900,1170,train,total,0.24797172844409943
199000,1170,train,eikonal,0.008171270601451397
199000,1170,train,render,0.22388577461242676
199000,1170,train,total,0.2247028946876526
199100,1171,train,eikonal,0.007912578992545605
199100,1171,train,render,0.25838810205459595
199100,1171,train,total,0.25917935371398926
199200,1171,train,eikonal,0.013457763940095901
199200,1171,train,render,0.22413727641105652
199200,1171,train,total,0.22548305988311768
199300,1172,train,eikonal,0.008257051929831505
199300,1172,train,render,0.22654739022254944
199300,1172,train,total,0.22737309336662292
199400,1172,train,eikonal,0.007952737621963024
199400,1172,train,render,0.2992593050003052
199400,1172,train,total,0.3000545799732208
199500,1173,train,eikonal,0.007202852983027697
199500,1173,train,render,0.254182368516922
199500,1173,train,total,0.2549026608467102
199600,1174,train,eikonal,0.006635074503719807
199600,1174,train,render,0.2705465257167816
199600,1174,train,total,0.27121004462242126
199700,1174,train,eikonal,0.010631991550326347
199700,1174,train,render,0.22420911490917206
199700,1174,train,total,0.2252723127603531
199800,1175,train,eikonal,0.01119287870824337
199800,1175,train,render,0.3036959767341614
199800,1175,train,total,0.30481526255607605
199900,1175,train,eikonal,0.010004009120166302
199900,1175,train,render,0.2237945795059204
199900,1175,train,total,0.22479498386383057
200000,1176,train,eikonal,0.00761322770267725
200000,1176,train,render,0.18825097382068634
200000,1176,train,total,0.1890123039484024
200000,1176,val,eikonal,0.00761322770267725
200000,1176,val,render,0.06657987833023071
200000,1176,val,total,0.06734120100736618
200100,1177,train,eikonal,0.006241197232156992
200100,1177,train,render,0.2945560812950134
200100,1177,train,total,0.29518020153045654
200200,1177,train,eikonal,0.007574757095426321
200200,1177,train,render,0.2608349323272705
200200,1177,train,total,0.26159241795539856
200300,1178,train,eikonal,0.005528625100851059
200300,1178,train,render,0.26374927163124084
200300,1178,train,total,0.264302134513855
200400,1178,train,eikonal,0.002396218478679657
200400,1178,train,render,0.1899937391281128
200400,1178,train,total,0.19023336470127106
200500,1179,train,eikonal,0.005965690594166517
200500,1179,train,render,0.21017009019851685
200500,1179,train,total,0.21076665818691254
200600,1180,train,eikonal,0.005703439936041832
200600,1180,train,render,0.2979050278663635
200600,1180,train,total,0.29847538471221924
200700,1180,train,eikonal,0.010358096100389957
200700,1180,train,render,0.24832843244075775
200700,1180,train,total,0.2493642419576645
200800,1181,train,eikonal,0.006773587316274643
200800,1181,train,render,0.2400154173374176
200800,1181,train,total,0.24069277942180634
200900,1181,train,eikonal,0.007099207490682602
200900,1181,train,render,0.32309144735336304
200900,1181,train,total,0.3238013684749603
201000,1182,train,eikonal,0.011293741874396801
201000,1182,train,render,0.20974969863891602
201000,1182,train,total,0.21087907254695892
201100,1182,train,eikonal,0.006701176054775715
201100,1182,train,render,0.24358803033828735
201100,1182,train,total,0.24425815045833588
201200,1183,train,eikonal,0.005511917173862457
201200,1183,train,render,0.21899034082889557
201200,1183,train,total,0.219541534781456
201300,1184,train,eikonal,0.006028910633176565
201300,1184,train,render,0.276120662689209
201300,1184,train,total,0.27672356367111206
201400,1184,train,eikonal,0.007399898022413254
201400,1184,train,render,0.25998687744140625
201400,1184,train,total,0.2607268691062927
201500,1185,train,eikonal,0.006056829821318388
201500,1185,train,render,0.3174373507499695
201500,1185,train,total,0.3180430233478546
201600,1185,train,eikonal,0.0069576408714056015
201600,1185,train,render,0.238796666264534
201600,1185,train,total,0.23949243128299713
201700,1186,train,eikonal,0.002962871454656124
201700,1186,train,render,0.17502713203430176
201700,1186,train,total,0.17532341182231903
201800,1187,train,eikonal,0.008512490428984165
201800,1187,train,render,0.19748371839523315
201800,1187,train,total,0.1983349621295929
201900,1187,train,eikonal,0.007966754958033562
201900,1187,train,render,0.33890360593795776
201900,1187,train,total,0.33970028162002563
202000,1188,train,eikonal,0.008821537718176842
202000,1188,train,render,0.245548814535141
202000,1188,train,total,0.24643096327781677
202100,1188,train,eikonal,0.008530179969966412
202100,1188,train,render,0.3114333152770996
202100,1188,train,total,0.3122863471508026
202200,1189,train,eikonal,0.009163317270576954
202200,1189,train,render,0.2972393333911896
202200,1189,train,total,0.29815566539764404
202300,1190,train,eikonal,0.004301166161894798
202300,1190,train,render,0.2487233579158783
202300,1190,train,total,0.2491534799337387
202400,1190,train,eikonal,0.009317845106124878
202400,1190,train,render,0.23748180270195007
202400,1190,train,total,0.23841358721256256
202500,1191,train,eikonal,0.00901179388165474
202500,1191,train,render,0.2664923667907715
202500,1191,train,total,0.267393559217453
202600,1191,train,eikonal,0.013618594035506248
202600,1191,train,render,0.1887628734111786
202600,1191,train,total,0.1901247352361679
202700,1192,train,eikonal,0.013102743774652481
202700,1192,train,render,0.20261992514133453
202700,1192,train,total,0.20393019914627075
202800,1192,train,eikonal,0.0064659928902983665
202800,1192,train,render,0.21721258759498596
202800,1192,train,total,0.2178591936826706
202900,1193,train,eikonal,0.008534143678843975
202900,1193,train,render,0.27992701530456543
202900,1193,train,total,0.2807804346084595
203000,1194,train,eikonal,0.0061668893322348595
203000,1194,train,render,0.19542330503463745
203000,1194,train,total,0.19603998959064484
203100,1194,train,eikonal,0.008851908147335052
203100,1194,train,render,0.19526244699954987
203100,1194,train,total,0.1961476355791092
203200,1195,train,eikonal,0.009652162902057171
203200,1195,train,render,0.2711108922958374
203200,1195,train,total,0.2720761001110077
203300,1195,train,eikonal,0.00925523228943348
203300,1195,train,render,0.4272192120552063
203300,1195,train,total,0.4281447231769562
203400,1196,train,eikonal,0.005317849572747946
203400,1196,train,render,0.21740946173667908
203400,1196,train,total,0.21794123947620392
203500,1197,train,eikonal,0.006643663160502911
203500,1197,train,render,0.24537768959999084
203500,1197,train,total,0.24604205787181854
203600,1197,train,eikonal,0.005541555117815733
203600,1197,train,render,0.26763832569122314
203600,1197,train,total,0.26819247007369995
203700,1198,train,eikonal,0.00856091920286417
203700,1198,train,render,0.31040358543395996
203700,1198,train,total,0.3112596869468689
203800,1198,train,eikonal,0.008431056514382362
203800,1198,train,render,0.2647133767604828
203800,1198,train,total,0.2655564844608307
203900,1199,train,eikonal,0.007559575140476227
203900,1199,train,render,0.25234657526016235
203900,1199,train,total,0.25310254096984863
204000,1200,train,eikonal,0.011181021109223366
204000,1200,train,render,0.23945161700248718
204000,1200,train,total,0.24056972563266754
204100,1200,train,eikonal,0.009707527235150337
204100,1200,train,render,0.2207868993282318
204100,1200,train,total,0.2217576503753662
204200,1201,train,eikonal,0.007381157949566841
204200,1201,train,render,0.22751516103744507
204200,1201,train,total,0.22825327515602112
204300,1201,train,eikonal,0.006802426651120186
204300,1201,train,render,0.21643151342868805
204300,1201,train,total,0.2171117514371872
204400,1202,train,eikonal,0.008126835338771343
204400,1202,train,render,0.21041882038116455
204400,1202,train,total,0.21123149991035461
204500,1202,train,eikonal,0.008398839272558689
204500,1202,train,render,0.24982279539108276
204500,1202,train,total,0.2506626844406128
204600,1203,train,eikonal,0.006993212271481752
204600,1203,train,render,0.2311795949935913
204600,1203,train,total,0.23187892138957977
204700,1204,train,eikonal,0.0053371465764939785
204700,1204,train,render,0.22329479455947876
204700,1204,train,total,0.2238285094499588
204800,1204,train,eikonal,0.007546391803771257
204800,1204,train,render,0.3002232015132904
204800,1204,train,total,0.30097782611846924
204900,1205,train,eikonal,0.007640089374035597
204900,1205,train,render,0.27987542748451233
204900,1205,train,total,0.2806394398212433
205000,1205,train,eikonal,0.007318985182791948
205000,1205,train,render,0.21709799766540527
205000,1205,train,total,0.2178298979997635
205100,1206,train,eikonal,0.0057169911451637745
205100,1206,train,render,0.22483065724372864
205100,1206,train,total,0.2254023551940918
205200,1207,train,eikonal,0.008584782481193542
205200,1207,train,render,0.26551711559295654
205200,1207,train,total,0.2663756012916565
205300,1207,train,eikonal,0.0064139459282159805
205300,1207,train,render,0.20950257778167725
205300,1207,train,total,0.21014396846294403
205400,1208,train,eikonal,0.007128872908651829
205400,1208,train,render,0.21679982542991638
205400,1208,train,total,0.21751271188259125
205500,1208,train,eikonal,0.0059141730889678
205500,1208,train,render,0.26914435625076294
205500,1208,train,total,0.26973578333854675
205600,1209,train,eikonal,0.007831016555428505
205600,1209,train,render,0.24047961831092834
205600,1209,train,total,0.24126271903514862
205700,1210,train,eikonal,0.008595440536737442
205700,1210,train,render,0.24817800521850586
205700,1210,train,total,0.24903754889965057
205800,1210,train,eikonal,0.007382099516689777
205800,1210,train,render,0.2695137858390808
205800,1210,train,total,0.270251989364624
205900,1211,train,eikonal,0.009072320535779
205900,1211,train,render,0.22584980726242065
205900,1211,train,total,0.22675703465938568
206000,1211,train,eikonal,0.006968935485929251
206000,1211,train,render,0.27067768573760986
206000,1211,train,total,0.27137458324432373
206100,1212,train,eikonal,0.005854587536305189
206100,1212,train,render,0.2750667631626129
206100,1212,train,total,0.2756522297859192
206200,1212,train,eikonal,0.004916773643344641
206200,1212,train,render,0.23584569990634918
206200,1212,train,total,0.23633737862110138
206300,1213,train,eikonal,0.007605870719999075
206300,1213,train,render,0.3068379759788513
206300,1213,train,total,0.3075985610485077
206400,1214,train,eikonal,0.007714305073022842
206400,1214,train,render,0.25107765197753906
206400,1214,train,total,0.25184908509254456
206500,1214,train,eikonal,0.005918307229876518
206500,1214,train,render,0.25486356019973755
206500,1214,train,total,0.2554554045200348
206600,1215,train,eikonal,0.006701781880110502
206600,1215,train,render,0.2560886740684509
206600,1215,train,total,0.25675883889198303
206700,1215,train,eikonal,0.006257285363972187
206700,1215,train,render,0.2654227018356323
206700,1215,train,total,0.2660484313964844
206800,1216,train,eikonal,0.0032387771643698215
206800,1216,train,render,0.2070322036743164
206800,1216,train,total,0.20735608041286469
206900,1217,train,eikonal,0.007703500334173441
206900,1217,train,render,0.2161884307861328
206900,1217,train,total,0.21695877611637115
207000,1217,train,eikonal,0.006924542132765055
207000,1217,train,render,0.24003902077674866
207000,1217,train,total,0.24073147773742676
207100,1218,train,eikonal,0.008522357791662216
207100,1218,train,render,0.21410532295703888
207100,1218,train,total,0.2149575650691986
207200,1218,train,eikonal,0.009631350636482239
207200,1218,train,render,0.21463783085346222
207200,1218,train,total,0.21560096740722656
207300,1219,train,eikonal,0.011453654617071152
207300,1219,train,render,0.20052865147590637
207300,1219,train,total,0.20167401432991028
207400,1220,train,eikonal,0.006829136051237583
207400,1220,train,render,0.2356889694929123
207400,1220,train,total,0.23637188971042633
207500,1220,train,eikonal,0.0062928819097578526
207500,1220,train,render,0.30692070722579956
207500,1220,train,total,0.30754998326301575
207600,1221,train,eikonal,0.009094655513763428
207600,1221,train,render,0.244890958070755
207600,1221,train,total,0.2458004206418991
207700,1221,train,eikonal,0.00693366676568985
207700,1221,train,render,0.21689394116401672
207700,1221,train,total,0.21758730709552765
207800,1222,train,eikonal,0.005788102746009827
207800,1222,train,render,0.30513274669647217
207800,1222,train,total,0.305711567401886
207900,1222,train,eikonal,0.007327732630074024
207900,1222,train,render,0.2026725709438324
207900,1222,train,total,0.20340535044670105
208000,1223,train,eikonal,0.009455490857362747
208000,1223,train,render,0.20226556062698364
208000,1223,train,total,0.20321111381053925
208100,1224,train,eikonal,0.008399400860071182
208100,1224,train,render,0.25905996561050415
208100,1224,train,total,0.25989991426467896
208200,1224,train,eikonal,0.007337453309446573
208200,1224,train,render,0.23563891649246216
208200,1224,train,total,0.2363726645708084
208300,1225,train,eikonal,0.008007735013961792
208300,1225,train,render,0.3182353377342224
208300,1225,train,total,0.3190361261367798
208400,1225,train,eikonal,0.006497140042483807
208400,1225,train,render,0.23688550293445587
208400,1225,train,total,0.23753522336483002
208500,1226,train,eikonal,0.00865417905151844
208500,1226,train,render,0.24708639085292816
208500,1226,train,total,0.24795180559158325
208600,1227,train,eikonal,0.004906065762042999
208600,1227,train,render,0.2393878698348999
208600,1227,train,total,0.23987847566604614
208700,1227,train,eikonal,0.00921686366200447
208700,1227,train,render,0.21257254481315613
208700,1227,train,total,0.2134942263364792
208800,1228,train,eikonal,0.009794238954782486
208800,1228,train,render,0.22463710606098175
208800,1228,train,total,0.22561652958393097
208900,1228,train,eikonal,0.009970664978027344
208900,1228,train,render,0.2131960391998291
208900,1228,train,total,0.21419310569763184
209000,1229,train,eikonal,0.013570772483944893
209000,1229,train,render,0.2031952440738678
209000,1229,train,total,0.2045523226261139
209100,1230,train,eikonal,0.0077064186334609985
209100,1230,train,render,0.2860948443412781
209100,1230,train,total,0.2868654727935791
209200,1230,train,eikonal,0.006305347662419081
209200,1230,train,render,0.29897990822792053
209200,1230,train,total,0.299610435962677
209300,1231,train,eikonal,0.011576903983950615
209300,1231,train,render,0.25079935789108276
209300,1231,train,total,0.2519570589065552
209400,1231,train,eikonal,0.00556033942848444
209400,1231,train,render,0.26540428400039673
209400,1231,train,total,0.26596030592918396
209500,1232,train,eikonal,0.010151039808988571
209500,1232,train,render,0.24503183364868164
209500,1232,train,total,0.24604693055152893
209600,1232,train,eikonal,0.010719451121985912
209600,1232,train,render,0.2208307981491089
209600,1232,train,total,0.2219027429819107
209700,1233,train,eikonal,0.008591088466346264
209700,1233,train,render,0.3002821207046509
209700,1233,train,total,0.30114123225212097
209800,1234,train,eikonal,0.011042379774153233
209800,1234,train,render,0.2347589135169983
209800,1234,train,total,0.23586314916610718
209900,1234,train,eikonal,0.0072057126089930534
209900,1234,train,render,0.225506991147995
209900,1234,train,total,0.2262275665998459
210000,1235,train,eikonal,0.007188586518168449
210000,1235,train,render,0.2553117275238037
210000,1235,train,total,0.2560305893421173
210100,1235,train,eikonal,0.00554401520639658
210100,1235,train,render,0.2270354926586151
210100,1235,train,total,0.22758989036083221
210200,1236,train,eikonal,0.011057626456022263
210200,1236,train,render,0.27509212493896484
210200,1236,train,total,0.2761978805065155
210300,1237,train,eikonal,0.006819640286266804
210300,1237,train,render,0.2325565218925476
210300,1237,train,total,0.23323848843574524
210400,1237,train,eikonal,0.0054648867808282375
210400,1237,train,render,0.24680645763874054
210400,1237,train,total,0.2473529428243637
210500,1238,train,eikonal,0.011675801128149033
210500,1238,train,render,0.34065061807632446
210500,1238,train,total,0.3418181836605072
210600,1238,train,eikonal,0.007269798777997494
210600,1238,train,render,0.2356812059879303
210600,1238,train,total,0.23640818893909454
210700,1239,train,eikonal,0.010884333401918411
210700,1239,train,render,0.1834890991449356
210700,1239,train,total,0.18457753956317902
210800,1240,train,eikonal,0.01185752172023058
210800,1240,train,render,0.22052322328090668
210800,1240,train,total,0.2217089682817459
210900,1240,train,eikonal,0.006624850444495678
210900,1240,train,render,0.31848037242889404
210900,1240,train,total,0.3191428482532501
211000,1241,train,eikonal,0.011735799722373486
211000,1241,train,render,0.2323623150587082
211000,1241,train,total,0.23353590071201324
211100,1241,train,eikonal,0.011419767513871193
211100,1241,train,render,0.21656730771064758
211100,1241,train,total,0.21770928800106049
211200,1242,train,eikonal,0.007759070955216885
211200,1242,train,render,0.20592212677001953
211200,1242,train,total,0.20669803023338318
211300,1242,train,eikonal,0.008473491296172142
211300,1242,train,render,0.2427322268486023
211300,1242,train,total,0.24357958137989044
211400,1243,train,eikonal,0.01383206620812416
211400,1243,train,render,0.2144792079925537
211400,1243,train,total,0.21586240828037262
211500,1244,train,eikonal,0.009768701158463955
211500,1244,train,render,0.21547378599643707
211500,1244,train,total,0.21645066142082214
211600,1244,train,eikonal,0.00918375700712204
211600,1244,train,render,0.2786596417427063
211600,1244,train,total,0.2795780301094055
211700,1245,train,eikonal,0.007011608686298132
211700,1245,train,render,0.29649171233177185
211700,1245,train,total,0.29719287157058716
211800,1245,train,eikonal,0.00682104891166091
211800,1245,train,render,0.3022617995738983
211800,1245,train,total,0.3029439151287079
211900,1246,train,eikonal,0.007182296831160784
211900,1246,train,render,0.1997969001531601
211900,1246,train,total,0.20051513612270355
212000,1247,train,eikonal,0.003087018383666873
212000,1247,train,render,0.21267221868038177
212000,1247,train,total,0.21298092603683472
212100,1247,train,eikonal,0.008426850661635399
212100,1247,train,render,0.2727980613708496
212100,1247,train,total,0.2736407518386841
212200,1248,train,eikonal,0.009423188865184784
212200,1248,train,render,0.3482030928134918
212200,1248,train,total,0.34914541244506836
212300,1248,train,eikonal,0.011402195319533348
212300,1248,train,render,0.24533052742481232
212300,1248,train,total,0.24647074937820435
212400,1249,train,eikonal,0.005886489525437355
212400,1249,train,render,0.27354806661605835
212400,1249,train,total,0.2741367220878601
212500,1250,train,eikonal,0.008197508752346039
212500,1250,train,render,0.279668390750885
212500,1250,train,total,0.28048813343048096
212600,1250,train,eikonal,0.007559452671557665
212600,1250,train,render,0.31534111499786377
212600,1250,train,total,0.31609705090522766
212700,1251,train,eikonal,0.004263150040060282
212700,1251,train,render,0.23990219831466675
212700,1251,train,total,0.24032852053642273
212800,1251,train,eikonal,0.004771636798977852
212800,1251,train,render,0.20530438423156738
212800,1251,train,total,0.20578154921531677
212900,1252,train,eikonal,0.008503657765686512
212900,1252,train,render,0.24778246879577637
212900,1252,train,total,0.24863283336162567
213000,1252,train,eikonal,0.012076932936906815
213000,1252,train,render,0.2609332203865051
213000,1252,train,total,0.2621408998966217
213100,1253,train,eikonal,0.010373472236096859
213100,1253,train,render,0.2351905107498169
213100,1253,train,total,0.2362278550863266
213200,1254,train,eikonal,0.008861206471920013
213200,1254,train,render,0.2332664430141449
213200,1254,train,total,0.23415257036685944
213300,1254,train,eikonal,0.006947154179215431
213300,1254,train,render,0.22488583624362946
213300,1254,train,total,0.22558055818080902
213400,1255,train,eikonal,0.0062454091385006905
213400,1255,train,render,0.21868953108787537
213400,1255,train,total,0.2193140685558319
213500,1255,train,eikonal,0.010653197765350342
213500,1255,train,render,0.2137884795665741
213500,1255,train,total,0.21485379338264465
213600,1256,train,eikonal,0.00880376622080803
213600,1256,train,render,0.25640249252319336
213600,1256,train,total,0.25728288292884827
213700,1257,train,eikonal,0.008652081713080406
213700,1257,train,render,0.3726608455181122
213700,1257,train,total,0.37352606654167175
213800,1257,train,eikonal,0.007999947294592857
213800,1257,train,render,0.21297648549079895
213800,1257,train,total,0.21377648413181305
213900,1258,train,eikonal,0.005625050514936447
213900,1258,train,render,0.24343380331993103
213900,1258,train,total,0.24399630725383759
214000,1258,train,eikonal,0.008059329353272915
214000,1258,train,render,0.33295223116874695
214000,1258,train,total,0.3337581753730774
214100,1259,train,eikonal,0.005366411991417408
214100,1259,train,render,0.21783149242401123
214100,1259,train,total,0.21836812794208527
214200,1260,train,eikonal,0.008116383105516434
214200,1260,train,render,0.25910037755966187
214200,1260,train,total,0.25991201400756836
214300,1260,train,eikonal,0.011311156675219536
214300,1260,train,render,0.21078523993492126
214300,1260,train,total,0.21191635727882385
214400,1261,train,eikonal,0.006247882731258869
214400,1261,train,render,0.32473260164260864
214400,1261,train,total,0.3253573775291443
214500,1261,train,eikonal,0.010257109068334103
214500,1261,train,render,0.20640452206134796
214500,1261,train,total,0.20743022859096527
214600,1262,train,eikonal,0.003866016399115324
214600,1262,train,render,0.21359704434871674
214600,1262,train,total,0.21398364007472992
214700,1262,train,eikonal,0.010040899738669395
214700,1262,train,render,0.23743855953216553
214700,1262,train,total,0.23844264447689056
214800,1263,train,eikonal,0.006075662095099688
214800,1263,train,render,0.25325584411621094
214800,1263,train,total,0.2538634240627289
214900,1264,train,eikonal,0.008083103224635124
214900,1264,train,render,0.21418717503547668
214900,1264,train,total,0.21499548852443695
215000,1264,train,eikonal,0.007941816002130508
215000,1264,train,render,0.2701711654663086
215000,1264,train,total,0.2709653377532959
215100,1265,train,eikonal,0.008330602198839188
215100,1265,train,render,0.35611385107040405
215100,1265,train,total,0.3569469153881073
215200,1265,train,eikonal,0.01107272133231163
215200,1265,train,render,0.3092368543148041
215200,1265,train,total,0.3103441298007965
215300,1266,train,eikonal,0.006113641895353794
215300,1266,train,render,0.21651342511177063
215300,1266,train,total,0.2171247899532318
215400,1267,train,eikonal,0.01025252602994442
215400,1267,train,render,0.22240126132965088
215400,1267,train,total,0.22342652082443237
215500,1267,train,eikonal,0.009454511106014252
215500,1267,train,render,0.223532572388649
215500,1267,train,total,0.22447802126407623
215600,1268,train,eikonal,0.010701481252908707
215600,1268,train,render,0.2736412584781647
215600,1268,train,total,0.27471140027046204
215700,1268,train,eikonal,0.008155499584972858
215700,1268,train,render,0.2256026268005371
215700,1268,train,total,0.22641818225383759
215800,1269,train,eikonal,0.0069813719019293785
215800,1269,train,render,0.19577255845069885
215800,1269,train,total,0.1964706927537918
215900,1270,train,eikonal,0.008674257434904575
215900,1270,train,render,0.286443829536438
215900,1270,train,total,0.28731125593185425
216000,1270,train,eikonal,0.006192175205796957
216000,1270,train,render,0.2280644178390503
216000,1270,train,total,0.22868363559246063
216100,1271,train,eikonal,0.007403746247291565
216100,1271,train,render,0.19352388381958008
216100,1271,train,total,0.1942642629146576
216200,1271,train,eikonal,0.011176889762282372
216200,1271,train,render,0.24448205530643463
216200,1271,train,total,0.24559974670410156
216300,1272,train,eikonal,0.0069371615536510944
216300,1272,train,render,0.2576514780521393
216300,1272,train,total,0.25834518671035767
216400,1272,train,eikonal,0.010417485609650612
216400,1272,train,render,0.21789422631263733
216400,1272,train,total,0.2189359813928604
216500,1273,train,eikonal,0.0073671285063028336
216500,1273,train,render,0.24869486689567566
216500,1273,train,total,0.2494315803050995
216600,1274,train,eikonal,0.010194108821451664
216600,1274,train,render,0.2694726586341858
216600,1274,train,total,0.2704920768737793
216700,1274,train,eikonal,0.012931954115629196
216700,1274,train,render,0.21881434321403503
216700,1274,train,total,0.2201075404882431
216800,1275,train,eikonal,0.008463879115879536
216800,1275,train,render,0.21499420702457428
216800,1275,train,total,0.21584059298038483
216900,1275,train,eikonal,0.00652727298438549
216900,1275,train,render,0.29954686760902405
216900,1275,train,total,0.30019959807395935
217000,1276,train,eikonal,0.005645283032208681
217000,1276,train,render,0.23335224390029907
217000,1276,train,total,0.233916774392128
217100,1277,train,eikonal,0.009222538210451603
217100,1277,train,render,0.22537033259868622
217100,1277,train,total,0.22629258036613464
217200,1277,train,eikonal,0.007737250998616219
217200,1277,train,render,0.2129061073064804
217200,1277,train,total,0.21367983520030975
217300,1278,train,eikonal,0.007227737456560135
217300,1278,train,render,0.2346954643726349
217300,1278,train,total,0.23541824519634247
217400,1278,train,eikonal,0.007359910290688276
217400,1278,train,render,0.2651580572128296
217400,1278,train,total,0.2658940553665161
217500,1279,train,eikonal,0.009323673322796822
217500,1279,train,render,0.28975313901901245
217500,1279,train,total,0.2906855046749115
217600,1280,train,eikonal,0.008140879683196545
217600,1280,train,render,0.24413344264030457
217600,1280,train,total,0.24494753777980804
217700,1280,train,eikonal,0.007423854433000088
217700,1280,train,render,0.21458473801612854
217700,1280,train,total,0.21532712876796722
217800,1281,train,eikonal,0.009210195392370224
217800,1281,train,render,0.24210545420646667
217800,1281,train,total,0.2430264800786972
217900,1281,train,eikonal,0.009748992510139942
217900,1281,train,render,0.21871432662010193
217900,1281,train,total,0.21968922019004822
218000,1282,train,eikonal,0.008732562884688377
218000,1282,train,render,0.31946638226509094
218000,1282,train,total,0.3203396499156952
218100,1282,train,eikonal,0.010543648153543472
218100,1282,train,render,0.2308928221464157
218100,1282,train,total,0.2319471836090088
218200,1283,train,eikonal,0.010680989362299442
218200,1283,train,render,0.23703008890151978
218200,1283,train,total,0.23809818923473358
218300,1284,train,eikonal,0.0035486212000250816
218300,1284,train,render,0.20065146684646606
218300,1284,train,total,0.20100632309913635
218400,1284,train,eikonal,0.009710101410746574
218400,1284,train,render,0.24517804384231567
218400,1284,train,total,0.24614904820919037
218500,1285,train,eikonal,0.011444853618741035
218500,1285,train,render,0.21816760301589966
218500,1285,train,total,0.21931208670139313
218600,1285,train,eikonal,0.008495817892253399
218600,1285,train,render,0.18202202022075653
218600,1285,train,total,0.18287159502506256
218700,1286,train,eikonal,0.010480299592018127
218700,1286,train,render,0.27421140670776367
218700,1286,train,total,0.27525943517684937
218800,1287,train,eikonal,0.005931539461016655
218800,1287,train,render,0.27790695428848267
218800,1287,train,total,0.27850010991096497
218900,1287,train,eikonal,0.007826948538422585
218900,1287,train,render,0.2699548602104187
218900,1287,train,total,0.27073755860328674
219000,1288,train,eikonal,0.007606859784573317
219000,1288,train,render,0.23577019572257996
219000,1288,train,total,0.23653088510036469
219100,1288,train,eikonal,0.005286961793899536
219100,1288,train,render,0.28756454586982727
219100,1288,train,total,0.288093239068985
219200,1289,train,eikonal,0.010020547546446323
219200,1289,train,render,0.19149407744407654
219200,1289,train,total,0.1924961358308792
219300,1290,train,eikonal,0.012855121865868568
219300,1290,train,render,0.20412611961364746
219300,1290,train,total,0.2054116278886795
219400,1290,train,eikonal,0.0060296254232525826
219400,1290,train,render,0.25829726457595825
219400,1290,train,total,0.2589002251625061
219500,1291,train,eikonal,0.008438525721430779
219500,1291,train,render,0.2684800922870636
219500,1291,train,total,0.2693239450454712
219600,1291,train,eikonal,0.007340060546994209
219600,1291,train,render,0.23572108149528503
219600,1291,train,total,0.23645508289337158
219700,1292,train,eikonal,0.01673084869980812
219700,1292,train,render,0.18299874663352966
219700,1292,train,total,0.18467183411121368
219800,1292,train,eikonal,0.00625480804592371
219800,1292,train,render,0.3006334900856018
219800,1292,train,total,0.30125898122787476
219900,1293,train,eikonal,0.006768650840967894
219900,1293,train,render,0.21331608295440674
219900,1293,train,total,0.21399295330047607
220000,1294,train,eikonal,0.010775088332593441
220000,1294,train,render,0.22438368201255798
220000,1294,train,total,0.2254611849784851
220100,1294,train,eikonal,0.007227271795272827
220100,1294,train,render,0.2571231722831726
220100,1294,train,total,0.2578459084033966
220200,1295,train,eikonal,0.009506691247224808
220200,1295,train,render,0.21917647123336792
220200,1295,train,total,0.220127135515213
220300,1295,train,eikonal,0.009575971402227879
220300,1295,train,render,0.25644344091415405
220300,1295,train,total,0.2574010491371155
220400,1296,train,eikonal,0.007471401244401932
220400,1296,train,render,0.24539722502231598
220400,1296,train,total,0.2461443692445755
220500,1297,train,eikonal,0.008366499096155167
220500,1297,train,render,0.26240888237953186
220500,1297,train,total,0.26324552297592163
220600,1297,train,eikonal,0.007452540565282106
220600,1297,train,render,0.3547578752040863
220600,1297,train,total,0.3555031418800354
220700,1298,train,eikonal,0.006639623083174229
220700,1298,train,render,0.2631971836090088
220700,1298,train,total,0.26386114954948425
220800,1298,train,eikonal,0.007466296665370464
220800,1298,train,render,0.2305505871772766
220800,1298,train,total,0.23129720985889435
220900,1299,train,eikonal,0.007037738338112831
220900,1299,train,render,0.24728098511695862
220900,1299,train,total,0.24798475205898285
221000,1300,train,eikonal,0.011376868933439255
221000,1300,train,render,0.20745053887367249
221000,1300,train,total,0.20858822762966156
221100,1300,train,eikonal,0.008359061554074287
221100,1300,train,render,0.27854275703430176
221100,1300,train,total,0.27937865257263184
221200,1301,train,eikonal,0.00988854467868805
221200,1301,train,render,0.19147920608520508
221200,1301,train,total,0.19246806204319
221300,1301,train,eikonal,0.007568482309579849
221300,1301,train,render,0.27128371596336365
221300,1301,train,total,0.27204057574272156
221400,1302,train,eikonal,0.007240863982588053
221400,1302,train,render,0.25336092710494995
221400,1302,train,total,0.2540850043296814
221500,1302,train,eikonal,0.009057022631168365
221500,1302,train,render,0.21797744929790497
221500,1302,train,total,0.21888315677642822
221600,1303,train,eikonal,0.005586480256170034
221600,1303,train,render,0.2446029782295227
221600,1303,train,total,0.24516162276268005
221700,1304,train,eikonal,0.007884262129664421
221700,1304,train,render,0.2340087592601776
221700,1304,train,total,0.2347971796989441
221800,1304,train,eikonal,0.01010977104306221
221800,1304,train,render,0.23497909307479858
221800,1304,train,total,0.23599007725715637
221900,1305,train,eikonal,0.007725159637629986
221900,1305,train,render,0.2244386225938797
221900,1305,train,total,0.22521114349365234
222000,1305,train,eikonal,0.009040148928761482
222000,1305,train,render,0.2578638792037964
222000,1305,train,total,0.25876790285110474
222100,1306,train,eikonal,0.010451847687363625
222100,1306,train,render,0.20268367230892181
222100,1306,train,total,0.20372885465621948
222200,1307,train,eikonal,0.010923823341727257
222200,1307,train,render,0.2653689980506897
222200,1307,train,total,0.2664613723754883
222300,1307,train,eikonal,0.007987557910382748
222300,1307,train,render,0.23947367072105408
222300,1307,train,total,0.2402724325656891
222400,1308,train,eikonal,0.0068106516264379025
222400,1308,train,render,0.312773734331131
222400,1308,train,total,0.313454806804657
222500,1308,train,eikonal,0.010705754160881042
222500,1308,train,render,0.23885232210159302
222500,1308,train,total,0.239922896027565
222600,1309,train,eikonal,0.010073642246425152
222600,1309,train,render,0.21229474246501923
222600,1309,train,total,0.2133021056652069
222700,1310,train,eikonal,0.005134381353855133
222700,1310,train,render,0.2822212874889374
222700,1310,train,total,0.2827347218990326
222800,1310,train,eikonal,0.00614981260150671
222800,1310,train,render,0.2471272349357605
222800,1310,train,total,0.24774222075939178
222900,1311,train,eikonal,0.005691771395504475
222900,1311,train,render,0.2557862401008606
222900,1311,train,total,0.2563554048538208
223000,1311,train,eikonal,0.012766744941473007
223000,1311,train,render,0.2057807743549347
223000,1311,train,total,0.20705744624137878
223100,1312,train,eikonal,0.010009510442614555
223100,1312,train,render,0.3550422787666321
223100,1312,train,total,0.3560432195663452
223200,1312,train,eikonal,0.004314427729696035
223200,1312,train,render,0.18067458271980286
223200,1312,train,total,0.18110603094100952
223300,1313,train,eikonal,0.010293392464518547
223300,1313,train,render,0.22421422600746155
223300,1313,train,total,0.22524356842041016
223400,1314,train,eikonal,0.010459953919053078
223400,1314,train,render,0.22740095853805542
223400,1314,train,total,0.22844696044921875
223500,1314,train,eikonal,0.00463616568595171
223500,1314,train,render,0.22288106381893158
223500,1314,train,total,0.22334468364715576
223600,1315,train,eikonal,0.006898054387420416
223600,1315,train,render,0.28033116459846497
223600,1315,train,total,0.28102096915245056
223700,1315,train,eikonal,0.011263972148299217
223700,1315,train,render,0.24486078321933746
223700,1315,train,total,0.2459871768951416
223800,1316,train,eikonal,0.00788596086204052
223800,1316,train,render,0.32194411754608154
223800,1316,train,total,0.32273271679878235
223900,1317,train,eikonal,0.005891849752515554
223900,1317,train,render,0.21490347385406494
223900,1317,train,total,0.21549266576766968
224000,1317,train,eikonal,0.012152204290032387
224000,1317,train,render,0.2305900901556015
224000,1317,train,total,0.23180530965328217
224100,1318,train,eikonal,0.006191781256347895
224100,1318,train,render,0.18561750650405884
224100,1318,train,total,0.1862366795539856
224200,1318,train,eikonal,0.005509658250957727
224200,1318,train,render,0.21920053660869598
224200,1318,train,total,0.2197515070438385
224300,1319,train,eikonal,0.009514754638075829
224300,1319,train,render,0.22862833738327026
224300,1319,train,total,0.22957980632781982
224400,1320,train,eikonal,0.0063397763296961784
224400,1320,train,render,0.21366553008556366
224400,1320,train,total,0.2142995148897171
224500,1320,train,eikonal,0.010713399387896061
224500,1320,train,render,0.26400482654571533
224500,1320,train,total,0.2650761604309082
224600,1321,train,eikonal,0.007089180871844292
224600,1321,train,render,0.19515453279018402
224600,1321,train,total,0.19586345553398132
224700,1321,train,eikonal,0.0074644507840275764
224700,1321,train,render,0.24524210393428802
224700,1321,train,total,0.24598854780197144
224800,1322,train,eikonal,0.008655767887830734
224800,1322,train,render,0.24338306486606598
224800,1322,train,total,0.2442486435174942
224900,1322,train,eikonal,0.006879436783492565
224900,1322,train,render,0.32895439863204956
224900,1322,train,total,0.3296423554420471
225000,1323,train,eikonal,0.009089121595025063
225000,1323,train,render,0.25243282318115234
225000,1323,train,total,0.2533417344093323
225100,1324,train,eikonal,0.014324724674224854
225100,1324,train,render,0.21520525217056274
225100,1324,train,total,0.2166377305984497
225200,1324,train,eikonal,0.006581977009773254
225200,1324,train,render,0.26849567890167236
225200,1324,train,total,0.2691538631916046
225300,1325,train,eikonal,0.008117718622088432
225300,1325,train,render,0.24525488913059235
225300,1325,train,total,0.24606665968894958
225400,1325,train,eikonal,0.009284768253564835
225400,1325,train,render,0.20500105619430542
225400,1325,train,total,0.20592953264713287
225500,1326,train,eikonal,0.00735162990167737
225500,1326,train,render,0.3242083489894867
225500,1326,train,total,0.32494351267814636
225600,1327,train,eikonal,0.01208547130227089
225600,1327,train,render,0.20621660351753235
225600,1327,train,total,0.20742514729499817
225700,1327,train,eikonal,0.0092246625572443
225700,1327,train,render,0.25633612275123596
225700,1327,train,total,0.2572585940361023
225800,1328,train,eikonal,0.012381365522742271
225800,1328,train,render,0.20428499579429626
225800,1328,train,total,0.20552313327789307
225900,1328,train,eikonal,0.00825508777052164
225900,1328,train,render,0.2124449461698532
225900,1328,train,total,0.21327045559883118
226000,1329,train,eikonal,0.007115591783076525
226000,1329,train,render,0.24167749285697937
226000,1329,train,total,0.24238905310630798
226100,1330,train,eikonal,0.006046728231012821
226100,1330,train,render,0.24803338944911957
226100,1330,train,total,0.2486380636692047
226200,1330,train,eikonal,0.00743523333221674
226200,1330,train,render,0.37454289197921753
226200,1330,train,total,0.37528643012046814
226300,1331,train,eikonal,0.009520228952169418
226300,1331,train,render,0.21919512748718262
226300,1331,train,total,0.22014714777469635
226400,1331,train,eikonal,0.006126258987933397
226400,1331,train,render,0.21944577991962433
226400,1331,train,total,0.220058411359787
226500,1332,train,eikonal,0.008146900683641434
226500,1332,train,render,0.23536254465579987
226500,1332,train,total,0.2361772358417511
226600,1332,train,eikonal,0.006996810436248779
226600,1332,train,render,0.23118913173675537
226600,1332,train,total,0.2318888157606125
226700,1333,train,eikonal,0.006148264743387699
226700,1333,train,render,0.24548915028572083
226700,1333,train,total,0.24610397219657898
226800,1334,train,eikonal,0.0092439204454422
226800,1334,train,render,0.21747185289859772
226800,1334,train,total,0.21839624643325806
226900,1334,train,eikonal,0.005345065612345934
226900,1334,train,render,0.2441830337047577
226900,1334,train,total,0.244717538356781
227000,1335,train,eikonal,0.01059717871248722
227000,1335,train,render,0.21292650699615479
227000,1335,train,total,0.21398621797561646
227100,1335,train,eikonal,0.008272087201476097
227100,1335,train,render,0.24102433025836945
227100,1335,train,total,0.2418515384197235
227200,1336,train,eikonal,0.0038264060858637094
227200,1336,train,render,0.25055205821990967
227200,1336,train,total,0.2509346902370453
227300,1337,train,eikonal,0.005443488247692585
227300,1337,train,render,0.26015934348106384
227300,1337,train,total,0.2607036828994751
227400,1337,train,eikonal,0.008678940124809742
227400,1337,train,render,0.34203535318374634
227400,1337,train,total,0.3429032564163208
227500,1338,train,eikonal,0.005876512266695499
227500,1338,train,render,0.2431682050228119
227500,1338,train,total,0.24375586211681366
227600,1338,train,eikonal,0.006364179775118828
227600,1338,train,render,0.22130535542964935
227600,1338,train,total,0.2219417691230774
227700,1339,train,eikonal,0.007155696861445904
227700,1339,train,render,0.22464734315872192
227700,1339,train,total,0.22536291182041168
227800,1340,train,eikonal,0.006450190208852291
227800,1340,train,render,0.23955032229423523
227800,1340,train,total,0.24019533395767212
227900,1340,train,eikonal,0.012121086940169334
227900,1340,train,render,0.2000565379858017
227900,1340,train,total,0.20126864314079285
228000,1341,train,eikonal,0.007981042377650738
228000,1341,train,render,0.20474693179130554
228000,1341,train,total,0.20554503798484802
228100,1341,train,eikonal,0.0069418856874108315
228100,1341,train,render,0.23477907478809357
228100,1341,train,total,0.23547326028347015
228200,1342,train,eikonal,0.013701485469937325
228200,1342,train,render,0.23979391157627106
228200,1342,train,total,0.24116405844688416
228300,1342,train,eikonal,0.006293811835348606
228300,1342,train,render,0.19695384800434113
228300,1342,train,total,0.19758322834968567
228400,1343,train,eikonal,0.005798018537461758
228400,1343,train,render,0.24708044528961182
228400,1343,train,total,0.24766024947166443
228500,1344,train,eikonal,0.005353385582566261
228500,1344,train,render,0.27638375759124756
228500,1344,train,total,0.27691909670829773
228600,1344,train,eikonal,0.006804873235523701
228600,1344,train,render,0.3392139673233032
228600,1344,train,total,0.33989444375038147
228700,1345,train,eikonal,0.005832620896399021
228700,1345,train,render,0.27682989835739136
228700,1345,train,total,0.27741315960884094
228800,1345,train,eikonal,0.0090425293892622
228800,1345,train,render,0.31751710176467896
228800,1345,train,total,0.3184213638305664
228900,1346,train,eikonal,0.005577634088695049
228900,1346,train,render,0.2593821883201599
228900,1346,train,total,0.25993993878364563
229000,1347,train,eikonal,0.008272024802863598
229000,1347,train,render,0.26313066482543945
229000,1347,train,total,0.2639578580856323
229100,1347,train,eikonal,0.01211564801633358
229100,1347,train,render,0.1986142247915268
229100,1347,train,total,0.19982579350471497
229200,1348,train,eikonal,0.0063049159944057465
229200,1348,train,render,0.27295172214508057
229200,1348,train,total,0.27358222007751465
229300,1348,train,eikonal,0.011188345961272717
229300,1348,train,render,0.20230576395988464
229300,1348,train,total,0.2034246027469635
229400,1349,train,eikonal,0.008159757591784
229400,1349,train,render,0.28239205479621887
229400,1349,train,total,0.28320804238319397
229500,1350,train,eikonal,0.004135331138968468
229500,1350,train,render,0.2211654782295227
229500,1350,train,total,0.22157901525497437
229600,1350,train,eikonal,0.005923079326748848
229600,1350,train,render,0.26429179310798645
229600,1350,train,total,0.2648841142654419
229700,1351,train,eikonal,0.00702658761292696
229700,1351,train,render,0.3269416093826294
229700,1351,train,total,0.3276442587375641
229800,1351,train,eikonal,0.005865826737135649
229800,1351,train,render,0.28048449754714966
229800,1351,train,total,0.2810710668563843
229900,1352,train,eikonal,0.006433038040995598
229900,1352,train,render,0.19349175691604614
229900,1352,train,total,0.19413505494594574
230000,1352,train,eikonal,0.004953993484377861
230000,1352,train,render,0.23152072727680206
230000,1352,train,total,0.23201613128185272
230100,1353,train,eikonal,0.0076090446673333645
230100,1353,train,render,0.2983504831790924
230100,1353,train,total,0.29911139607429504
230200,1354,train,eikonal,0.003398862900212407
230200,1354,train,render,0.2303408682346344
230200,1354,train,total,0.23068074882030487
230300,1354,train,eikonal,0.009919305332005024
230300,1354,train,render,0.2350730448961258
230300,1354,train,total,0.23606497049331665
230400,1355,train,eikonal,0.005838003475219011
230400,1355,train,render,0.29371020197868347
230400,1355,train,total,0.29429399967193604
230500,1355,train,eikonal,0.005866618826985359
230500,1355,train,render,0.2771175801753998
230500,1355,train,total,0.27770423889160156
230600,1356,train,eikonal,0.00814564898610115
230600,1356,train,render,0.218644917011261
230600,1356,train,total,0.21945948898792267
230700,1357,train,eikonal,0.007403014227747917
230700,1357,train,render,0.2633264660835266
230700,1357,train,total,0.26406675577163696
230800,1357,train,eikonal,0.006754035595804453
230800,1357,train,render,0.2183755338191986
230800,1357,train,total,0.21905094385147095
230900,1358,train,eikonal,0.00688712066039443
230900,1358,train,render,0.21500059962272644
230900,1358,train,total,0.21568931639194489
231000,1358,train,eikonal,0.010842674411833286
231000,1358,train,render,0.28250283002853394
231000,1358,train,total,0.28358709812164307
231100,1359,train,eikonal,0.008668343536555767
231100,1359,train,render,0.2534988522529602
231100,1359,train,total,0.2543656826019287
231200,1360,train,eikonal,0.006285243667662144
231200,1360,train,render,0.2660425305366516
231200,1360,train,total,0.2666710615158081
231300,1360,train,eikonal,0.006712635979056358
231300,1360,train,render,0.2742278575897217
231300,1360,train,total,0.27489912509918213
231400,1361,train,eikonal,0.011662833392620087
231400,1361,train,render,0.30390608310699463
231400,1361,train,total,0.3050723671913147
231500,1361,train,eikonal,0.007476243190467358
231500,1361,train,render,0.31290483474731445
231500,1361,train,total,0.3136524558067322
231600,1362,train,eikonal,0.008171209134161472
231600,1362,train,render,0.27573278546333313
231600,1362,train,total,0.27654990553855896
231700,1362,train,eikonal,0.006258607842028141
231700,1362,train,render,0.31529003381729126
231700,1362,train,total,0.31591588258743286
231800,1363,train,eikonal,0.005571284797042608
231800,1363,train,render,0.25503575801849365
231800,1363,train,total,0.25559288263320923
231900,1364,train,eikonal,0.004493812099099159
231900,1364,train,render,0.21381698548793793
231900,1364,train,total,0.2142663598060608
232000,1364,train,eikonal,0.009158461354672909
232000,1364,train,render,0.29091691970825195
232000,1364,train,total,0.2918327748775482
232100,1365,train,eikonal,0.008030825294554234
232100,1365,train,render,0.2023676186800003
232100,1365,train,total,0.20317070186138153
232200,1365,train,eikonal,0.006246556527912617
232200,1365,train,render,0.23699629306793213
232200,1365,train,total,0.23762094974517822
232300,1366,train,eikonal,0.007693108171224594
232300,1366,train,render,0.2951509952545166
232300,1366,train,total,0.29592031240463257
232400,1367,train,eikonal,0.008300664834678173
232400,1367,train,render,0.3855726718902588
232400,1367,train,total,0.3864027261734009
232500,1367,train,eikonal,0.0118824802339077
232500,1367,train,render,0.3384106457233429
232500,1367,train,total,0.3395988941192627
232600,1368,train,eikonal,0.004653125070035458
232600,1368,train,render,0.20862503349781036
232600,1368,train,total,0.20909035205841064
232700,1368,train,eikonal,0.006518889218568802
232700,1368,train,render,0.2451442927122116
232700,1368,train,total,0.24579618871212006
232800,1369,train,eikonal,0.005402043461799622
232800,1369,train,render,0.24580755829811096
232800,1369,train,total,0.24634775519371033
232900,1370,train,eikonal,0.008184036239981651
232900,1370,train,render,0.3370105028152466
232900,1370,train,total,0.3378289043903351
233000,1370,train,eikonal,0.00635633897036314
233000,1370,train,render,0.21733349561691284
233000,1370,train,total,0.2179691344499588
233100,1371,train,eikonal,0.009331000968813896
233100,1371,train,render,0.2647078037261963
233100,1371,train,total,0.26564091444015503
233200,1371,train,eikonal,0.011764001101255417
233200,1371,train,render,0.2670780122280121
233200,1371,train,total,0.2682543992996216
233300,1372,train,eikonal,0.009727844037115574
233300,1372,train,render,0.3084893822669983
233300,1372,train,total,0.30946215987205505
233400,1372,train,eikonal,0.007909797132015228
233400,1372,train,render,0.31533026695251465
233400,1372,train,total,0.31612125039100647
233500,1373,train,eikonal,0.007705148309469223
233500,1373,train,render,0.2150745391845703
233500,1373,train,total,0.2158450484275818
233600,1374,train,eikonal,0.0031121019273996353
233600,1374,train,render,0.1968744546175003
233600,1374,train,total,0.1971856653690338
233700,1374,train,eikonal,0.007638066075742245
233700,1374,train,render,0.24652713537216187
233700,1374,train,total,0.2472909390926361
233800,1375,train,eikonal,0.008152316324412823
233800,1375,train,render,0.29305148124694824
233800,1375,train,total,0.29386672377586365
233900,1375,train,eikonal,0.00842362456023693
233900,1375,train,render,0.260947048664093
233900,1375,train,total,0.2617894113063812
234000,1376,train,eikonal,0.008354658260941505
234000,1376,train,render,0.21490256488323212
234000,1376,train,total,0.21573802828788757
234100,1377,train,eikonal,0.007140966132283211
234100,1377,train,render,0.3098466396331787
234100,1377,train,total,0.3105607330799103
234200,1377,train,eikonal,0.007607882376760244
234200,1377,train,render,0.21416738629341125
234200,1377,train,total,0.21492817997932434
234300,1378,train,eikonal,0.009655226022005081
234300,1378,train,render,0.22683727741241455
234300,1378,train,total,0.2278027981519699
234400,1378,train,eikonal,0.00860007107257843
234400,1378,train,render,0.3672667443752289
234400,1378,train,total,0.3681267499923706
234500,1379,train,eikonal,0.008482370525598526
234500,1379,train,render,0.21310512721538544
234500,1379,train,total,0.21395336091518402
234600,1380,train,eikonal,0.012905132956802845
234600,1380,train,render,0.20125073194503784
234600,1380,train,total,0.20254124701023102
234700,1380,train,eikonal,0.00687647657468915
234700,1380,train,render,0.18769383430480957
234700,1380,train,total,0.18838147819042206
234800,1381,train,eikonal,0.008152421563863754
234800,1381,train,render,0.24333083629608154
234800,1381,train,total,0.24414607882499695
234900,1381,train,eikonal,0.007509159855544567
234900,1381,train,render,0.29707616567611694
234900,1381,train,total,0.2978270947933197
235000,1382,train,eikonal,0.008549002930521965
235000,1382,train,render,0.2759048640727997
235000,1382,train,total,0.2767597734928131
235100,1382,train,eikonal,0.007157620042562485
235100,1382,train,render,0.27669253945350647
235100,1382,train,total,0.27740830183029175
235200,1383,train,eikonal,0.00930213462561369
235200,1383,train,render,0.22295759618282318
235200,1383,train,total,0.22388781607151031
235300,1384,train,eikonal,0.007420150563120842
235300,1384,train,render,0.237956240773201
235300,1384,train,total,0.23869825899600983
235400,1384,train,eikonal,0.008779634721577168
235400,1384,train,render,0.21393227577209473
235400,1384,train,total,0.21481023728847504
235500,1385,train,eikonal,0.005912951659411192
235500,1385,train,render,0.265316903591156
235500,1385,train,total,0.26590821146965027
235600,1385,train,eikonal,0.00531425978988409
235600,1385,train,render,0.2670564353466034
235600,1385,train,total,0.2675878703594208
235700,1386,train,eikonal,0.006161085795611143
235700,1386,train,render,0.27047502994537354
235700,1386,train,total,0.27109113335609436
235800,1387,train,eikonal,0.010844706557691097
235800,1387,train,render,0.20330335199832916
235800,1387,train,total,0.204387828707695
235900,1387,train,eikonal,0.006810429971665144
235900,1387,train,render,0.2371608018875122
235900,1387,train,total,0.23784184455871582
236000,1388,train,eikonal,0.007174655795097351
236000,1388,train,render,0.2428031861782074
236000,1388,train,total,0.24352064728736877
236100,1388,train,eikonal,0.008201011456549168
236100,1388,train,render,0.2293114811182022
236100,1388,train,total,0.2301315814256668
236200,1389,train,eikonal,0.008964370004832745
236200,1389,train,render,0.22184278070926666
236200,1389,train,total,0.22273921966552734
236300,1390,train,eikonal,0.010664159432053566
236300,1390,train,render,0.261981338262558
236300,1390,train,total,0.2630477547645569
236400,1390,train,eikonal,0.007509283721446991
236400,1390,train,render,0.2250693440437317
236400,1390,train,total,0.22582027316093445
236500,1391,train,eikonal,0.009433334693312645
236500,1391,train,render,0.2383774369955063
236500,1391,train,total,0.239320769906044
236600,1391,train,eikonal,0.009071262553334236
236600,1391,train,render,0.22515040636062622
236600,1391,train,total,0.2260575294494629
236700,1392,train,eikonal,0.006135709583759308
236700,1392,train,render,0.2645718455314636
236700,1392,train,total,0.2651854157447815
236800,1392,train,eikonal,0.008485876023769379
236800,1392,train,render,0.27849364280700684
236800,1392,train,total,0.2793422341346741
236900,1393,train,eikonal,0.008450381457805634
236900,1393,train,render,0.21780015528202057
236900,1393,train,total,0.21864520013332367
237000,1394,train,eikonal,0.008534160442650318
237000,1394,train,render,0.21773533523082733
237000,1394,train,total,0.21858875453472137
237100,1394,train,eikonal,0.01106821559369564
237100,1394,train,render,0.19950006902217865
237100,1394,train,total,0.20060689747333527
237200,1395,train,eikonal,0.008005451411008835
237200,1395,train,render,0.2067936211824417
237200,1395,train,total,0.20759417116641998
237300,1395,train,eikonal,0.009770741686224937
237300,1395,train,render,0.2161664366722107
237300,1395,train,total,0.21714350581169128
237400,1396,train,eikonal,0.007586778607219458
237400,1396,train,render,0.3060483932495117
237400,1396,train,total,0.3068070709705353
237500,1397,train,eikonal,0.008478798903524876
237500,1397,train,render,0.28271687030792236
237500,1397,train,total,0.2835647463798523
237600,1397,train,eikonal,0.007299110293388367
237600,1397,train,render,0.25172218680381775
237600,1397,train,total,0.2524521052837372
237700,1398,train,eikonal,0.006305905990302563
237700,1398,train,render,0.22530221939086914
237700,1398,train,total,0.22593280673027039
237800,1398,train,eikonal,0.009219404309988022
237800,1398,train,render,0.2702786326408386
237800,1398,train,total,0.271200567483902
237900,1399,train,eikonal,0.00683249207213521
237900,1399,train,render,0.25175046920776367
237900,1399,train,total,0.252433717250824
238000,1400,train,eikonal,0.00871146097779274
238000,1400,train,render,0.19858141243457794
238000,1400,train,total,0.19945256412029266
238100,1400,train,eikonal,0.0031964415684342384
238100,1400,train,render,0.20679399371147156
238100,1400,train,total,0.20711363852024078
238200,1401,train,eikonal,0.006836368702352047
238200,1401,train,render,0.20915110409259796
238200,1401,train,total,0.2098347395658493
238300,1401,train,eikonal,0.011078596115112305
238300,1401,train,render,0.3094978332519531
238300,1401,train,total,0.3106057047843933
238400,1402,train,eikonal,0.00853567011654377
238400,1402,train,render,0.3371824622154236
238400,1402,train,total,0.33803603053092957
238500,1402,train,eikonal,0.011670449748635292
238500,1402,train,render,0.22080744802951813
238500,1402,train,total,0.22197449207305908
238600,1403,train,eikonal,0.009376464411616325
238600,1403,train,render,0.2211444228887558
238600,1403,train,total,0.22208206355571747
238700,1404,train,eikonal,0.00659553799778223
238700,1404,train,render,0.22263818979263306
238700,1404,train,total,0.22329774498939514
238800,1404,train,eikonal,0.007202353328466415
238800,1404,train,render,0.2935532331466675
238800,1404,train,total,0.2942734658718109
238900,1405,train,eikonal,0.009391075931489468
238900,1405,train,render,0.286260724067688
238900,1405,train,total,0.28719982504844666
239000,1405,train,eikonal,0.010561130940914154
239000,1405,train,render,0.29109227657318115
239000,1405,train,total,0.2921483814716339
239100,1406,train,eikonal,0.00858624093234539
239100,1406,train,render,0.33576273918151855
239100,1406,train,total,0.33662137389183044
239200,1407,train,eikonal,0.011956948786973953
239200,1407,train,render,0.25457972288131714
239200,1407,train,total,0.25577542185783386
239300,1407,train,eikonal,0.006722635123878717
239300,1407,train,render,0.2916680574417114
239300,1407,train,total,0.29234030842781067
239400,1408,train,eikonal,0.006884679198265076
239400,1408,train,render,0.27354317903518677
239400,1408,train,total,0.2742316424846649
239500,1408,train,eikonal,0.010705561377108097
239500,1408,train,render,0.2715070843696594
239500,1408,train,total,0.2725776433944702
239600,1409,train,eikonal,0.008778540417551994
239600,1409,train,render,0.3411344289779663
239600,1409,train,total,0.34201228618621826
239700,1410,train,eikonal,0.007182401604950428
239700,1410,train,render,0.2849053740501404
239700,1410,train,total,0.28562361001968384
239800,1410,train,eikonal,0.0032175835222005844
239800,1410,train,render,0.2421175241470337
239800,1410,train,total,0.24243928492069244
239900,1411,train,eikonal,0.00752180814743042
239900,1411,train,render,0.3262835741043091
239900,1411,train,total,0.3270357549190521
240000,1411,train,eikonal,0.008160164579749107
240000,1411,train,render,0.2991539239883423
240000,1411,train,total,0.29996994137763977
240100,1412,train,eikonal,0.006157919764518738
240100,1412,train,render,0.24126313626766205
240100,1412,train,total,0.2418789267539978
240200,1412,train,eikonal,0.008030448108911514
240200,1412,train,render,0.24212318658828735
240200,1412,train,total,0.242926225066185
240300,1413,train,eikonal,0.004554568789899349
240300,1413,train,render,0.25838541984558105
240300,1413,train,total,0.2588408887386322
240400,1414,train,eikonal,0.006080552004277706
240400,1414,train,render,0.2986467480659485
240400,1414,train,total,0.29925480484962463
240500,1414,train,eikonal,0.009724043309688568
240500,1414,train,render,0.3269329071044922
240500,1414,train,total,0.3279052972793579
240600,1415,train,eikonal,0.007265686057507992
240600,1415,train,render,0.2723619341850281
240600,1415,train,total,0.2730885148048401
240700,1415,train,eikonal,0.007571588270366192
240700,1415,train,render,0.22068719565868378
240700,1415,train,total,0.22144435346126556
240800,1416,train,eikonal,0.006200411356985569
240800,1416,train,render,0.22163215279579163
240800,1416,train,total,0.22225219011306763
240900,1417,train,eikonal,0.008542416617274284
240900,1417,train,render,0.28562110662460327
240900,1417,train,total,0.28647536039352417
241000,1417,train,eikonal,0.008281515911221504
241000,1417,train,render,0.2826921045780182
241000,1417,train,total,0.28352025151252747
241100,1418,train,eikonal,0.009381256066262722
241100,1418,train,render,0.2198958545923233
241100,1418,train,total,0.22083398699760437
241200,1418,train,eikonal,0.007254638709127903
241200,1418,train,render,0.2227562963962555
241200,1418,train,total,0.22348175942897797
241300,1419,train,eikonal,0.006307227537035942
241300,1419,train,render,0.2657100558280945
241300,1419,train,total,0.26634079217910767
241400,1420,train,eikonal,0.00804104469716549
241400,1420,train,render,0.22177788615226746
241400,1420,train,total,0.22258199751377106
241500,1420,train,eikonal,0.0063666789792478085
241500,1420,train,render,0.2153017818927765
241500,1420,train,total,0.21593844890594482
241600,1421,train,eikonal,0.009411148726940155
241600,1421,train,render,0.24040652811527252
241600,1421,train,total,0.24134764075279236
241700,1421,train,eikonal,0.003786253510043025
241700,1421,train,render,0.18877007067203522
241700,1421,train,total,0.1891486942768097
241800,1422,train,eikonal,0.010088719427585602
241800,1422,train,render,0.32657235860824585
241800,1422,train,total,0.3275812268257141
241900,1422,train,eikonal,0.007068246603012085
241900,1422,train,render,0.2532540559768677
241900,1422,train,total,0.25396087765693665
242000,1423,train,eikonal,0.010362183675169945
242000,1423,train,render,0.2237110286951065
242000,1423,train,total,0.22474724054336548
242100,1424,train,eikonal,0.008764706552028656
242100,1424,train,render,0.23748452961444855
242100,1424,train,total,0.23836100101470947
242200,1424,train,eikonal,0.011729782447218895
242200,1424,train,render,0.310600608587265
242200,1424,train,total,0.3117735981941223
242300,1425,train,eikonal,0.007144764065742493
242300,1425,train,render,0.28950557112693787
242300,1425,train,total,0.2902200520038605
242400,1425,train,eikonal,0.008251356892287731
242400,1425,train,render,0.2095293402671814
242400,1425,train,total,0.21035447716712952
242500,1426,train,eikonal,0.008744549937546253
242500,1426,train,render,0.2078721523284912
242500,1426,train,total,0.20874661207199097
242600,1427,train,eikonal,0.006696385331451893
242600,1427,train,render,0.24252185225486755
242600,1427,train,total,0.24319149553775787
242700,1427,train,eikonal,0.014776669442653656
242700,1427,train,render,0.1896638721227646
242700,1427,train,total,0.1911415457725525
242800,1428,train,eikonal,0.005896834656596184
242800,1428,train,render,0.22213715314865112
242800,1428,train,total,0.22272683680057526
242900,1428,train,eikonal,0.010529045015573502
242900,1428,train,render,0.2339576929807663
242900,1428,train,total,0.23501059412956238
243000,1429,train,eikonal,0.007278382778167725
243000,1429,train,render,0.304019570350647
243000,1429,train,total,0.30474740266799927
243100,1430,train,eikonal,0.004697045311331749
243100,1430,train,render,0.20585250854492188
243100,1430,train,total,0.20632220804691315
243200,1430,train,eikonal,0.005830294452607632
243200,1430,train,render,0.2562001347541809
243200,1430,train,total,0.2567831575870514
243300,1431,train,eikonal,0.009553259238600731
243300,1431,train,render,0.251428484916687
243300,1431,train,total,0.2523837983608246
243400,1431,train,eikonal,0.011883415281772614
243400,1431,train,render,0.25431549549102783
243400,1431,train,total,0.2555038332939148
243500,1432,train,eikonal,0.005526761524379253
243500,1432,train,render,0.29913651943206787
243500,1432,train,total,0.2996892035007477
243600,1432,train,eikonal,0.009590961039066315
243600,1432,train,render,0.18754535913467407
243600,1432,train,total,0.18850445747375488
243700,1433,train,eikonal,0.00689207948744297
243700,1433,train,render,0.30429792404174805
243700,1433,train,total,0.3049871325492859
243800,1434,train,eikonal,0.007236049510538578
243800,1434,train,render,0.2287444770336151
243800,1434,train,total,0.22946807742118835
243900,1434,train,eikonal,0.0035705396439880133
243900,1434,train,render,0.2139623761177063
243900,1434,train,total,0.21431942284107208
244000,1435,train,eikonal,0.0076652634888887405
244000,1435,train,render,0.25858059525489807
244000,1435,train,total,0.2593471109867096
244100,1435,train,eikonal,0.005535562057048082
244100,1435,train,render,0.257679283618927
244100,1435,train,total,0.25823283195495605
244200,1436,train,eikonal,0.010110709816217422
244200,1436,train,render,0.2060846984386444
244200,1436,train,total,0.20709577202796936
244300,1437,train,eikonal,0.007909594103693962
244300,1437,train,render,0.29564565420150757
244300,1437,train,total,0.296436607837677
244400,1437,train,eikonal,0.010874791070818901
244400,1437,train,render,0.23641133308410645
244400,1437,train,total,0.23749880492687225
244500,1438,train,eikonal,0.010651280172169209
244500,1438,train,render,0.19689792394638062
244500,1438,train,total,0.19796305894851685
244600,1438,train,eikonal,0.006276349537074566
244600,1438,train,render,0.26367831230163574
244600,1438,train,total,0.2643059492111206
244700,1439,train,eikonal,0.01058269664645195
244700,1439,train,render,0.22026792168617249
244700,1439,train,total,0.22132618725299835
244800,1440,train,eikonal,0.010556753724813461
244800,1440,train,render,0.26762983202934265
244800,1440,train,total,0.268685519695282
244900,1440,train,eikonal,0.006362102925777435
244900,1440,train,render,0.2554662227630615
244900,1440,train,total,0.25610244274139404
245000,1441,train,eikonal,0.006682215258479118
245000,1441,train,render,0.2155822366476059
245000,1441,train,total,0.2162504643201828
245100,1441,train,eikonal,0.007313709706068039
245100,1441,train,render,0.2413768172264099
245100,1441,train,total,0.24210818111896515
245200,1442,train,eikonal,0.006779675837606192
245200,1442,train,render,0.22121575474739075
245200,1442,train,total,0.22189372777938843
245300,1442,train,eikonal,0.011606458574533463
245300,1442,train,render,0.2178986817598343
245300,1442,train,total,0.21905933320522308
245400,1443,train,eikonal,0.006827507168054581
245400,1443,train,render,0.20829199254512787
245400,1443,train,total,0.20897474884986877
245500,1444,train,eikonal,0.008114849217236042
245500,1444,train,render,0.23151394724845886
245500,1444,train,total,0.23232543468475342
245600,1444,train,eikonal,0.006429527886211872
245600,1444,train,render,0.2593080699443817
245600,1444,train,total,0.25995102524757385
245700,1445,train,eikonal,0.007752740755677223
245700,1445,train,render,0.3911627233028412
245700,1445,train,total,0.3919380009174347
245800,1445,train,eikonal,0.00860678032040596
245800,1445,train,render,0.20101498067378998
245800,1445,train,total,0.20187565684318542
245900,1446,train,eikonal,0.010745914652943611
245900,1446,train,render,0.29459404945373535
245900,1446,train,total,0.2956686317920685
246000,1447,train,eikonal,0.00716971792280674
246000,1447,train,render,0.2112428843975067
246000,1447,train,total,0.2119598537683487
246100,1447,train,eikonal,0.007024439983069897
246100,1447,train,render,0.2314332127571106
246100,1447,train,total,0.23213565349578857
246200,1448,train,eikonal,0.005866486579179764
246200,1448,train,render,0.22468256950378418
246200,1448,train,total,0.22526921331882477
246300,1448,train,eikonal,0.01093290839344263
246300,1448,train,render,0.23415599763393402
246300,1448,train,total,0.23524929583072662
246400,1449,train,eikonal,0.005250342655926943
246400,1449,train,render,0.21031346917152405
246400,1449,train,total,0.21083849668502808
246500,1450,train,eikonal,0.009940287098288536
246500,1450,train,render,0.31144583225250244
246500,1450,train,total,0.31243985891342163
246600,1450,train,eikonal,0.0068607209250330925
246600,1450,train,render,0.3135669529438019
246600,1450,train,total,0.314253032207489
246700,1451,train,eikonal,0.00813259370625019
246700,1451,train,render,0.28888487815856934
246700,1451,train,total,0.28969812393188477
246800,1451,train,eikonal,0.00629566702991724
246800,1451,train,render,0.2706068754196167
246800,1451,train,total,0.27123644948005676
246900,1452,train,eikonal,0.006427280604839325
246900,1452,train,render,0.34075140953063965
246900,1452,train,total,0.3413941264152527
247000,1452,train,eikonal,0.010817975737154484
247000,1452,train,render,0.25440841913223267
247000,1452,train,total,0.2554902136325836
247100,1453,train,eikonal,0.009026078507304192
247100,1453,train,render,0.2339618057012558
247100,1453,train,total,0.23486441373825073
247200,1454,train,eikonal,0.006033899262547493
247200,1454,train,render,0.3395838737487793
247200,1454,train,total,0.3401872515678406
247300,1454,train,eikonal,0.007492267992347479
247300,1454,train,render,0.21473689377307892
247300,1454,train,total,0.21548612415790558
247400,1455,train,eikonal,0.007171029224991798
247400,1455,train,render,0.22911898791790009
247400,1455,train,total,0.2298360913991928
247500,1455,train,eikonal,0.008755078539252281
247500,1455,train,render,0.2348213791847229
247500,1455,train,total,0.23569688200950623
247600,1456,train,eikonal,0.006765460595488548
247600,1456,train,render,0.28721994161605835
247600,1456,train,total,0.2878964841365814
247700,1457,train,eikonal,0.0073095508851110935
247700,1457,train,render,0.19716936349868774
247700,1457,train,total,0.19790032505989075
247800,1457,train,eikonal,0.00850420817732811
247800,1457,train,render,0.26130515336990356
247800,1457,train,total,0.26215556263923645
247900,1458,train,eikonal,0.009658508002758026
247900,1458,train,render,0.32071056962013245
247900,1458,train,total,0.32167643308639526
248000,1458,train,eikonal,0.009292814880609512
248000,1458,train,render,0.32233190536499023
248000,1458,train,total,0.32326120138168335
248100,1459,train,eikonal,0.009206080809235573
248100,1459,train,render,0.2344014048576355
248100,1459,train,total,0.2353220134973526
248200,1460,train,eikonal,0.0076144663617014885
248200,1460,train,render,0.21500296890735626
248200,1460,train,total,0.21576441824436188
248300,1460,train,eikonal,0.009025026112794876
248300,1460,train,render,0.2556955814361572
248300,1460,train,total,0.2565980851650238
248400,1461,train,eikonal,0.008094432763755322
248400,1461,train,render,0.22577053308486938
248400,1461,train,total,0.22657997906208038
248500,1461,train,eikonal,0.00531568331643939
248500,1461,train,render,0.29917609691619873
248500,1461,train,total,0.29970765113830566
248600,1462,train,eikonal,0.0062911431305110455
248600,1462,train,render,0.297851026058197
248600,1462,train,total,0.29848015308380127
248700,1462,train,eikonal,0.01152758114039898
248700,1462,train,render,0.1930387169122696
248700,1462,train,total,0.19419147074222565
248800,1463,train,eikonal,0.011140571907162666
248800,1463,train,render,0.3016592562198639
248800,1463,train,total,0.3027733266353607
248900,1464,train,eikonal,0.006778349634259939
248900,1464,train,render,0.2405954897403717
248900,1464,train,total,0.24127332866191864
249000,1464,train,eikonal,0.009464383125305176
249000,1464,train,render,0.2228020280599594
249000,1464,train,total,0.22374846041202545
249100,1465,train,eikonal,0.0053603267297148705
249100,1465,train,render,0.29097574949264526
249100,1465,train,total,0.29151177406311035
249200,1465,train,eikonal,0.0071054138243198395
249200,1465,train,render,0.2898607850074768
249200,1465,train,total,0.29057133197784424
249300,1466,train,eikonal,0.01048128493130207
249300,1466,train,render,0.2258405089378357
249300,1466,train,total,0.22688864171504974
249400,1467,train,eikonal,0.007336094044148922
249400,1467,train,render,0.2709619998931885
249400,1467,train,total,0.271695613861084
249500,1467,train,eikonal,0.007321455515921116
249500,1467,train,render,0.2638050317764282
249500,1467,train,total,0.26453718543052673
249600,1468,train,eikonal,0.007615242153406143
249600,1468,train,render,0.25582370162010193
249600,1468,train,total,0.2565852403640747
249700,1468,train,eikonal,0.008958924561738968
249700,1468,train,render,0.2406744807958603
249700,1468,train,total,0.2415703684091568
249800,1469,train,eikonal,0.010310420766472816
249800,1469,train,render,0.22904254496097565
249800,1469,train,total,0.23007358610630035
249900,1470,train,eikonal,0.008315443992614746
249900,1470,train,render,0.34948790073394775
249900,1470,train,total,0.35031944513320923
250000,1470,train,eikonal,0.007449095603078604
250000,1470,train,render,0.2509465515613556
250000,1470,train,total,0.25169146060943604
250100,1471,train,eikonal,0.007613677531480789
250100,1471,train,render,0.23514913022518158
250100,1471,train,total,0.23591050505638123
250200,1471,train,eikonal,0.00718852411955595
250200,1471,train,render,0.2897549867630005
250200,1471,train,total,0.2904738485813141
250300,1472,train,eikonal,0.01233042124658823
250300,1472,train,render,0.2062397003173828
250300,1472,train,total,0.20747274160385132
250400,1472,train,eikonal,0.010267400182783604
250400,1472,train,render,0.27321240305900574
250400,1472,train,total,0.2742391526699066
250500,1473,train,eikonal,0.010644668713212013
250500,1473,train,render,0.2334420382976532
250500,1473,train,total,0.2345065027475357
250600,1474,train,eikonal,0.005470750853419304
250600,1474,train,render,0.22902518510818481
250600,1474,train,total,0.22957226634025574
250700,1474,train,eikonal,0.005433434154838324
250700,1474,train,render,0.2535102963447571
250700,1474,train,total,0.25405365228652954
250800,1475,train,eikonal,0.0054480223916471004
250800,1475,train,render,0.25636327266693115
250800,1475,train,total,0.2569080889225006
250900,1475,train,eikonal,0.013915047980844975
250900,1475,train,render,0.2026929259300232
250900,1475,train,total,0.20408442616462708
251000,1476,train,eikonal,0.008563149720430374
251000,1476,train,render,0.23414218425750732
251000,1476,train,total,0.23499849438667297
251100,1477,train,eikonal,0.009828604757785797
251100,1477,train,render,0.20241764187812805
251100,1477,train,total,0.20340050756931305
251200,1477,train,eikonal,0.0060411361046135426
251200,1477,train,render,0.26444756984710693
251200,1477,train,total,0.2650516927242279
251300,1478,train,eikonal,0.005821189843118191
251300,1478,train,render,0.22387142479419708
251300,1478,train,total,0.22445353865623474
251400,1478,train,eikonal,0.010608451440930367
251400,1478,train,render,0.19591645896434784
251400,1478,train,total,0.19697730243206024
251500,1479,train,eikonal,0.01214517094194889
251500,1479,train,render,0.21043044328689575
251500,1479,train,total,0.2116449624300003
251600,1480,train,eikonal,0.007428004406392574
251600,1480,train,render,0.3645630478858948
251600,1480,train,total,0.3653058409690857
251700,1480,train,eikonal,0.006251081824302673
251700,1480,train,render,0.28368523716926575
251700,1480,train,total,0.28431034088134766
251800,1481,train,eikonal,0.006457244977355003
251800,1481,train,render,0.2716716527938843
251800,1481,train,total,0.27231737971305847
251900,1481,train,eikonal,0.007519867736846209
251900,1481,train,render,0.22678568959236145
251900,1481,train,total,0.22753767669200897
252000,1482,train,eikonal,0.009550929069519043
252000,1482,train,render,0.2180146425962448
252000,1482,train,total,0.21896973252296448
252100,1482,train,eikonal,0.00709625706076622
252100,1482,train,render,0.267067015171051
252100,1482,train,total,0.26777663826942444
252200,1483,train,eikonal,0.008268650621175766
252200,1483,train,render,0.2181956171989441
252200,1483,train,total,0.2190224826335907
252300,1484,train,eikonal,0.007754662074148655
252300,1484,train,render,0.2907414138317108
252300,1484,train,total,0.29151687026023865
252400,1484,train,eikonal,0.006160321645438671
252400,1484,train,render,0.25358301401138306
252400,1484,train,total,0.2541990578174591
252500,1485,train,eikonal,0.01201925240457058
252500,1485,train,render,0.22980323433876038
252500,1485,train,total,0.23100516200065613
252600,1485,train,eikonal,0.006480485200881958
252600,1485,train,render,0.32452017068862915
252600,1485,train,total,0.3251682221889496
252700,1486,train,eikonal,0.00927797518670559
252700,1486,train,render,0.22307699918746948
252700,1486,train,total,0.22400479018688202
252800,1487,train,eikonal,0.008285446092486382
252800,1487,train,render,0.24389377236366272
252800,1487,train,total,0.24472232162952423
252900,1487,train,eikonal,0.008334629237651825
252900,1487,train,render,0.2839609384536743
252900,1487,train,total,0.2847943902015686
253000,1488,train,eikonal,0.00709057692438364
253000,1488,train,render,0.30473995208740234
253000,1488,train,total,0.3054490089416504
253100,1488,train,eikonal,0.011280852369964123
253100,1488,train,render,0.2809652090072632
253100,1488,train,total,0.2820932865142822
253200,1489,train,eikonal,0.006286280695348978
253200,1489,train,render,0.24476534128189087
253200,1489,train,total,0.24539397656917572
253300,1490,train,eikonal,0.007987137883901596
253300,1490,train,render,0.3132011890411377
253300,1490,train,total,0.31399989128112793
253400,1490,train,eikonal,0.011192802339792252
253400,1490,train,render,0.250377357006073
253400,1490,train,total,0.25149664282798767
253500,1491,train,eikonal,0.007990418002009392
253500,1491,train,render,0.28226542472839355
253500,1491,train,total,0.28306445479393005
253600,1491,train,eikonal,0.007316942792385817
253600,1491,train,render,0.2334883213043213
253600,1491,train,total,0.2342200130224228
253700,1492,train,eikonal,0.008165426552295685
253700,1492,train,render,0.2808525562286377
253700,1492,train,total,0.28166911005973816
253800,1492,train,eikonal,0.009782143868505955
253800,1492,train,render,0.2145967185497284
253800,1492,train,total,0.2155749350786209
253900,1493,train,eikonal,0.0076944404281675816
253900,1493,train,render,0.3420868515968323
253900,1493,train,total,0.3428562879562378
254000,1494,train,eikonal,0.007794294506311417
254000,1494,train,render,0.27119898796081543
254000,1494,train,total,0.2719784080982208
254100,1494,train,eikonal,0.006592602469027042
254100,1494,train,render,0.2346077263355255
254100,1494,train,total,0.23526698350906372
254200,1495,train,eikonal,0.010918141342699528
254200,1495,train,render,0.2029392421245575
254200,1495,train,total,0.2040310502052307
254300,1495,train,eikonal,0.008467992767691612
254300,1495,train,render,0.23524358868598938
254300,1495,train,total,0.23609039187431335
254400,1496,train,eikonal,0.005939722992479801
254400,1496,train,render,0.25822877883911133
254400,1496,train,total,0.2588227391242981
254500,1497,train,eikonal,0.008455079048871994
254500,1497,train,render,0.2390890121459961
254500,1497,train,total,0.2399345189332962
254600,1497,train,eikonal,0.010648010298609734
254600,1497,train,render,0.19421908259391785
254600,1497,train,total,0.1952838897705078
254700,1498,train,eikonal,0.011298835277557373
254700,1498,train,render,0.20856943726539612
254700,1498,train,total,0.20969931781291962
254800,1498,train,eikonal,0.008376404643058777
254800,1498,train,render,0.19699880480766296
254800,1498,train,total,0.19783644378185272
254900,1499,train,eikonal,0.008137403056025505
254900,1499,train,render,0.2114993780851364
254900,1499,train,total,0.21231311559677124
255000,1500,train,eikonal,0.006715890020132065
255000,1500,train,render,0.30506202578544617
255000,1500,train,total,0.3057336211204529
255100,1500,train,eikonal,0.012750907801091671
255100,1500,train,render,0.2113341987133026
255100,1500,train,total,0.21260929107666016
255200,1501,train,eikonal,0.005097680725157261
255200,1501,train,render,0.2749698758125305
255200,1501,train,total,0.27547964453697205
255300,1501,train,eikonal,0.01093169953674078
255300,1501,train,render,0.20170971751213074
255300,1501,train,total,0.2028028815984726
255400,1502,train,eikonal,0.006599368993192911
255400,1502,train,render,0.2885552644729614
255400,1502,train,total,0.28921520709991455
255500,1502,train,eikonal,0.00550403306260705
255500,1502,train,render,0.2844737768173218
255500,1502,train,total,0.28502416610717773
255600,1503,train,eikonal,0.008124155923724174
255600,1503,train,render,0.2779567241668701
255600,1503,train,total,0.2787691354751587
255700,1504,train,eikonal,0.008465705439448357
255700,1504,train,render,0.35708755254745483
255700,1504,train,total,0.3579341173171997
255800,1504,train,eikonal,0.00837643165141344
255800,1504,train,render,0.2860781252384186
255800,1504,train,total,0.28691577911376953
255900,1505,train,eikonal,0.009848523885011673
255900,1505,train,render,0.3301545977592468
255900,1505,train,total,0.3311394453048706
256000,1505,train,eikonal,0.006521288305521011
256000,1505,train,render,0.28230369091033936
256000,1505,train,total,0.2829558253288269
256100,1506,train,eikonal,0.007621875964105129
256100,1506,train,render,0.2522770166397095
256100,1506,train,total,0.2530392110347748
256200,1507,train,eikonal,0.007493653800338507
256200,1507,train,render,0.22811780869960785
256200,1507,train,total,0.22886717319488525
256300,1507,train,eikonal,0.006145906634628773
256300,1507,train,render,0.25700974464416504
256300,1507,train,total,0.2576243281364441
256400,1508,train,eikonal,0.007826280780136585
256400,1508,train,render,0.24184946715831757
256400,1508,train,total,0.24263209104537964
256500,1508,train,eikonal,0.0061241681687533855
256500,1508,train,render,0.282296359539032
256500,1508,train,total,0.28290876746177673
256600,1509,train,eikonal,0.005803499836474657
256600,1509,train,render,0.3133387565612793
256600,1509,train,total,0.3139190971851349
256700,1510,train,eikonal,0.00628253910690546
256700,1510,train,render,0.23090095818042755
256700,1510,train,total,0.23152920603752136
256800,1510,train,eikonal,0.009069536812603474
256800,1510,train,render,0.2913753390312195
256800,1510,train,total,0.2922822833061218
256900,1511,train,eikonal,0.003825217252597213
256900,1511,train,render,0.1945936679840088
256900,1511,train,total,0.19497619569301605
257000,1511,train,eikonal,0.006507200188934803
257000,1511,train,render,0.29093849658966064
257000,1511,train,total,0.29158923029899597
257100,1512,train,eikonal,0.008234374225139618
257100,1512,train,render,0.3342694640159607
257100,1512,train,total,0.3350929021835327
257200,1512,train,eikonal,0.011599864810705185
257200,1512,train,render,0.22582077980041504
257200,1512,train,total,0.2269807606935501
257300,1513,train,eikonal,0.009987680241465569
257300,1513,train,render,0.24032509326934814
257300,1513,train,total,0.24132385849952698
257400,1514,train,eikonal,0.010647689923644066
257400,1514,train,render,0.2089461386203766
257400,1514,train,total,0.21001090109348297
257500,1514,train,eikonal,0.0031534554436802864
257500,1514,train,render,0.19952742755413055
257500,1514,train,total,0.19984276592731476
257600,1515,train,eikonal,0.007139752618968487
257600,1515,train,render,0.2259691059589386
257600,1515,train,total,0.22668308019638062
257700,1515,train,eikonal,0.012015736661851406
257700,1515,train,render,0.2179848551750183
257700,1515,train,total,0.2191864252090454
257800,1516,train,eikonal,0.011813035234808922
257800,1516,train,render,0.19892911612987518
257800,1516,train,total,0.20011042058467865
257900,1517,train,eikonal,0.008361521176993847
257900,1517,train,render,0.24968115985393524
257900,1517,train,total,0.2505173087120056
258000,1517,train,eikonal,0.008933255448937416
258000,1517,train,render,0.34266358613967896
258000,1517,train,total,0.3435569107532501
258100,1518,train,eikonal,0.008065733127295971
258100,1518,train,render,0.24529927968978882
258100,1518,train,total,0.2461058497428894
258200,1518,train,eikonal,0.008886240422725677
258200,1518,train,render,0.2824958562850952
258200,1518,train,total,0.2833844721317291
258300,1519,train,eikonal,0.007588027510792017
258300,1519,train,render,0.218101367354393
258300,1519,train,total,0.21886016428470612
258400,1520,train,eikonal,0.008716341108083725
258400,1520,train,render,0.2072489857673645
258400,1520,train,total,0.20812061429023743
258500,1520,train,eikonal,0.007861936464905739
258500,1520,train,render,0.18745386600494385
258500,1520,train,total,0.18824006617069244
258600,1521,train,eikonal,0.011191326193511486
258600,1521,train,render,0.3402923345565796
258600,1521,train,total,0.3414114713668823
258700,1521,train,eikonal,0.011191342957317829
258700,1521,train,render,0.20060443878173828
258700,1521,train,total,0.20172357559204102
258800,1522,train,eikonal,0.009425248950719833
258800,1522,train,render,0.2591720223426819
258800,1522,train,total,0.26011455059051514
258900,1522,train,eikonal,0.007663415744900703
258900,1522,train,render,0.19155719876289368
258900,1522,train,total,0.19232353568077087
259000,1523,train,eikonal,0.005247462075203657
259000,1523,train,render,0.2721463441848755
259000,1523,train,total,0.272671103477478
259100,1524,train,eikonal,0.007866548374295235
259100,1524,train,render,0.2130597084760666
259100,1524,train,total,0.2138463705778122
259200,1524,train,eikonal,0.010665776208043098
259200,1524,train,render,0.1816370189189911
259200,1524,train,total,0.18270359933376312
259300,1525,train,eikonal,0.01004374772310257
259300,1525,train,render,0.19023321568965912
259300,1525,train,total,0.19123758375644684
259400,1525,train,eikonal,0.0060844565741717815
259400,1525,train,render,0.24010837078094482
259400,1525,train,total,0.240716814994812
259500,1526,train,eikonal,0.00821329839527607
259500,1526,train,render,0.3646847605705261
259500,1526,train,total,0.3655060827732086
259600,1527,train,eikonal,0.00857509858906269
259600,1527,train,render,0.22186124324798584
259600,1527,train,total,0.2227187603712082
259700,1527,train,eikonal,0.0046845851466059685
259700,1527,train,render,0.29831624031066895
259700,1527,train,total,0.29878470301628113
259800,1528,train,eikonal,0.012510407716035843
259800,1528,train,render,0.23601585626602173
259800,1528,train,total,0.2372668981552124
259900,1528,train,eikonal,0.007397457025945187
259900,1528,train,render,0.251254677772522
259900,1528,train,total,0.25199443101882935
260000,1529,train,eikonal,0.007120629772543907
260000,1529,train,render,0.24687659740447998
260000,1529,train,total,0.24758866429328918
260100,1530,train,eikonal,0.007740955799818039
260100,1530,train,render,0.20736852288246155
260100,1530,train,total,0.20814262330532074
260200,1530,train,eikonal,0.007320696953684092
260200,1530,train,render,0.28293147683143616
260200,1530,train,total,0.2836635410785675
260300,1531,train,eikonal,0.009855488315224648
260300,1531,train,render,0.2819322347640991
260300,1531,train,total,0.2829177975654602
260400,1531,train,eikonal,0.00963672436773777
260400,1531,train,render,0.27777618169784546
260400,1531,train,total,0.2787398397922516
260500,1532,train,eikonal,0.0065995194017887115
260500,1532,train,render,0.23704591393470764
260500,1532,train,total,0.23770587146282196
260600,1532,train,eikonal,0.006085603963583708
260600,1532,train,render,0.24003459513187408
260600,1532,train,total,0.24064315855503082
260700,1533,train,eikonal,0.011028970591723919
260700,1533,train,render,0.2013462781906128
260700,1533,train,total,0.20244917273521423
260800,1534,train,eikonal,0.005266290158033371
260800,1534,train,render,0.22105586528778076
260800,1534,train,total,0.22158248722553253
260900,1534,train,eikonal,0.008079541847109795
260900,1534,train,render,0.19727973639965057
260900,1534,train,total,0.1980876922607422
261000,1535,train,eikonal,0.003215331118553877
261000,1535,train,render,0.2119629681110382
261000,1535,train,total,0.21228450536727905
261100,1535,train,eikonal,0.007971115410327911
261100,1535,train,render,0.26339587569236755
261100,1535,train,total,0.26419299840927124
261200,1536,train,eikonal,0.005604475270956755
261200,1536,train,render,0.1864933967590332
261200,1536,train,total,0.187053844332695
261300,1537,train,eikonal,0.010187407955527306
261300,1537,train,render,0.2528265118598938
261300,1537,train,total,0.2538452446460724
261400,1537,train,eikonal,0.003986950498074293
261400,1537,train,render,0.23846380412578583
261400,1537,train,total,0.23886249959468842
261500,1538,train,eikonal,0.008552011102437973
261500,1538,train,render,0.3358720541000366
261500,1538,train,total,0.3367272615432739
261600,1538,train,eikonal,0.009392784908413887
261600,1538,train,render,0.3208012580871582
261600,1538,train,total,0.3217405378818512
261700,1539,train,eikonal,0.005721265450119972
261700,1539,train,render,0.2762826085090637
261700,1539,train,total,0.2768547236919403
261800,1540,train,eikonal,0.00786515511572361
261800,1540,train,render,0.23108544945716858
261800,1540,train,total,0.23187196254730225
261900,1540,train,eikonal,0.006397624965757132
261900,1540,train,render,0.23592478036880493
261900,1540,train,total,0.2365645468235016
262000,1541,train,eikonal,0.011196714825928211
262000,1541,train,render,0.2181990146636963
262000,1541,train,total,0.219318687915802
262100,1541,train,eikonal,0.01118156872689724
262100,1541,train,render,0.2387479841709137
262100,1541,train,total,0.23986613750457764
262200,1542,train,eikonal,0.007376709021627903
262200,1542,train,render,0.25930631160736084
262200,1542,train,total,0.2600439786911011
262300,1542,train,eikonal,0.009501419961452484
262300,1542,train,render,0.27724701166152954
262300,1542,train,total,0.27819713950157166
262400,1543,train,eikonal,0.007836020551621914
262400,1543,train,render,0.30629587173461914
262400,1543,train,total,0.3070794641971588
262500,1544,train,eikonal,0.00846735667437315
262500,1544,train,render,0.24418164789676666
262500,1544,train,total,0.24502837657928467
262600,1544,train,eikonal,0.00531149934977293
262600,1544,train,render,0.2665666937828064
262600,1544,train,total,0.2670978307723999
262700,1545,train,eikonal,0.004607518203556538
262700,1545,train,render,0.19687730073928833
262700,1545,train,total,0.1973380595445633
262800,1545,train,eikonal,0.007489517796784639
262800,1545,train,render,0.33620887994766235
262800,1545,train,total,0.3369578421115875
262900,1546,train,eikonal,0.007023642770946026
262900,1546,train,render,0.24445128440856934
262900,1546,train,total,0.24515365064144135
263000,1547,train,eikonal,0.006692192517220974
263000,1547,train,render,0.21899977326393127
263000,1547,train,total,0.21966899931430817
263100,1547,train,eikonal,0.0057081119157373905
263100,1547,train,render,0.2202916145324707
263100,1547,train,total,0.22086241841316223
263200,1548,train,eikonal,0.009589489549398422
263200,1548,train,render,0.23722480237483978
263200,1548,train,total,0.23818375170230865
263300,1548,train,eikonal,0.0065744128078222275
263300,1548,train,render,0.2994547486305237
263300,1548,train,total,0.30011218786239624
263400,1549,train,eikonal,0.013393959030508995
263400,1549,train,render,0.2932341694831848
263400,1549,train,total,0.294573575258255
263500,1550,train,eikonal,0.00734974630177021
263500,1550,train,render,0.36268484592437744
263500,1550,train,total,0.3634198307991028
263600,1550,train,eikonal,0.008546566590666771
263600,1550,train,render,0.30271902680397034
263600,1550,train,total,0.30357369780540466
263700,1551,train,eikonal,0.009445342235267162
263700,1551,train,render,0.3801581859588623
263700,1551,train,total,0.38110271096229553
263800,1551,train,eikonal,0.010710939764976501
263800,1551,train,render,0.2740880250930786
263800,1551,train,total,0.2751591205596924
263900,1552,train,eikonal,0.0031147499103099108
263900,1552,train,render,0.22172999382019043
263900,1552,train,total,0.22204147279262543
264000,1552,train,eikonal,0.005990493111312389
264000,1552,train,render,0.247515007853508
264000,1552,train,total,0.24811406433582306
264100,1553,train,eikonal,0.008683186024427414
264100,1553,train,render,0.31874358654022217
264100,1553,train,total,0.31961190700531006
264200,1554,train,eikonal,0.008769874460995197
264200,1554,train,render,0.24022172391414642
264200,1554,train,total,0.24109871685504913
264300,1554,train,eikonal,0.01158527284860611
264300,1554,train,render,0.27811282873153687
264300,1554,train,total,0.27927136421203613
264400,1555,train,eikonal,0.0074531929567456245
264400,1555,train,render,0.24673166871070862
264400,1555,train,total,0.2474769949913025
264500,1555,train,eikonal,0.007227155379951
264500,1555,train,render,0.31780678033828735
264500,1555,train,total,0.31852948665618896
264600,1556,train,eikonal,0.007609380409121513
264600,1556,train,render,0.24021989107131958
264600,1556,train,total,0.2409808337688446
264700,1557,train,eikonal,0.006582631729543209
264700,1557,train,render,0.23520398139953613
264700,1557,train,total,0.23586224019527435
264800,1557,train,eikonal,0.003422232810407877
264800,1557,train,render,0.2011266052722931
264800,1557,train,total,0.201468825340271
264900,1558,train,eikonal,0.00821324996650219
264900,1558,train,render,0.3153831362724304
264900,1558,train,total,0.3162044584751129
265000,1558,train,eikonal,0.00927361473441124
265000,1558,train,render,0.2275664359331131
265000,1558,train,total,0.228493794798851
265100,1559,train,eikonal,0.01110265776515007
265100,1559,train,render,0.25912362337112427
265100,1559,train,total,0.26023387908935547
265200,1560,train,eikonal,0.0056814150884747505
265200,1560,train,render,0.2114633023738861
265200,1560,train,total,0.21203143894672394
265300,1560,train,eikonal,0.007497371640056372
265300,1560,train,render,0.23319630324840546
265300,1560,train,total,0.2339460402727127
265400,1561,train,eikonal,0.006643516942858696
265400,1561,train,render,0.20800231397151947
265400,1561,train,total,0.20866666734218597
265500,1561,train,eikonal,0.008151870220899582
265500,1561,train,render,0.2316390573978424
265500,1561,train,total,0.23245424032211304
265600,1562,train,eikonal,0.006873736158013344
265600,1562,train,render,0.24164673686027527
265600,1562,train,total,0.24233411252498627
265700,1562,train,eikonal,0.0066914027556777
265700,1562,train,render,0.20168910920619965
265700,1562,train,total,0.20235824584960938
265800,1563,train,eikonal,0.013604145497083664
265800,1563,train,render,0.2114664763212204
265800,1563,train,total,0.2128268927335739
265900,1564,train,eikonal,0.007075323723256588
265900,1564,train,render,0.2982569932937622
265900,1564,train,total,0.2989645302295685
266000,1564,train,eikonal,0.007477154023945332
266000,1564,train,render,0.2603771388530731
266000,1564,train,total,0.261124849319458
266100,1565,train,eikonal,0.0073738694190979
266100,1565,train,render,0.25878697633743286
266100,1565,train,total,0.2595243752002716
266200,1565,train,eikonal,0.008466321043670177
266200,1565,train,render,0.336902379989624
266200,1565,train,total,0.33774900436401367
266300,1566,train,eikonal,0.010016558691859245
266300,1566,train,render,0.36164987087249756
266300,1566,train,total,0.362651526927948
266400,1567,train,eikonal,0.006287051364779472
266400,1567,train,render,0.2246522307395935
266400,1567,train,total,0.22528094053268433
266500,1567,train,eikonal,0.006390387192368507
266500,1567,train,render,0.23154057562351227
266500,1567,train,total,0.23217961192131042
266600,1568,train,eikonal,0.012688299641013145
266600,1568,train,render,0.2901389002799988
266600,1568,train,total,0.2914077341556549
266700,1568,train,eikonal,0.008880527690052986
266700,1568,train,render,0.21472102403640747
266700,1568,train,total,0.21560907363891602
266800,1569,train,eikonal,0.005716659128665924
266800,1569,train,render,0.2414405196905136
266800,1569,train,total,0.24201218783855438
266900,1570,train,eikonal,0.011081604287028313
266900,1570,train,render,0.21134063601493835
266900,1570,train,total,0.21244879066944122
267000,1570,train,eikonal,0.005949986167252064
267000,1570,train,render,0.27365320920944214
267000,1570,train,total,0.2742482125759125
267100,1571,train,eikonal,0.007649415172636509
267100,1571,train,render,0.2059098184108734
267100,1571,train,total,0.2066747546195984
267200,1571,train,eikonal,0.007766051217913628
267200,1571,train,render,0.2583882212638855
267200,1571,train,total,0.25916483998298645
267300,1572,train,eikonal,0.01047193817794323
267300,1572,train,render,0.2047923356294632
267300,1572,train,total,0.20583952963352203
267400,1572,train,eikonal,0.009697572328150272
267400,1572,train,render,0.21798205375671387
267400,1572,train,total,0.21895180642604828
267500,1573,train,eikonal,0.009929079562425613
267500,1573,train,render,0.22278758883476257
267500,1573,train,total,0.22378049790859222
267600,1574,train,eikonal,0.00871768593788147
267600,1574,train,render,0.21835380792617798
267600,1574,train,total,0.21922557055950165
267700,1574,train,eikonal,0.010772161185741425
267700,1574,train,render,0.2108096033334732
267700,1574,train,total,0.21188682317733765
267800,1575,train,eikonal,0.005387297831475735
267800,1575,train,render,0.24435599148273468
267800,1575,train,total,0.24489472806453705
267900,1575,train,eikonal,0.00876803882420063
267900,1575,train,render,0.21263350546360016
267900,1575,train,total,0.21351030468940735
268000,1576,train,eikonal,0.0069786254316568375
268000,1576,train,render,0.26068049669265747
268000,1576,train,total,0.26137834787368774
268100,1577,train,eikonal,0.012129753828048706
268100,1577,train,render,0.24752989411354065
268100,1577,train,total,0.24874286353588104
268200,1577,train,eikonal,0.009752484038472176
268200,1577,train,render,0.22671255469322205
268200,1577,train,total,0.227687805891037
268300,1578,train,eikonal,0.011675838381052017
268300,1578,train,render,0.2078239917755127
268300,1578,train,total,0.20899157226085663
268400,1578,train,eikonal,0.005508291535079479
268400,1578,train,render,0.24891379475593567
268400,1578,train,total,0.24946463108062744
268500,1579,train,eikonal,0.008351240307092667
268500,1579,train,render,0.2529216408729553
268500,1579,train,total,0.2537567615509033
268600,1580,train,eikonal,0.009501339867711067
268600,1580,train,render,0.19910283386707306
268600,1580,train,total,0.20005296170711517
268700,1580,train,eikonal,0.007926955819129944
268700,1580,train,render,0.30727419257164
268700,1580,train,total,0.30806687474250793
268800,1581,train,eikonal,0.010490313172340393
268800,1581,train,render,0.22265513241291046
268800,1581,train,total,0.22370415925979614
268900,1581,train,eikonal,0.00667992327362299
268900,1581,train,render,0.2331937551498413
268900,1581,train,total,0.2338617444038391
269000,1582,train,eikonal,0.008446814492344856
269000,1582,train,render,0.2497270107269287
269000,1582,train,total,0.25057169795036316
269100,1582,train,eikonal,0.009302226826548576
269100,1582,train,render,0.1958029866218567
269100,1582,train,total,0.19673320651054382
269200,1583,train,eikonal,0.01150546781718731
269200,1583,train,render,0.25473934412002563
269200,1583,train,total,0.255889892578125
269300,1584,train,eikonal,0.010536326095461845
269300,1584,train,render,0.24741894006729126
269300,1584,train,total,0.24847257137298584
269400,1584,train,eikonal,0.008145175874233246
269400,1584,train,render,0.25728639960289
269400,1584,train,total,0.2581009268760681
269500,1585,train,eikonal,0.007400548085570335
269500,1585,train,render,0.22984854876995087
269500,1585,train,total,0.23058860003948212
269600,1585,train,eikonal,0.00719260610640049
269600,1585,train,render,0.2570633292198181
269600,1585,train,total,0.25778257846832275
269700,1586,train,eikonal,0.007339959032833576
269700,1586,train,render,0.24227164685726166
269700,1586,train,total,0.2430056482553482
269800,1587,train,eikonal,0.009637249633669853
269800,1587,train,render,0.21669799089431763
269800,1587,train,total,0.21766170859336853
269900,1587,train,eikonal,0.007831405848264694
269900,1587,train,render,0.3168058395385742
269900,1587,train,total,0.3175889849662781
270000,1588,train,eikonal,0.011693969368934631
270000,1588,train,render,0.2357197105884552
270000,1588,train,total,0.23688910901546478
270100,1588,train,eikonal,0.006041316315531731
270100,1588,train,render,0.2499677538871765
270100,1588,train,total,0.2505718767642975
270200,1589,train,eikonal,0.00839303806424141
270200,1589,train,render,0.24353532493114471
270200,1589,train,total,0.24437463283538818
270300,1590,train,eikonal,0.007838418707251549
270300,1590,train,render,0.28693073987960815
270300,1590,train,total,0.28771457076072693
270400,1590,train,eikonal,0.008009633049368858
270400,1590,train,render,0.2210627943277359
270400,1590,train,total,0.2218637615442276
270500,1591,train,eikonal,0.00891315471380949
270500,1591,train,render,0.2091549038887024
270500,1591,train,total,0.2100462168455124
270600,1591,train,eikonal,0.009244914166629314
270600,1591,train,render,0.23337221145629883
270600,1591,train,total,0.23429670929908752
270700,1592,train,eikonal,0.008049815893173218
270700,1592,train,render,0.27007418870925903
270700,1592,train,total,0.27087917923927307
270800,1592,train,eikonal,0.010210579261183739
270800,1592,train,render,0.31092995405197144
270800,1592,train,total,0.31195101141929626
270900,1593,train,eikonal,0.00650440389290452
270900,1593,train,render,0.254543662071228
270900,1593,train,total,0.2551940977573395
271000,1594,train,eikonal,0.0077414000406861305
271000,1594,train,render,0.21691331267356873
271000,1594,train,total,0.2176874577999115
271100,1594,train,eikonal,0.0078491922467947
271100,1594,train,render,0.25174325704574585
271100,1594,train,total,0.25252819061279297
271200,1595,train,eikonal,0.0052591594867408276
271200,1595,train,render,0.22153785824775696
271200,1595,train,total,0.22206377983093262
271300,1595,train,eikonal,0.00791667029261589
271300,1595,train,render,0.3170950412750244
271300,1595,train,total,0.31788671016693115
271400,1596,train,eikonal,0.0034257741644978523
271400,1596,train,render,0.2273010015487671
271400,1596,train,total,0.22764357924461365
271500,1597,train,eikonal,0.011811022646725178
271500,1597,train,render,0.23605239391326904
271500,1597,train,total,0.2372334897518158
271600,1597,train,eikonal,0.008854318410158157
271600,1597,train,render,0.2315102219581604
271600,1597,train,total,0.23239564895629883
271700,1598,train,eikonal,0.012309808284044266
271700,1598,train,render,0.3577379286289215
271700,1598,train,total,0.35896891355514526
271800,1598,train,eikonal,0.006441123317927122
271800,1598,train,render,0.28039926290512085
271800,1598,train,total,0.2810433804988861
271900,1599,train,eikonal,0.009604529477655888
271900,1599,train,render,0.21831853687763214
271900,1599,train,total,0.2192789912223816
272000,1600,train,eikonal,0.005985777825117111
272000,1600,train,render,0.2893097400665283
272000,1600,train,total,0.2899083197116852
272100,1600,train,eikonal,0.008855071850121021
272100,1600,train,render,0.25192978978157043
272100,1600,train,total,0.252815306186676
272200,1601,train,eikonal,0.008428176864981651
272200,1601,train,render,0.1975509524345398
272200,1601,train,total,0.198393777012825
272300,1601,train,eikonal,0.011744526214897633
272300,1601,train,render,0.22132638096809387
272300,1601,train,total,0.22250083088874817
272400,1602,train,eikonal,0.008069366216659546
272400,1602,train,render,0.23213200271129608
272400,1602,train,total,0.2329389452934265
272500,1602,train,eikonal,0.007136852480471134
272500,1602,train,render,0.2502513527870178
272500,1602,train,total,0.25096502900123596
272600,1603,train,eikonal,0.005850091110914946
272600,1603,train,render,0.21422454714775085
272600,1603,train,total,0.21480955183506012
272700,1604,train,eikonal,0.006751938723027706
272700,1604,train,render,0.20154516398906708
272700,1604,train,total,0.2022203505039215
272800,1604,train,eikonal,0.005847724620252848
272800,1604,train,render,0.2076990008354187
272800,1604,train,total,0.20828376710414886
272900,1605,train,eikonal,0.009957434609532356
272900,1605,train,render,0.1892312467098236
272900,1605,train,total,0.1902269870042801
273000,1605,train,eikonal,0.009138640016317368
273000,1605,train,render,0.2297787219285965
273000,1605,train,total,0.23069258034229279
273100,1606,train,eikonal,0.007773007731884718
273100,1606,train,render,0.22211545705795288
273100,1606,train,total,0.22289276123046875
273200,1607,train,eikonal,0.0090165501460433
273200,1607,train,render,0.1784539520740509
273200,1607,train,total,0.17935560643672943
273300,1607,train,eikonal,0.009044421836733818
273300,1607,train,render,0.3666110634803772
273300,1607,train,total,0.367515504360199
273400,1608,train,eikonal,0.011516363359987736
273400,1608,train,render,0.23109358549118042
273400,1608,train,total,0.23224522173404694
273500,1608,train,eikonal,0.00740644708275795
273500,1608,train,render,0.2455160915851593
273500,1608,train,total,0.2462567389011383
273600,1609,train,eikonal,0.009235026314854622
273600,1609,train,render,0.22126057744026184
273600,1609,train,total,0.22218407690525055
273700,1610,train,eikonal,0.0076468586921691895
273700,1610,train,render,0.21328215301036835
273700,1610,train,total,0.21404683589935303
273800,1610,train,eikonal,0.008894875645637512
273800,1610,train,render,0.2526821494102478
273800,1610,train,total,0.25357162952423096
273900,1611,train,eikonal,0.010938191786408424
273900,1611,train,render,0.30418455600738525
273900,1611,train,total,0.30527836084365845
274000,1611,train,eikonal,0.011111038736999035
274000,1611,train,render,0.2196827083826065
274000,1611,train,total,0.22079381346702576
274100,1612,train,eikonal,0.009782794862985611
274100,1612,train,render,0.243025004863739
274100,1612,train,total,0.2440032809972763
274200,1612,train,eikonal,0.00903888139873743
274200,1612,train,render,0.324562132358551
274200,1612,train,total,0.32546600699424744
274300,1613,train,eikonal,0.006010855548083782
274300,1613,train,render,0.23458541929721832
274300,1613,train,total,0.23518650233745575
274400,1614,train,eikonal,0.006886805407702923
274400,1614,train,render,0.2183660864830017
274400,1614,train,total,0.21905477344989777
274500,1614,train,eikonal,0.006202301941812038
274500,1614,train,render,0.20447614789009094
274500,1614,train,total,0.20509637892246246
274600,1615,train,eikonal,0.006474031135439873
274600,1615,train,render,0.21386870741844177
274600,1615,train,total,0.21451610326766968
274700,1615,train,eikonal,0.006621401757001877
274700,1615,train,render,0.21678368747234344
274700,1615,train,total,0.21744582056999207
274800,1616,train,eikonal,0.0116653423756361
274800,1616,train,render,0.2037145346403122
274800,1616,train,total,0.20488107204437256
274900,1617,train,eikonal,0.007117412053048611
274900,1617,train,render,0.21694660186767578
274900,1617,train,total,0.21765834093093872
275000,1617,train,eikonal,0.008711750619113445
275000,1617,train,render,0.22632792592048645
275000,1617,train,total,0.22719910740852356
275100,1618,train,eikonal,0.0051898956298828125
275100,1618,train,render,0.2475203275680542
275100,1618,train,total,0.24803932011127472
275200,1618,train,eikonal,0.0110508743673563
275200,1618,train,render,0.22003112733364105
275200,1618,train,total,0.221136212348938
275300,1619,train,eikonal,0.0077880993485450745
275300,1619,train,render,0.26404377818107605
275300,1619,train,total,0.2648226022720337
275400,1620,train,eikonal,0.010549810715019703
275400,1620,train,render,0.3388521075248718
275400,1620,train,total,0.33990707993507385
275500,1620,train,eikonal,0.01148906908929348
275500,1620,train,render,0.2537451386451721
275500,1620,train,total,0.25489404797554016
275600,1621,train,eikonal,0.0095774345099926
275600,1621,train,render,0.2622893452644348
275600,1621,train,total,0.2632471024990082
275700,1621,train,eikonal,0.009403340518474579
275700,1621,train,render,0.22881053388118744
275700,1621,train,total,0.2297508716583252
275800,1622,train,eikonal,0.013316906988620758
275800,1622,train,render,0.18301041424274445
275800,1622,train,total,0.18434210121631622
275900,1622,train,eikonal,0.00910488422960043
275900,1622,train,render,0.27270063757896423
275900,1622,train,total,0.2736111283302307
276000,1623,train,eikonal,0.012015226297080517
276000,1623,train,render,0.23269009590148926
276000,1623,train,total,0.23389162123203278
276100,1624,train,eikonal,0.008919788524508476
276100,1624,train,render,0.2188473790884018
276100,1624,train,total,0.21973936259746552
276200,1624,train,eikonal,0.007213549688458443
276200,1624,train,render,0.21346509456634521
276200,1624,train,total,0.21418644487857819
276300,1625,train,eikonal,0.006482742261141539
276300,1625,train,render,0.20014634728431702
276300,1625,train,total,0.20079462230205536
276400,1625,train,eikonal,0.009623085148632526
276400,1625,train,render,0.21054424345493317
276400,1625,train,total,0.21150654554367065
276500,1626,train,eikonal,0.006329662166535854
276500,1626,train,render,0.22259795665740967
276500,1626,train,total,0.22323092818260193
276600,1627,train,eikonal,0.009371567517518997
276600,1627,train,render,0.22253865003585815
276600,1627,train,total,0.22347581386566162
276700,1627,train,eikonal,0.007406449411064386
276700,1627,train,render,0.28014451265335083
276700,1627,train,total,0.28088515996932983
276800,1628,train,eikonal,0.00781555101275444
276800,1628,train,render,0.20814788341522217
276800,1628,train,total,0.20892943441867828
276900,1628,train,eikonal,0.011171839199960232
276900,1628,train,render,0.20217356085777283
276900,1628,train,total,0.20329074561595917
277000,1629,train,eikonal,0.006378756836056709
277000,1629,train,render,0.22866185009479523
277000,1629,train,total,0.22929972410202026
277100,1630,train,eikonal,0.009022625163197517
277100,1630,train,render,0.2690851092338562
277100,1630,train,total,0.2699873745441437
277200,1630,train,eikonal,0.009516149759292603
277200,1630,train,render,0.23818494379520416
277200,1630,train,total,0.23913656175136566
277300,1631,train,eikonal,0.008201049640774727
277300,1631,train,render,0.23883101344108582
277300,1631,train,total,0.23965111374855042
277400,1631,train,eikonal,0.009607977233827114
277400,1631,train,render,0.23503324389457703
277400,1631,train,total,0.23599404096603394
277500,1632,train,eikonal,0.006150544621050358
277500,1632,train,render,0.3280826210975647
277500,1632,train,total,0.32869768142700195
277600,1632,train,eikonal,0.007951701059937477
277600,1632,train,render,0.3388151228427887
277600,1632,train,total,0.3396102786064148
277700,1633,train,eikonal,0.009092887863516808
277700,1633,train,render,0.3455469012260437
277700,1633,train,total,0.3464561998844147
277800,1634,train,eikonal,0.007540377788245678
277800,1634,train,render,0.251121461391449
277800,1634,train,total,0.25187548995018005
277900,1634,train,eikonal,0.00710015743970871
277900,1634,train,render,0.22932712733745575
277900,1634,train,total,0.2300371378660202
278000,1635,train,eikonal,0.012732558883726597
278000,1635,train,render,0.3125355541706085
278000,1635,train,total,0.313808798789978
278100,1635,train,eikonal,0.005370021797716618
278100,1635,train,render,0.2099643051624298
278100,1635,train,total,0.2105013132095337
278200,1636,train,eikonal,0.008506275713443756
278200,1636,train,render,0.2793871760368347
278200,1636,train,total,0.2802377939224243
278300,1637,train,eikonal,0.009539123624563217
278300,1637,train,render,0.22598809003829956
278300,1637,train,total,0.2269420027732849
278400,1637,train,eikonal,0.007932841777801514
278400,1637,train,render,0.21807947754859924
278400,1637,train,total,0.21887275576591492
278500,1638,train,eikonal,0.010994328185915947
278500,1638,train,render,0.248548686504364
278500,1638,train,total,0.24964812397956848
278600,1638,train,eikonal,0.006699569523334503
278600,1638,train,render,0.246401846408844
278600,1638,train,total,0.24707180261611938
278700,1639,train,eikonal,0.01449063140898943
278700,1639,train,render,0.20438197255134583
278700,1639,train,total,0.20583103597164154
278800,1640,train,eikonal,0.008866114541888237
278800,1640,train,render,0.20158807933330536
278800,1640,train,total,0.2024746835231781
278900,1640,train,eikonal,0.008744072169065475
278900,1640,train,render,0.22987590730190277
278900,1640,train,total,0.23075030744075775
279000,1641,train,eikonal,0.00851503200829029
279000,1641,train,render,0.18854033946990967
279000,1641,train,total,0.1893918365240097
279100,1641,train,eikonal,0.008953532204031944
279100,1641,train,render,0.22893473505973816
279100,1641,train,total,0.2298300862312317
279200,1642,train,eikonal,0.006475294940173626
279200,1642,train,render,0.2728956341743469
279200,1642,train,total,0.2735431492328644
279300,1642,train,eikonal,0.007328429259359837
279300,1642,train,render,0.3210892677307129
279300,1642,train,total,0.3218221068382263
279400,1643,train,eikonal,0.006693686358630657
279400,1643,train,render,0.224201500415802
279400,1643,train,total,0.22487087547779083
279500,1644,train,eikonal,0.009362444281578064
279500,1644,train,render,0.21797707676887512
279500,1644,train,total,0.21891331672668457
279600,1644,train,eikonal,0.00945456512272358
279600,1644,train,render,0.30094149708747864
279600,1644,train,total,0.3018869459629059
279700,1645,train,eikonal,0.008724537678062916
279700,1645,train,render,0.1972167193889618
279700,1645,train,total,0.19808916747570038
279800,1645,train,eikonal,0.00784615334123373
279800,1645,train,render,0.24553267657756805
279800,1645,train,total,0.2463172972202301
279900,1646,train,eikonal,0.011180072091519833
279900,1646,train,render,0.1876518577337265
279900,1646,train,total,0.1887698620557785
280000,1647,train,eikonal,0.013821398839354515
280000,1647,train,render,0.23182609677314758
280000,1647,train,total,0.23320823907852173
280100,1647,train,eikonal,0.010196126997470856
280100,1647,train,render,0.28805041313171387
280100,1647,train,total,0.2890700399875641
280200,1648,train,eikonal,0.007904265075922012
280200,1648,train,render,0.23586072027683258
280200,1648,train,total,0.23665115237236023
280300,1648,train,eikonal,0.010585988871753216
280300,1648,train,render,0.19748733937740326
280300,1648,train,total,0.1985459327697754
280400,1649,train,eikonal,0.007609310559928417
280400,1649,train,render,0.24705027043819427
280400,1649,train,total,0.2478111982345581
280500,1650,train,eikonal,0.009949726983904839
280500,1650,train,render,0.29058030247688293
280500,1650,train,total,0.29157528281211853
280600,1650,train,eikonal,0.004739190451800823
280600,1650,train,render,0.25672245025634766
280600,1650,train,total,0.2571963667869568
280700,1651,train,eikonal,0.005836276337504387
280700,1651,train,render,0.27678823471069336
280700,1651,train,total,0.2773718535900116
280800,1651,train,eikonal,0.006685709580779076
280800,1651,train,render,0.21465003490447998
280800,1651,train,total,0.21531860530376434
280900,1652,train,eikonal,0.009452298283576965
280900,1652,train,render,0.2907545566558838
280900,1652,train,total,0.2916997969150543
281000,1652,train,eikonal,0.011545546352863312
281000,1652,train,render,0.2426597774028778
281000,1652,train,total,0.24381433427333832
281100,1653,train,eikonal,0.006072227843105793
281100,1653,train,render,0.21562036871910095
281100,1653,train,total,0.21622759103775024
281200,1654,train,eikonal,0.007935271598398685
281200,1654,train,render,0.3168417513370514
281200,1654,train,total,0.31763526797294617
281300,1654,train,eikonal,0.010014794766902924
281300,1654,train,render,0.3278317451477051
281300,1654,train,total,0.3288332223892212
281400,1655,train,eikonal,0.00861248280853033
281400,1655,train,render,0.23723311722278595
281400,1655,train,total,0.23809435963630676
281500,1655,train,eikonal,0.009663710370659828
281500,1655,train,render,0.34617966413497925
281500,1655,train,total,0.34714603424072266
281600,1656,train,eikonal,0.0070014698430895805
281600,1656,train,render,0.24184513092041016
281600,1656,train,total,0.24254527688026428
281700,1657,train,eikonal,0.00835057720541954
281700,1657,train,render,0.24332848191261292
281700,1657,train,total,0.24416354298591614
281800,1657,train,eikonal,0.009768983349204063
281800,1657,train,render,0.30262520909309387
281800,1657,train,total,0.30360209941864014
281900,1658,train,eikonal,0.00644442904740572
281900,1658,train,render,0.26099008321762085
281900,1658,train,total,0.2616345286369324
282000,1658,train,eikonal,0.008656155318021774
282000,1658,train,render,0.20221254229545593
282000,1658,train,total,0.20307815074920654
282100,1659,train,eikonal,0.007485362235456705
282100,1659,train,render,0.23088884353637695
282100,1659,train,total,0.2316373735666275
282200,1660,train,eikonal,0.00920285377651453
282200,1660,train,render,0.24584567546844482
282200,1660,train,total,0.24676595628261566
282300,1660,train,eikonal,0.007344409357756376
282300,1660,train,render,0.2635437548160553
282300,1660,train,total,0.26427820324897766
282400,1661,train,eikonal,0.008000066503882408
282400,1661,train,render,0.23333421349525452
282400,1661,train,total,0.2341342270374298
282500,1661,train,eikonal,0.009807279333472252
282500,1661,train,render,0.3166097402572632
282500,1661,train,total,0.31759047508239746
282600,1662,train,eikonal,0.013595027849078178
282600,1662,train,render,0.19232717156410217
282600,1662,train,total,0.19368667900562286
282700,1662,train,eikonal,0.010058373212814331
282700,1662,train,render,0.2328895479440689
282700,1662,train,total,0.23389539122581482
282800,1663,train,eikonal,0.007453107740730047
282800,1663,train,render,0.23171912133693695
282800,1663,train,total,0.23246443271636963
282900,1664,train,eikonal,0.008798873052001
282900,1664,train,render,0.2658053934574127
282900,1664,train,total,0.26668527722358704
283000,1664,train,eikonal,0.0065541379153728485
283000,1664,train,render,0.30911973118782043
283000,1664,train,total,0.30977514386177063
283100,1665,train,eikonal,0.01328468881547451
283100,1665,train,render,0.1881590485572815
283100,1665,train,total,0.1894875168800354
283200,1665,train,eikonal,0.009143833070993423
283200,1665,train,render,0.3082854747772217
283200,1665,train,total,0.30919986963272095
283300,1666,train,eikonal,0.009924879297614098
283300,1666,train,render,0.30129045248031616
283300,1666,train,total,0.3022829294204712
283400,1667,train,eikonal,0.00869397446513176
283400,1667,train,render,0.267896831035614
283400,1667,train,total,0.26876622438430786
283500,1667,train,eikonal,0.009600130841135979
283500,1667,train,render,0.29951217770576477
283500,1667,train,total,0.3004721999168396
283600,1668,train,eikonal,0.006748272106051445
283600,1668,train,render,0.26142793893814087
283600,1668,train,total,0.26210275292396545
283700,1668,train,eikonal,0.010246957652270794
283700,1668,train,render,0.20021754503250122
283700,1668,train,total,0.20124223828315735
283800,1669,train,eikonal,0.011287887580692768
283800,1669,train,render,0.233470156788826
283800,1669,train,total,0.23459894955158234
283900,1670,train,eikonal,0.0073917703703045845
283900,1670,train,render,0.32972800731658936
283900,1670,train,total,0.33046719431877136
284000,1670,train,eikonal,0.008686544373631477
284000,1670,train,render,0.21326732635498047
284000,1670,train,total,0.21413597464561462
284100,1671,train,eikonal,0.008733579888939857
284100,1671,train,render,0.313297301530838
284100,1671,train,total,0.3141706585884094
284200,1671,train,eikonal,0.007744535803794861
284200,1671,train,render,0.3037019968032837
284200,1671,train,total,0.30447643995285034
284300,1672,train,eikonal,0.00839865393936634
284300,1672,train,render,0.2937605381011963
284300,1672,train,total,0.29460039734840393
284400,1672,train,eikonal,0.00913632195442915
284400,1672,train,render,0.2675771713256836
284400,1672,train,total,0.2684907913208008
284500,1673,train,eikonal,0.010022381320595741
284500,1673,train,render,0.21965870261192322
284500,1673,train,total,0.22066093981266022
284600,1674,train,eikonal,0.006059919483959675
284600,1674,train,render,0.22542648017406464
284600,1674,train,total,0.22603246569633484
284700,1674,train,eikonal,0.008484641090035439
284700,1674,train,render,0.3283539414405823
284700,1674,train,total,0.32920241355895996
284800,1675,train,eikonal,0.00610957620665431
284800,1675,train,render,0.2536371350288391
284800,1675,train,total,0.25424808263778687
284900,1675,train,eikonal,0.006599136628210545
284900,1675,train,render,0.2125527709722519
284900,1675,train,total,0.21321268379688263
285000,1676,train,eikonal,0.0062123071402311325
285000,1676,train,render,0.30202412605285645
285000,1676,train,total,0.30264535546302795
285100,1677,train,eikonal,0.009164288640022278
285100,1677,train,render,0.2756083607673645
285100,1677,train,total,0.27652478218078613
285200,1677,train,eikonal,0.011263079009950161
285200,1677,train,render,0.2309805154800415
285200,1677,train,total,0.23210681974887848
285300,1678,train,eikonal,0.008428104221820831
285300,1678,train,render,0.22728145122528076
285300,1678,train,total,0.22812426090240479
285400,1678,train,eikonal,0.008720120415091515
285400,1678,train,render,0.23751559853553772
285400,1678,train,total,0.23838761448860168
285500,1679,train,eikonal,0.012546625919640064
285500,1679,train,render,0.2205558568239212
285500,1679,train,total,0.22181051969528198
285600,1680,train,eikonal,0.009371533058583736
285600,1680,train,render,0.2215542197227478
285600,1680,train,total,0.22249136865139008
285700,1680,train,eikonal,0.0042697531171143055
285700,1680,train,render,0.2665770649909973
285700,1680,train,total,0.2670040428638458
285800,1681,train,eikonal,0.008218503557145596
285800,1681,train,render,0.21655498445034027
285800,1681,train,total,0.21737682819366455
285900,1681,train,eikonal,0.01101476140320301
285900,1681,train,render,0.2297390252351761
285900,1681,train,total,0.2308405041694641
286000,1682,train,eikonal,0.009446067735552788
286000,1682,train,render,0.21140658855438232
286000,1682,train,total,0.21235118806362152
286100,1682,train,eikonal,0.0066050267778337
286100,1682,train,render,0.24652571976184845
286100,1682,train,total,0.24718622863292694
286200,1683,train,eikonal,0.007188242860138416
286200,1683,train,render,0.24591757357120514
286200,1683,train,total,0.24663639068603516
286300,1684,train,eikonal,0.007525634951889515
286300,1684,train,render,0.28234678506851196
286300,1684,train,total,0.28309935331344604
286400,1684,train,eikonal,0.007579304277896881
286400,1684,train,render,0.2517125606536865
286400,1684,train,total,0.2524704933166504
286500,1685,train,eikonal,0.010644584894180298
286500,1685,train,render,0.2919579744338989
286500,1685,train,total,0.29302242398262024
286600,1685,train,eikonal,0.003348768223077059
286600,1685,train,render,0.2363729178905487
286600,1685,train,total,0.23670779168605804
286700,1686,train,eikonal,0.011409024707973003
286700,1686,train,render,0.2727370262145996
286700,1686,train,total,0.27387791872024536
286800,1687,train,eikonal,0.012805799022316933
286800,1687,train,render,0.19943185150623322
286800,1687,train,total,0.2007124274969101
286900,1687,train,eikonal,0.00576027762144804
286900,1687,train,render,0.21002846956253052
286900,1687,train,total,0.2106045037508011
287000,1688,train,eikonal,0.008359843865036964
287000,1688,train,render,0.3588919937610626
287000,1688,train,total,0.35972797870635986
287100,1688,train,eikonal,0.00566810742020607
287100,1688,train,render,0.21028703451156616
287100,1688,train,total,0.21085384488105774
287200,1689,train,eikonal,0.0066956523805856705
287200,1689,train,render,0.21957309544086456
287200,1689,train,total,0.2202426642179489
287300,1690,train,eikonal,0.006836999673396349
287300,1690,train,render,0.26064425706863403
287300,1690,train,total,0.26132795214653015
287400,1690,train,eikonal,0.007674273103475571
287400,1690,train,render,0.21202352643013
287400,1690,train,total,0.21279095113277435
287500,1691,train,eikonal,0.00999987218528986
287500,1691,train,render,0.23956730961799622
287500,1691,train,total,0.24056729674339294
287600,1691,train,eikonal,0.008169705048203468
287600,1691,train,render,0.17439591884613037
287600,1691,train,total,0.17521288990974426
287700,1692,train,eikonal,0.007244322448968887
287700,1692,train,render,0.3211493492126465
287700,1692,train,total,0.3218737840652466
287800,1692,train,eikonal,0.008705047890543938
287800,1692,train,render,0.22315965592861176
287800,1692,train,total,0.22403016686439514
287900,1693,train,eikonal,0.008783453144133091
287900,1693,train,render,0.17964574694633484
287900,1693,train,total,0.1805240958929062
288000,1694,train,eikonal,0.006197681184858084
288000,1694,train,render,0.19856694340705872
288000,1694,train,total,0.19918671250343323
288100,1694,train,eikonal,0.0055223796516656876
288100,1694,train,render,0.2522980570793152
288100,1694,train,total,0.2528502941131592
288200,1695,train,eikonal,0.009648537263274193
288200,1695,train,render,0.28681933879852295
288200,1695,train,total,0.2877841889858246
288300,1695,train,eikonal,0.009223243221640587
288300,1695,train,render,0.2546595335006714
288300,1695,train,total,0.2555818557739258
288400,1696,train,eikonal,0.011226166039705276
288400,1696,train,render,0.19283375144004822
288400,1696,train,total,0.1939563751220703
288500,1697,train,eikonal,0.008413726463913918
288500,1697,train,render,0.2758297324180603
288500,1697,train,total,0.2766711115837097
288600,1697,train,eikonal,0.005959559231996536
288600,1697,train,render,0.30810409784317017
288600,1697,train,total,0.3087000548839569
288700,1698,train,eikonal,0.01056245993822813
288700,1698,train,render,0.23007845878601074
288700,1698,train,total,0.23113469779491425
288800,1698,train,eikonal,0.005997194908559322
288800,1698,train,render,0.25565239787101746
288800,1698,train,total,0.25625211000442505
288900,1699,train,eikonal,0.01056281104683876
288900,1699,train,render,0.2121351957321167
288900,1699,train,total,0.21319147944450378
289000,1700,train,eikonal,0.010605838149785995
289000,1700,train,render,0.2281268835067749
289000,1700,train,total,0.229187473654747
289100,1700,train,eikonal,0.003946500364691019
289100,1700,train,render,0.2128652036190033
289100,1700,train,total,0.21325986087322235
289200,1701,train,eikonal,0.008699323982000351
289200,1701,train,render,0.38803571462631226
289200,1701,train,total,0.3889056444168091
289300,1701,train,eikonal,0.0055603706277906895
289300,1701,train,render,0.22024494409561157
289300,1701,train,total,0.22080098092556
289400,1702,train,eikonal,0.0072288839146494865
289400,1702,train,render,0.2286950647830963
289400,1702,train,total,0.22941794991493225
289500,1702,train,eikonal,0.0077895354479551315
289500,1702,train,render,0.21340258419513702
289500,1702,train,total,0.2141815423965454
289600,1703,train,eikonal,0.010223571211099625
289600,1703,train,render,0.21890652179718018
289600,1703,train,total,0.21992887556552887
289700,1704,train,eikonal,0.008553983643651009
289700,1704,train,render,0.20354226231575012
289700,1704,train,total,0.20439766347408295
289800,1704,train,eikonal,0.00792024191468954
289800,1704,train,render,0.3023833632469177
289800,1704,train,total,0.3031753897666931
289900,1705,train,eikonal,0.012078221887350082
289900,1705,train,render,0.23289403319358826
289900,1705,train,total,0.23410186171531677
290000,1705,train,eikonal,0.007378790993243456
290000,1705,train,render,0.26417022943496704
290000,1705,train,total,0.264908105134964
290100,1706,train,eikonal,0.012458636425435543
290100,1706,train,render,0.29371270537376404
290100,1706,train,total,0.29495856165885925
290200,1707,train,eikonal,0.007405652664601803
290200,1707,train,render,0.20584997534751892
290200,1707,train,total,0.20659053325653076
290300,1707,train,eikonal,0.005482112057507038
290300,1707,train,render,0.22467118501663208
290300,1707,train,total,0.22521939873695374
290400,1708,train,eikonal,0.008509380742907524
290400,1708,train,render,0.23807290196418762
290400,1708,train,total,0.2389238327741623
290500,1708,train,eikonal,0.011775440536439419
290500,1708,train,render,0.21344992518424988
290500,1708,train,total,0.2146274745464325
290600,1709,train,eikonal,0.009988874197006226
290600,1709,train,render,0.31037870049476624
290600,1709,train,total,0.3113775849342346
290700,1710,train,eikonal,0.00832749716937542
290700,1710,train,render,0.22957518696784973
290700,1710,train,total,0.2304079383611679
290800,1710,train,eikonal,0.008003266528248787
290800,1710,train,render,0.27083542943000793
290800,1710,train,total,0.2716357707977295
290900,1711,train,eikonal,0.006875013466924429
290900,1711,train,render,0.2247396558523178
290900,1711,train,total,0.22542715072631836
291000,1711,train,eikonal,0.007863507606089115
291000,1711,train,render,0.27873122692108154
291000,1711,train,total,0.27951759099960327
291100,1712,train,eikonal,0.006036790087819099
291100,1712,train,render,0.2718290090560913
291100,1712,train,total,0.27243268489837646
291200,1712,train,eikonal,0.009628204628825188
291200,1712,train,render,0.2483157217502594
291200,1712,train,total,0.24927854537963867
291300,1713,train,eikonal,0.007329866290092468
291300,1713,train,render,0.2889931797981262
291300,1713,train,total,0.2897261679172516
291400,1714,train,eikonal,0.006980556063354015
291400,1714,train,render,0.27559420466423035
291400,1714,train,total,0.27629226446151733
291500,1714,train,eikonal,0.01071234978735447
291500,1714,train,render,0.221530944108963
291500,1714,train,total,0.22260217368602753
291600,1715,train,eikonal,0.010017559863626957
291600,1715,train,render,0.28158318996429443
291600,1715,train,total,0.28258493542671204
291700,1715,train,eikonal,0.005557202734053135
291700,1715,train,render,0.24997740983963013
291700,1715,train,total,0.2505331337451935
291800,1716,train,eikonal,0.006195193622261286
291800,1716,train,render,0.2162778675556183
291800,1716,train,total,0.2168973833322525
291900,1717,train,eikonal,0.008223292417824268
291900,1717,train,render,0.21624043583869934
291900,1717,train,total,0.21706277132034302
292000,1717,train,eikonal,0.008493846282362938
292000,1717,train,render,0.23084548115730286
292000,1717,train,total,0.23169486224651337
292100,1718,train,eikonal,0.006621623411774635
292100,1718,train,render,0.30030357837677
292100,1718,train,total,0.30096572637557983
292200,1718,train,eikonal,0.005800455808639526
292200,1718,train,render,0.19471555948257446
292200,1718,train,total,0.19529560208320618
292300,1719,train,eikonal,0.007669094949960709
292300,1719,train,render,0.2229408323764801
292300,1719,train,total,0.22370773553848267
292400,1720,train,eikonal,0.007522291969507933
292400,1720,train,render,0.29298627376556396
292400,1720,train,total,0.2937385141849518
292500,1720,train,eikonal,0.0051195695996284485
292500,1720,train,render,0.23754018545150757
292500,1720,train,total,0.2380521446466446
292600,1721,train,eikonal,0.008980344980955124
292600,1721,train,render,0.2350754737854004
292600,1721,train,total,0.2359735071659088
292700,1721,train,eikonal,0.008501438423991203
292700,1721,train,render,0.2853281497955322
292700,1721,train,total,0.2861782908439636
292800,1722,train,eikonal,0.010795798152685165
292800,1722,train,render,0.2608165144920349
292800,1722,train,total,0.2618961036205292
292900,1722,train,eikonal,0.007470215670764446
292900,1722,train,render,0.21408332884311676
292900,1722,train,total,0.21483035385608673
293000,1723,train,eikonal,0.010932925157248974
293000,1723,train,render,0.1993163377046585
293000,1723,train,total,0.2004096359014511
293100,1724,train,eikonal,0.005328508093953133
293100,1724,train,render,0.2191714346408844
293100,1724,train,total,0.2197042852640152
293200,1724,train,eikonal,0.008341358043253422
293200,1724,train,render,0.23774409294128418
293200,1724,train,total,0.23857823014259338
293300,1725,train,eikonal,0.008154844865202904
293300,1725,train,render,0.3300248980522156
293300,1725,train,total,0.3308403789997101
293400,1725,train,eikonal,0.011658847332000732
293400,1725,train,render,0.20872923731803894
293400,1725,train,total,0.20989511907100677
293500,1726,train,eikonal,0.008999546989798546
293500,1726,train,render,0.22596882283687592
293500,1726,train,total,0.22686877846717834
293600,1727,train,eikonal,0.006531483493745327
293600,1727,train,render,0.2698584794998169
293600,1727,train,total,0.2705116271972656
293700,1727,train,eikonal,0.007406899239867926
293700,1727,train,render,0.2443045973777771
293700,1727,train,total,0.24504528939723969
293800,1728,train,eikonal,0.009327642619609833
293800,1728,train,render,0.2000637799501419
293800,1728,train,total,0.2009965479373932
293900,1728,train,eikonal,0.006290980614721775
293900,1728,train,render,0.26518577337265015
293900,1728,train,total,0.265814870595932
294000,1729,train,eikonal,0.004154054448008537
294000,1729,train,render,0.250321626663208
294000,1729,train,total,0.2507370412349701
294100,1730,train,eikonal,0.008189316838979721
294100,1730,train,render,0.20778246223926544
294100,1730,train,total,0.20860140025615692
294200,1730,train,eikonal,0.007355890236794949
294200,1730,train,render,0.3914032280445099
294200,1730,train,total,0.392138808965683
294300,1731,train,eikonal,0.008860733360052109
294300,1731,train,render,0.29924094676971436
294300,1731,train,total,0.3001270294189453
294400,1731,train,eikonal,0.008609933778643608
294400,1731,train,render,0.22706933319568634
294400,1731,train,total,0.22793032228946686
294500,1732,train,eikonal,0.010858026333153248
294500,1732,train,render,0.22175553441047668
294500,1732,train,total,0.22284133732318878
294600,1732,train,eikonal,0.007580737583339214
294600,1732,train,render,0.31312859058380127
294600,1732,train,total,0.3138866722583771
294700,1733,train,eikonal,0.012655490078032017
294700,1733,train,render,0.20489837229251862
294700,1733,train,total,0.2061639279127121
294800,1734,train,eikonal,0.011303198523819447
294800,1734,train,render,0.2509278655052185
294800,1734,train,total,0.2520581781864166
294900,1734,train,eikonal,0.008280882611870766
294900,1734,train,render,0.3498859405517578
294900,1734,train,total,0.3507140278816223
295000,1735,train,eikonal,0.00753618311136961
295000,1735,train,render,0.3005228042602539
295000,1735,train,total,0.30127641558647156
295100,1735,train,eikonal,0.01512494869530201
295100,1735,train,render,0.22869041562080383
295100,1735,train,total,0.23020291328430176
295200,1736,train,eikonal,0.010369941592216492
295200,1736,train,render,0.18905314803123474
295200,1736,train,total,0.190090149641037
295300,1737,train,eikonal,0.007394877728074789
295300,1737,train,render,0.2294497936964035
295300,1737,train,total,0.2301892787218094
295400,1737,train,eikonal,0.008176062256097794
295400,1737,train,render,0.2482401430606842
295400,1737,train,total,0.24905775487422943
295500,1738,train,eikonal,0.008656910620629787
295500,1738,train,render,0.28544455766677856
295500,1738,train,total,0.28631025552749634
295600,1738,train,eikonal,0.007657008245587349
295600,1738,train,render,0.32614588737487793
295600,1738,train,total,0.326911598443985
295700,1739,train,eikonal,0.008192736655473709
295700,1739,train,render,0.23489002883434296
295700,1739,train,total,0.2357093095779419
295800,1740,train,eikonal,0.008869120851159096
295800,1740,train,render,0.2519635558128357
295800,1740,train,total,0.2528504729270935
295900,1740,train,eikonal,0.00723604578524828
295900,1740,train,render,0.2514171600341797
295900,1740,train,total,0.25214076042175293
296000,1741,train,eikonal,0.00926185492426157
296000,1741,train,render,0.23941384255886078
296000,1741,train,total,0.24034002423286438
296100,1741,train,eikonal,0.009254129603505135
296100,1741,train,render,0.23786532878875732
296100,1741,train,total,0.23879073560237885
296200,1742,train,eikonal,0.009116193279623985
296200,1742,train,render,0.37225061655044556
296200,1742,train,total,0.37316223978996277
296300,1742,train,eikonal,0.009024616330862045
296300,1742,train,render,0.20618754625320435
296300,1742,train,total,0.20709000527858734
296400,1743,train,eikonal,0.011094898916780949
296400,1743,train,render,0.24674029648303986
296400,1743,train,total,0.24784979224205017
296500,1744,train,eikonal,0.003831959795206785
296500,1744,train,render,0.19898512959480286
296500,1744,train,total,0.19936832785606384
296600,1744,train,eikonal,0.007697828579694033
296600,1744,train,render,0.25912320613861084
296600,1744,train,total,0.259893000125885
296700,1745,train,eikonal,0.011651718989014626
296700,1745,train,render,0.22406986355781555
296700,1745,train,total,0.22523503005504608
296800,1745,train,eikonal,0.008573867380619049
296800,1745,train,render,0.18533281981945038
296800,1745,train,total,0.18619020283222198
296900,1746,train,eikonal,0.011024471372365952
296900,1746,train,render,0.33140164613723755
296900,1746,train,total,0.3325040936470032
297000,1747,train,eikonal,0.009729623794555664
297000,1747,train,render,0.3291228413581848
297000,1747,train,total,0.3300957977771759
297100,1747,train,eikonal,0.006828443147242069
297100,1747,train,render,0.22562241554260254
297100,1747,train,total,0.2263052612543106
297200,1748,train,eikonal,0.007140816189348698
297200,1748,train,render,0.2852845788002014
297200,1748,train,total,0.285998672246933
297300,1748,train,eikonal,0.008292585611343384
297300,1748,train,render,0.23874825239181519
297300,1748,train,total,0.239577516913414
297400,1749,train,eikonal,0.00603201100602746
297400,1749,train,render,0.3093750774860382
297400,1749,train,total,0.30997827649116516
297500,1750,train,eikonal,0.00976174883544445
297500,1750,train,render,0.21582257747650146
297500,1750,train,total,0.21679875254631042
297600,1750,train,eikonal,0.0075012999586761
297600,1750,train,render,0.2040584832429886
297600,1750,train,total,0.20480860769748688
297700,1751,train,eikonal,0.010796763002872467
297700,1751,train,render,0.26999685168266296
297700,1751,train,total,0.2710765302181244
297800,1751,train,eikonal,0.008195959031581879
297800,1751,train,render,0.35521185398101807
297800,1751,train,total,0.3560314476490021
297900,1752,train,eikonal,0.008687419816851616
297900,1752,train,render,0.2541579604148865
297900,1752,train,total,0.2550266981124878
298000,1752,train,eikonal,0.013002628460526466
298000,1752,train,render,0.2351434975862503
298000,1752,train,total,0.23644375801086426
298100,1753,train,eikonal,0.003636422101408243
298100,1753,train,render,0.23803330957889557
298100,1753,train,total,0.23839695751667023
298200,1754,train,eikonal,0.008454068563878536
298200,1754,train,render,0.23980562388896942
298200,1754,train,total,0.24065102636814117
298300,1754,train,eikonal,0.009555933997035027
298300,1754,train,render,0.25317609310150146
298300,1754,train,total,0.2541316747665405
298400,1755,train,eikonal,0.008281078189611435
298400,1755,train,render,0.25333601236343384
298400,1755,train,total,0.2541641294956207
298500,1755,train,eikonal,0.010009801015257835
298500,1755,train,render,0.28826141357421875
298500,1755,train,total,0.2892623841762543
298600,1756,train,eikonal,0.004427003674209118
298600,1756,train,render,0.24278110265731812
298600,1756,train,total,0.24322380125522614
298700,1757,train,eikonal,0.008418316021561623
298700,1757,train,render,0.27275747060775757
298700,1757,train,total,0.2735992968082428
298800,1757,train,eikonal,0.013284855522215366
298800,1757,train,render,0.23826313018798828
298800,1757,train,total,0.23959161341190338
298900,1758,train,eikonal,0.0058687059208750725
298900,1758,train,render,0.22736848890781403
298900,1758,train,total,0.22795535624027252
299000,1758,train,eikonal,0.010834600776433945
299000,1758,train,render,0.2043464481830597
299000,1758,train,total,0.20542991161346436
299100,1759,train,eikonal,0.0099667152389884
299100,1759,train,render,0.2263134866952896
299100,1759,train,total,0.2273101508617401
299200,1760,train,eikonal,0.008772242814302444
299200,1760,train,render,0.2699585556983948
299200,1760,train,total,0.2708357870578766
299300,1760,train,eikonal,0.009134391322731972
299300,1760,train,render,0.262836754322052
299300,1760,train,total,0.26375019550323486
299400,1761,train,eikonal,0.0068448674865067005
299400,1761,train,render,0.22197407484054565
299400,1761,train,total,0.22265855967998505
299500,1761,train,eikonal,0.00698703620582819
299500,1761,train,render,0.22819282114505768
299500,1761,train,total,0.228891521692276
299600,1762,train,eikonal,0.006762019358575344
299600,1762,train,render,0.21631895005702972
299600,1762,train,total,0.21699514985084534
299700,1762,train,eikonal,0.006479193456470966
299700,1762,train,render,0.27906346321105957
299700,1762,train,total,0.27971139550209045
299800,1763,train,eikonal,0.007700275629758835
299800,1763,train,render,0.18951493501663208
299800,1763,train,total,0.19028496742248535
299900,1764,train,eikonal,0.00863398052752018
299900,1764,train,render,0.26889413595199585
299900,1764,train,total,0.26975753903388977
300000,1764,train,eikonal,0.009880941361188889
300000,1764,train,render,0.2080812156200409
300000,1764,train,total,0.20906931161880493
300100,1765,train,eikonal,0.005257927346974611
300100,1765,train,render,0.296916127204895
300100,1765,train,total,0.29744192957878113
300200,1765,train,eikonal,0.007345142774283886
300200,1765,train,render,0.2526760697364807
300200,1765,train,total,0.25341057777404785
300300,1766,train,eikonal,0.008864416740834713
300300,1766,train,render,0.27864331007003784
300300,1766,train,total,0.27952975034713745
300400,1767,train,eikonal,0.007534366566687822
300400,1767,train,render,0.20409567654132843
300400,1767,train,total,0.20484910905361176
300500,1767,train,eikonal,0.010274767875671387
300500,1767,train,render,0.20571833848953247
300500,1767,train,total,0.20674581825733185
300600,1768,train,eikonal,0.007605386897921562
300600,1768,train,render,0.2221357822418213
300600,1768,train,total,0.22289632260799408
300700,1768,train,eikonal,0.008121725171804428
300700,1768,train,render,0.29881930351257324
300700,1768,train,total,0.2996314764022827
300800,1769,train,eikonal,0.005511969327926636
300800,1769,train,render,0.23793134093284607
300800,1769,train,total,0.2384825348854065
300900,1770,train,eikonal,0.008989470079541206
300900,1770,train,render,0.3206474781036377
300900,1770,train,total,0.32154643535614014
301000,1770,train,eikonal,0.008791112340986729
301000,1770,train,render,0.23941567540168762
301000,1770,train,total,0.24029478430747986
301100,1771,train,eikonal,0.006313995458185673
301100,1771,train,render,0.2827865481376648
301100,1771,train,total,0.2834179401397705
301200,1771,train,eikonal,0.004716432187706232
301200,1771,train,render,0.21712571382522583
301200,1771,train,total,0.2175973504781723
301300,1772,train,eikonal,0.007894906215369701
301300,1772,train,render,0.2076743245124817
301300,1772,train,total,0.20846381783485413
301400,1772,train,eikonal,0.008954044431447983
301400,1772,train,render,0.23687665164470673
301400,1772,train,total,0.23777206242084503
301500,1773,train,eikonal,0.007890710607171059
301500,1773,train,render,0.37083911895751953
301500,1773,train,total,0.37162819504737854
301600,1774,train,eikonal,0.005645301658660173
301600,1774,train,render,0.28915688395500183
301600,1774,train,total,0.28972139954566956
301700,1774,train,eikonal,0.008299458771944046
301700,1774,train,render,0.2282314896583557
301700,1774,train,total,0.22906143963336945
301800,1775,train,eikonal,0.0009866566397249699
301800,1775,train,render,0.17162828147411346
301800,1775,train,total,0.17172694206237793
301900,1775,train,eikonal,0.006419038865715265
301900,1775,train,render,0.3000529706478119
301900,1775,train,total,0.30069488286972046
302000,1776,train,eikonal,0.005610108375549316
302000,1776,train,render,0.3421512842178345
302000,1776,train,total,0.34271228313446045
302100,1777,train,eikonal,0.008217236027121544
302100,1777,train,render,0.19192641973495483
302100,1777,train,total,0.19274814426898956
302200,1777,train,eikonal,0.0070848288014531136
302200,1777,train,render,0.20019423961639404
302200,1777,train,total,0.20090271532535553
302300,1778,train,eikonal,0.011203479953110218
302300,1778,train,render,0.2856143116950989
302300,1778,train,total,0.2867346704006195
302400,1778,train,eikonal,0.006436096969991922
302400,1778,train,render,0.25543713569641113
302400,1778,train,total,0.2560807466506958
302500,1779,train,eikonal,0.007928919047117233
302500,1779,train,render,0.22495022416114807
302500,1779,train,total,0.2257431149482727
302600,1780,train,eikonal,0.009426090866327286
302600,1780,train,render,0.22756920754909515
302600,1780,train,total,0.22851181030273438
302700,1780,train,eikonal,0.012246334925293922
302700,1780,train,render,0.22996827960014343
302700,1780,train,total,0.2311929166316986
302800,1781,train,eikonal,0.007294368930160999
302800,1781,train,render,0.22808396816253662
302800,1781,train,total,0.22881340980529785
302900,1781,train,eikonal,0.006186581216752529
302900,1781,train,render,0.3334425389766693
302900,1781,train,total,0.3340612053871155
303000,1782,train,eikonal,0.004861307330429554
303000,1782,train,render,0.22739636898040771
303000,1782,train,total,0.2278825044631958
303100,1782,train,eikonal,0.003974053077399731
303100,1782,train,render,0.1918027549982071
303100,1782,train,total,0.19220015406608582
303200,1783,train,eikonal,0.00794992595911026
303200,1783,train,render,0.231243297457695
303200,1783,train,total,0.23203828930854797
303300,1784,train,eikonal,0.007679714355617762
303300,1784,train,render,0.3622205853462219
303300,1784,train,total,0.36298856139183044
303400,1784,train,eikonal,0.005146825686097145
303400,1784,train,render,0.26225805282592773
303400,1784,train,total,0.26277273893356323
303500,1785,train,eikonal,0.005272489041090012
303500,1785,train,render,0.26853299140930176
303500,1785,train,total,0.26906025409698486
303600,1785,train,eikonal,0.006864514201879501
303600,1785,train,render,0.3081256151199341
303600,1785,train,total,0.30881205201148987
303700,1786,train,eikonal,0.005582592450082302
303700,1786,train,render,0.24043318629264832
303700,1786,train,total,0.24099144339561462
303800,1787,train,eikonal,0.006862199399620295
303800,1787,train,render,0.212096706032753
303800,1787,train,total,0.21278291940689087
303900,1787,train,eikonal,0.005666482262313366
303900,1787,train,render,0.32729101181030273
303900,1787,train,total,0.3278576731681824
304000,1788,train,eikonal,0.010451759211719036
304000,1788,train,render,0.2085443139076233
304000,1788,train,total,0.20958949625492096
304100,1788,train,eikonal,0.005995883606374264
304100,1788,train,render,0.24054595828056335
304100,1788,train,total,0.2411455512046814
304200,1789,train,eikonal,0.0105614447966218
304200,1789,train,render,0.192525252699852
304200,1789,train,total,0.19358140230178833
304300,1790,train,eikonal,0.004486855585128069
304300,1790,train,render,0.21530312299728394
304300,1790,train,total,0.21575181186199188
304400,1790,train,eikonal,0.008039243519306183
304400,1790,train,render,0.2392212152481079
304400,1790,train,total,0.240025132894516
304500,1791,train,eikonal,0.0037422245368361473
304500,1791,train,render,0.19393128156661987
304500,1791,train,total,0.19430550932884216
304600,1791,train,eikonal,0.00582729559391737
304600,1791,train,render,0.30641067028045654
304600,1791,train,total,0.30699339509010315
304700,1792,train,eikonal,0.0061615221202373505
304700,1792,train,render,0.22510819137096405
304700,1792,train,total,0.22572433948516846
304800,1792,train,eikonal,0.005288685671985149
304800,1792,train,render,0.29530397057533264
304800,1792,train,total,0.2958328425884247
304900,1793,train,eikonal,0.006873289123177528
304900,1793,train,render,0.36451876163482666
304900,1793,train,total,0.3652060925960541
305000,1794,train,eikonal,0.00856688991189003
305000,1794,train,render,0.285831093788147
305000,1794,train,total,0.28668779134750366
305100,1794,train,eikonal,0.005897157825529575
305100,1794,train,render,0.27718204259872437
305100,1794,train,total,0.2777717709541321
305200,1795,train,eikonal,0.007253252901136875
305200,1795,train,render,0.2746480703353882
305200,1795,train,total,0.2753733992576599
305300,1795,train,eikonal,0.008352181874215603
305300,1795,train,render,0.20873528718948364
305300,1795,train,total,0.20957051217556
305400,1796,train,eikonal,0.0058998605236411095
305400,1796,train,render,0.24182380735874176
305400,1796,train,total,0.24241378903388977
305500,1797,train,eikonal,0.0044094268232584
305500,1797,train,render,0.24820250272750854
305500,1797,train,total,0.2486434429883957
305600,1797,train,eikonal,0.008083134889602661
305600,1797,train,render,0.24367694556713104
305600,1797,train,total,0.2444852590560913
305700,1798,train,eikonal,0.010424171574413776
305700,1798,train,render,0.257251113653183
305700,1798,train,total,0.2582935392856598
305800,1798,train,eikonal,0.008015092462301254
305800,1798,train,render,0.23871195316314697
305800,1798,train,total,0.23951345682144165
305900,1799,train,eikonal,0.0068284496665000916
305900,1799,train,render,0.23588673770427704
305900,1799,train,total,0.2365695834159851
306000,1800,train,eikonal,0.007496688514947891
306000,1800,train,render,0.2906622886657715
306000,1800,train,total,0.29141196608543396
306100,1800,train,eikonal,0.008942552842199802
306100,1800,train,render,0.2104727178812027
306100,1800,train,total,0.21136696636676788
306200,1801,train,eikonal,0.00776876462623477
306200,1801,train,render,0.22054317593574524
306200,1801,train,total,0.2213200479745865
306300,1801,train,eikonal,0.005881648976355791
306300,1801,train,render,0.23632894456386566
306300,1801,train,total,0.23691710829734802
306400,1802,train,eikonal,0.007675240281969309
306400,1802,train,render,0.31798607110977173
306400,1802,train,total,0.31875360012054443
306500,1802,train,eikonal,0.004329977557063103
306500,1802,train,render,0.2791743874549866
306500,1802,train,total,0.2796073853969574
306600,1803,train,eikonal,0.004302341490983963
306600,1803,train,render,0.26511871814727783
306600,1803,train,total,0.2655489444732666
306700,1804,train,eikonal,0.008016275241971016
306700,1804,train,render,0.3160657584667206
306700,1804,train,total,0.3168673813343048
306800,1804,train,eikonal,0.007108008489012718
306800,1804,train,render,0.3449323773384094
306800,1804,train,total,0.34564319252967834
306900,1805,train,eikonal,0.007846508175134659
306900,1805,train,render,0.21551522612571716
306900,1805,train,total,0.2162998765707016
307000,1805,train,eikonal,0.005799011792987585
307000,1805,train,render,0.28386449813842773
307000,1805,train,total,0.2844443917274475
307100,1806,train,eikonal,0.00521931704133749
307100,1806,train,render,0.23668214678764343
307100,1806,train,total,0.23720407485961914
307200,1807,train,eikonal,0.005461663939058781
307200,1807,train,render,0.280977725982666
307200,1807,train,total,0.2815238833427429
307300,1807,train,eikonal,0.005530135706067085
307300,1807,train,render,0.30136728286743164
307300,1807,train,total,0.3019202947616577
307400,1808,train,eikonal,0.004922183230519295
307400,1808,train,render,0.287082314491272
307400,1808,train,total,0.28757452964782715
307500,1808,train,eikonal,0.006520720664411783
307500,1808,train,render,0.267259418964386
307500,1808,train,total,0.26791149377822876
307600,1809,train,eikonal,0.008616792038083076
307600,1809,train,render,0.36300691962242126
307600,1809,train,total,0.3638685941696167
307700,1810,train,eikonal,0.007725048810243607
307700,1810,train,render,0.2954476475715637
307700,1810,train,total,0.29622015357017517
307800,1810,train,eikonal,0.006555907428264618
307800,1810,train,render,0.24147199094295502
307800,1810,train,total,0.24212758243083954
307900,1811,train,eikonal,0.0048769451677799225
307900,1811,train,render,0.2391003966331482
307900,1811,train,total,0.23958809673786163
308000,1811,train,eikonal,0.007141178473830223
308000,1811,train,render,0.3889008164405823
308000,1811,train,total,0.38961493968963623
308100,1812,train,eikonal,0.008022626861929893
308100,1812,train,render,0.22232294082641602
308100,1812,train,total,0.22312520444393158
308200,1812,train,eikonal,0.00962277315557003
308200,1812,train,render,0.3036457896232605
308200,1812,train,total,0.3046080768108368
308300,1813,train,eikonal,0.006572622340172529
308300,1813,train,render,0.3205394148826599
308300,1813,train,total,0.32119667530059814
308400,1814,train,eikonal,0.007940900512039661
308400,1814,train,render,0.2070089876651764
308400,1814,train,total,0.20780307054519653
308500,1814,train,eikonal,0.0055997855961322784
308500,1814,train,render,0.2827697992324829
308500,1814,train,total,0.2833297848701477
308600,1815,train,eikonal,0.007116379681974649
308600,1815,train,render,0.2401849329471588
308600,1815,train,total,0.2408965677022934
308700,1815,train,eikonal,0.004121757112443447
308700,1815,train,render,0.22050592303276062
308700,1815,train,total,0.22091810405254364
308800,1816,train,eikonal,0.005067296326160431
308800,1816,train,render,0.25555193424224854
308800,1816,train,total,0.2560586631298065
308900,1817,train,eikonal,0.00567664485424757
308900,1817,train,render,0.3090379238128662
308900,1817,train,total,0.30960559844970703
309000,1817,train,eikonal,0.008029628545045853
309000,1817,train,render,0.2777249813079834
309000,1817,train,total,0.2785279452800751
309100,1818,train,eikonal,0.009248282760381699
309100,1818,train,render,0.20431900024414062
309100,1818,train,total,0.20524382591247559
309200,1818,train,eikonal,0.0049874447286129
309200,1818,train,render,0.2856650650501251
309200,1818,train,total,0.2861638069152832
309300,1819,train,eikonal,0.008701501414179802
309300,1819,train,render,0.20811572670936584
309300,1819,train,total,0.20898588001728058
309400,1820,train,eikonal,0.0053734141401946545
309400,1820,train,render,0.27750498056411743
309400,1820,train,total,0.2780423164367676
309500,1820,train,eikonal,0.005712290294468403
309500,1820,train,render,0.21172486245632172
309500,1820,train,total,0.21229609847068787
309600,1821,train,eikonal,0.008445093408226967
309600,1821,train,render,0.2566556930541992
309600,1821,train,total,0.25750020146369934
309700,1821,train,eikonal,0.007262937258929014
309700,1821,train,render,0.2624846398830414
309700,1821,train,total,0.2632109224796295
309800,1822,train,eikonal,0.008927090093493462
309800,1822,train,render,0.19264385104179382
309800,1822,train,total,0.19353656470775604
309900,1822,train,eikonal,0.005677402019500732
309900,1822,train,render,0.2744455337524414
309900,1822,train,total,0.275013267993927
310000,1823,train,eikonal,0.006173453293740749
310000,1823,train,render,0.3102075755596161
310000,1823,train,total,0.3108249306678772
310100,1824,train,eikonal,0.0055388594046235085
310100,1824,train,render,0.2509106993675232
310100,1824,train,total,0.2514645755290985
310200,1824,train,eikonal,0.005749487318098545
310200,1824,train,render,0.30134913325309753
310200,1824,train,total,0.30192407965660095
310300,1825,train,eikonal,0.00852363184094429
310300,1825,train,render,0.2101868838071823
310300,1825,train,total,0.2110392451286316
310400,1825,train,eikonal,0.00641353614628315
310400,1825,train,render,0.24416935443878174
310400,1825,train,total,0.24481071531772614
310500,1826,train,eikonal,0.007094895467162132
310500,1826,train,render,0.4025966227054596
310500,1826,train,total,0.40330612659454346
310600,1827,train,eikonal,0.0046455953270196915
310600,1827,train,render,0.29258185625076294
310600,1827,train,total,0.29304641485214233
310700,1827,train,eikonal,0.005988063756376505
310700,1827,train,render,0.24863117933273315
310700,1827,train,total,0.24922998249530792
310800,1828,train,eikonal,0.0060705519281327724
310800,1828,train,render,0.19579380750656128
310800,1828,train,total,0.19640086591243744
310900,1828,train,eikonal,0.00828262697905302
310900,1828,train,render,0.4047192335128784
310900,1828,train,total,0.40554749965667725
311000,1829,train,eikonal,0.007598166819661856
311000,1829,train,render,0.2667037844657898
311000,1829,train,total,0.2674635946750641
311100,1830,train,eikonal,0.006432835943996906
311100,1830,train,render,0.19743379950523376
311100,1830,train,total,0.19807708263397217
311200,1830,train,eikonal,0.009844434447586536
311200,1830,train,render,0.19868400692939758
311200,1830,train,total,0.19966845214366913
311300,1831,train,eikonal,0.004928975366055965
311300,1831,train,render,0.29245525598526
311300,1831,train,total,0.2929481565952301
311400,1831,train,eikonal,0.005397663451731205
311400,1831,train,render,0.309597373008728
311400,1831,train,total,0.31013715267181396
311500,1832,train,eikonal,0.0029882052913308144
311500,1832,train,render,0.1854686141014099
311500,1832,train,total,0.18576744198799133
311600,1832,train,eikonal,0.005904211662709713
311600,1832,train,render,0.3143749237060547
311600,1832,train,total,0.3149653375148773
311700,1833,train,eikonal,0.004467700608074665
311700,1833,train,render,0.29344260692596436
311700,1833,train,total,0.2938893735408783
311800,1834,train,eikonal,0.007674684282392263
311800,1834,train,render,0.2383551299571991
311800,1834,train,total,0.23912259936332703
311900,1834,train,eikonal,0.006286056246608496
311900,1834,train,render,0.3111720085144043
311900,1834,train,total,0.31180062890052795
312000,1835,train,eikonal,0.006477952003479004
312000,1835,train,render,0.22971677780151367
312000,1835,train,total,0.2303645759820938
312100,1835,train,eikonal,0.005667152348905802
312100,1835,train,render,0.24237209558486938
312100,1835,train,total,0.2429388165473938
312200,1836,train,eikonal,0.005168218165636063
312200,1836,train,render,0.23234471678733826
312200,1836,train,total,0.23286153376102448
312300,1837,train,eikonal,0.009624531492590904
312300,1837,train,render,0.2593846917152405
312300,1837,train,total,0.2603471577167511
312400,1837,train,eikonal,0.004825911484658718
312400,1837,train,render,0.21451927721500397
312400,1837,train,total,0.21500186622142792
312500,1838,train,eikonal,0.010279528796672821
312500,1838,train,render,0.1975700408220291
312500,1838,train,total,0.1985979974269867
312600,1838,train,eikonal,0.009452628903090954
312600,1838,train,render,0.2183871865272522
312600,1838,train,total,0.21933245658874512
312700,1839,train,eikonal,0.009524977765977383
312700,1839,train,render,0.21513545513153076
312700,1839,train,total,0.2160879522562027
312800,1840,train,eikonal,0.005202330648899078
312800,1840,train,render,0.3455008566379547
312800,1840,train,total,0.3460210859775543
312900,1840,train,eikonal,0.006831222213804722
312900,1840,train,render,0.2427854835987091
312900,1840,train,total,0.24346861243247986
313000,1841,train,eikonal,0.005543725565075874
313000,1841,train,render,0.24821452796459198
313000,1841,train,total,0.2487688958644867
313100,1841,train,eikonal,0.005120127461850643
313100,1841,train,render,0.27546215057373047
313100,1841,train,total,0.2759741544723511
313200,1842,train,eikonal,0.006601328961551189
313200,1842,train,render,0.20509424805641174
313200,1842,train,total,0.2057543843984604
313300,1842,train,eikonal,0.007532271556556225
313300,1842,train,render,0.22124281525611877
313300,1842,train,total,0.22199603915214539
313400,1843,train,eikonal,0.005915532819926739
313400,1843,train,render,0.3009786009788513
313400,1843,train,total,0.3015701472759247
313500,1844,train,eikonal,0.006576266139745712
313500,1844,train,render,0.2397962361574173
313500,1844,train,total,0.24045386910438538
313600,1844,train,eikonal,0.0058655887842178345
313600,1844,train,render,0.21652324497699738
313600,1844,train,total,0.2171097993850708
313700,1845,train,eikonal,0.005295873619616032
313700,1845,train,render,0.21765732765197754
313700,1845,train,total,0.21818691492080688
313800,1845,train,eikonal,0.004851833917200565
313800,1845,train,render,0.2664710283279419
313800,1845,train,total,0.2669562101364136
313900,1846,train,eikonal,0.00828267727047205
313900,1846,train,render,0.33614861965179443
313900,1846,train,total,0.33697688579559326
314000,1847,train,eikonal,0.006212112493813038
314000,1847,train,render,0.3773355782032013
314000,1847,train,total,0.3779567778110504
314100,1847,train,eikonal,0.0046170298010110855
314100,1847,train,render,0.26773497462272644
314100,1847,train,total,0.2681966722011566
314200,1848,train,eikonal,0.00802854634821415
314200,1848,train,render,0.20376256108283997
314200,1848,train,total,0.20456542074680328
314300,1848,train,eikonal,0.0041856467723846436
314300,1848,train,render,0.2493031620979309
314300,1848,train,total,0.2497217208147049
314400,1849,train,eikonal,0.007759822532534599
314400,1849,train,render,0.24519449472427368
314400,1849,train,total,0.2459704726934433
314500,1850,train,eikonal,0.002734110690653324
314500,1850,train,render,0.23655712604522705
314500,1850,train,total,0.23683053255081177
314600,1850,train,eikonal,0.008146082982420921
314600,1850,train,render,0.2955853343009949
314600,1850,train,total,0.29639995098114014
314700,1851,train,eikonal,0.007334301248192787
314700,1851,train,render,0.26069915294647217
314700,1851,train,total,0.26143258810043335
314800,1851,train,eikonal,0.005713502876460552
314800,1851,train,render,0.23211658000946045
314800,1851,train,total,0.23268793523311615
314900,1852,train,eikonal,0.008157823234796524
314900,1852,train,render,0.19958138465881348
314900,1852,train,total,0.20039716362953186
315000,1852,train,eikonal,0.006039765663444996
315000,1852,train,render,0.21900205314159393
315000,1852,train,total,0.21960602700710297
315100,1853,train,eikonal,0.00574009632691741
315100,1853,train,render,0.21707198023796082
315100,1853,train,total,0.21764598786830902
315200,1854,train,eikonal,0.007582220248878002
315200,1854,train,render,0.25038108229637146
315200,1854,train,total,0.2511393129825592
315300,1854,train,eikonal,0.005204491317272186
315300,1854,train,render,0.22067394852638245
315300,1854,train,total,0.22119440138339996
315400,1855,train,eikonal,0.008805295452475548
315400,1855,train,render,0.2415389120578766
315400,1855,train,total,0.24241943657398224
315500,1855,train,eikonal,0.004705345258116722
315500,1855,train,render,0.2290433943271637
315500,1855,train,total,0.22951392829418182
315600,1856,train,eikonal,0.0054717352613806725
315600,1856,train,render,0.21329842507839203
315600,1856,train,total,0.21384559571743011
315700,1857,train,eikonal,0.006585937924683094
315700,1857,train,render,0.25638091564178467
315700,1857,train,total,0.25703951716423035
315800,1857,train,eikonal,0.006792359985411167
315800,1857,train,render,0.3327304720878601
315800,1857,train,total,0.33340969681739807
315900,1858,train,eikonal,0.008833243511617184
315900,1858,train,render,0.21327786147594452
315900,1858,train,total,0.21416118741035461
316000,1858,train,eikonal,0.006509513594210148
316000,1858,train,render,0.25639063119888306
316000,1858,train,total,0.2570415735244751
316100,1859,train,eikonal,0.004574802704155445
316100,1859,train,render,0.24536584317684174
316100,1859,train,total,0.24582332372665405
316200,1860,train,eikonal,0.005537909921258688
316200,1860,train,render,0.21427269279956818
316200,1860,train,total,0.21482647955417633
316300,1860,train,eikonal,0.005481149535626173
316300,1860,train,render,0.2707570195198059
316300,1860,train,total,0.2713051438331604
316400,1861,train,eikonal,0.005088173784315586
316400,1861,train,render,0.2783372402191162
316400,1861,train,total,0.27884605526924133
316500,1861,train,eikonal,0.009247634559869766
316500,1861,train,render,0.2080863118171692
316500,1861,train,total,0.20901107788085938
316600,1862,train,eikonal,0.003176639089360833
316600,1862,train,render,0.18120983242988586
316600,1862,train,total,0.1815274953842163
316700,1862,train,eikonal,0.0032339361496269703
316700,1862,train,render,0.20142745971679688
316700,1862,train,total,0.20175085961818695
316800,1863,train,eikonal,0.007051692809909582
316800,1863,train,render,0.2732160687446594
316800,1863,train,total,0.27392125129699707
316900,1864,train,eikonal,0.008852604776620865
316900,1864,train,render,0.2735442519187927
316900,1864,train,total,0.2744295001029968
317000,1864,train,eikonal,0.004950296133756638
317000,1864,train,render,0.2588955760002136
317000,1864,train,total,0.25939059257507324
317100,1865,train,eikonal,0.00560444500297308
317100,1865,train,render,0.3344433903694153
317100,1865,train,total,0.3350038230419159
317200,1865,train,eikonal,0.006651878356933594
317200,1865,train,render,0.34013521671295166
317200,1865,train,total,0.340800404548645
317300,1866,train,eikonal,0.002681175246834755
317300,1866,train,render,0.19533362984657288
317300,1866,train,total,0.19560174643993378
317400,1867,train,eikonal,0.009541342966258526
317400,1867,train,render,0.28895264863967896
317400,1867,train,total,0.289906769990921
317500,1867,train,eikonal,0.007077173329889774
317500,1867,train,render,0.24998487532138824
317500,1867,train,total,0.25069260597229004
317600,1868,train,eikonal,0.00531357666477561
317600,1868,train,render,0.29630932211875916
317600,1868,train,total,0.2968406677246094
317700,1868,train,eikonal,0.004482070449739695
317700,1868,train,render,0.2630469799041748
317700,1868,train,total,0.26349517703056335
317800,1869,train,eikonal,0.0071791792288422585
317800,1869,train,render,0.30136072635650635
317800,1869,train,total,0.30207863450050354
317900,1870,train,eikonal,0.005500525236129761
317900,1870,train,render,0.2428738921880722
317900,1870,train,total,0.2434239387512207
318000,1870,train,eikonal,0.004716447554528713
318000,1870,train,render,0.21676044166088104
318000,1870,train,total,0.2172320932149887
318100,1871,train,eikonal,0.006940099876374006
318100,1871,train,render,0.2175913155078888
318100,1871,train,total,0.21828532218933105
318200,1871,train,eikonal,0.006265069358050823
318200,1871,train,render,0.2334565669298172
318200,1871,train,total,0.23408307135105133
318300,1872,train,eikonal,0.0064058625139296055
318300,1872,train,render,0.21908506751060486
318300,1872,train,total,0.21972565352916718
318400,1872,train,eikonal,0.00613001361489296
318400,1872,train,render,0.19591422379016876
318400,1872,train,total,0.19652722775936127
318500,1873,train,eikonal,0.004120031371712685
318500,1873,train,render,0.25034135580062866
318500,1873,train,total,0.25075337290763855
318600,1874,train,eikonal,0.0066276174038648605
318600,1874,train,render,0.25957709550857544
318600,1874,train,total,0.2602398693561554
318700,1874,train,eikonal,0.007892929017543793
318700,1874,train,render,0.22393012046813965
318700,1874,train,total,0.22471942007541656
318800,1875,train,eikonal,0.004123445134609938
318800,1875,train,render,0.20542240142822266
318800,1875,train,total,0.2058347463607788
318900,1875,train,eikonal,0.007299321703612804
318900,1875,train,render,0.19381505250930786
318900,1875,train,total,0.1945449858903885
319000,1876,train,eikonal,0.008881844580173492
319000,1876,train,render,0.20197317004203796
319000,1876,train,total,0.20286135375499725
319100,1877,train,eikonal,0.004252195358276367
319100,1877,train,render,0.25342482328414917
319100,1877,train,total,0.2538500428199768
319200,1877,train,eikonal,0.007057004142552614
319200,1877,train,render,0.21029803156852722
319200,1877,train,total,0.21100373566150665
319300,1878,train,eikonal,0.00503467908129096
319300,1878,train,render,0.23270109295845032
319300,1878,train,total,0.23320455849170685
319400,1878,train,eikonal,0.006277771666646004
319400,1878,train,render,0.25887346267700195
319400,1878,train,total,0.25950124859809875
319500,1879,train,eikonal,0.005246526096016169
319500,1879,train,render,0.30307841300964355
319500,1879,train,total,0.30360305309295654
319600,1880,train,eikonal,0.006725306622684002
319600,1880,train,render,0.2100048065185547
319600,1880,train,total,0.2106773406267166
319700,1880,train,eikonal,0.007781810127198696
319700,1880,train,render,0.24011971056461334
319700,1880,train,total,0.24089789390563965
319800,1881,train,eikonal,0.004613435827195644
319800,1881,train,render,0.19184958934783936
319800,1881,train,total,0.19231092929840088
319900,1881,train,eikonal,0.007818580605089664
319900,1881,train,render,0.26957404613494873
319900,1881,train,total,0.2703559100627899
320000,1882,train,eikonal,0.008641892112791538
320000,1882,train,render,0.2049611359834671
320000,1882,train,total,0.2058253288269043
320100,1882,train,eikonal,0.004208039492368698
320100,1882,train,render,0.2962014675140381
320100,1882,train,total,0.29662227630615234
320200,1883,train,eikonal,0.0050749387592077255
320200,1883,train,render,0.24080640077590942
320200,1883,train,total,0.2413138896226883
320300,1884,train,eikonal,0.006835314445197582
320300,1884,train,render,0.24051882326602936
320300,1884,train,total,0.24120235443115234
320400,1884,train,eikonal,0.005414016544818878
320400,1884,train,render,0.31314724683761597
320400,1884,train,total,0.31368863582611084
320500,1885,train,eikonal,0.00730954110622406
320500,1885,train,render,0.2223881632089615
320500,1885,train,total,0.2231191098690033
320600,1885,train,eikonal,0.007141127251088619
320600,1885,train,render,0.22762739658355713
320600,1885,train,total,0.2283415049314499
320700,1886,train,eikonal,0.0052160280756652355
320700,1886,train,render,0.24789270758628845
320700,1886,train,total,0.2484143078327179
320800,1887,train,eikonal,0.007857143878936768
320800,1887,train,render,0.20309396088123322
320800,1887,train,total,0.20387966930866241
320900,1887,train,eikonal,0.007393685635179281
320900,1887,train,render,0.25471681356430054
320900,1887,train,total,0.25545617938041687
321000,1888,train,eikonal,0.008236458525061607
321000,1888,train,render,0.21703192591667175
321000,1888,train,total,0.2178555727005005
321100,1888,train,eikonal,0.0007377609144896269
321100,1888,train,render,0.17837855219841003
321100,1888,train,total,0.17845232784748077
321200,1889,train,eikonal,0.00961812399327755
321200,1889,train,render,0.2040044069290161
321200,1889,train,total,0.2049662172794342
321300,1890,train,eikonal,0.004147875122725964
321300,1890,train,render,0.207260400056839
321300,1890,train,total,0.20767518877983093
321400,1890,train,eikonal,0.008080201223492622
321400,1890,train,render,0.2512142062187195
321400,1890,train,total,0.25202223658561707
321500,1891,train,eikonal,0.003987399861216545
321500,1891,train,render,0.21218754351139069
321500,1891,train,total,0.21258628368377686
321600,1891,train,eikonal,0.006777512840926647
321600,1891,train,render,0.24726323783397675
321600,1891,train,total,0.24794098734855652
321700,1892,train,eikonal,0.0062891580164432526
321700,1892,train,render,0.35226160287857056
321700,1892,train,total,0.3528905212879181
321800,1892,train,eikonal,0.0025128135457634926
321800,1892,train,render,0.1883777529001236
321800,1892,train,total,0.18862903118133545
321900,1893,train,eikonal,0.005305611528456211
321900,1893,train,render,0.3031453788280487
321900,1893,train,total,0.30367594957351685
322000,1894,train,eikonal,0.00443691574037075
322000,1894,train,render,0.24918952584266663
322000,1894,train,total,0.24963322281837463
322100,1894,train,eikonal,0.007001121062785387
322100,1894,train,render,0.2802543640136719
322100,1894,train,total,0.2809544801712036
322200,1895,train,eikonal,0.010391914285719395
322200,1895,train,render,0.31061404943466187
322200,1895,train,total,0.3116532266139984
322300,1895,train,eikonal,0.004749087616801262
322300,1895,train,render,0.2602548599243164
322300,1895,train,total,0.26072975993156433
322400,1896,train,eikonal,0.007116818800568581
322400,1896,train,render,0.1941394954919815
322400,1896,train,total,0.19485117495059967
322500,1897,train,eikonal,0.005682489834725857
322500,1897,train,render,0.32059937715530396
322500,1897,train,total,0.32116761803627014
322600,1897,train,eikonal,0.006509952247142792
322600,1897,train,render,0.2755831480026245
322600,1897,train,total,0.27623414993286133
322700,1898,train,eikonal,0.004890801385045052
322700,1898,train,render,0.2541043162345886
322700,1898,train,total,0.2545934021472931
322800,1898,train,eikonal,0.004751050844788551
322800,1898,train,render,0.27359437942504883
322800,1898,train,total,0.27406948804855347
322900,1899,train,eikonal,0.0056287981569767
322900,1899,train,render,0.19453328847885132
322900,1899,train,total,0.19509616494178772
323000,1900,train,eikonal,0.005471069365739822
323000,1900,train,render,0.2859334349632263
323000,1900,train,total,0.28648054599761963
323100,1900,train,eikonal,0.006788396276533604
323100,1900,train,render,0.2173018753528595
323100,1900,train,total,0.21798071265220642
323200,1901,train,eikonal,0.007971839047968388
323200,1901,train,render,0.24885159730911255
323200,1901,train,total,0.249648779630661
323300,1901,train,eikonal,0.004099581390619278
323300,1901,train,render,0.2604711651802063
323300,1901,train,total,0.26088112592697144
323400,1902,train,eikonal,0.004891229793429375
323400,1902,train,render,0.25505173206329346
323400,1902,train,total,0.2555408477783203
323500,1902,train,eikonal,0.008537006564438343
323500,1902,train,render,0.29728931188583374
323500,1902,train,total,0.2981429994106293
323600,1903,train,eikonal,0.004055884666740894
323600,1903,train,render,0.2321058064699173
323600,1903,train,total,0.23251140117645264
323700,1904,train,eikonal,0.006700796075165272
323700,1904,train,render,0.2539832592010498
323700,1904,train,total,0.25465333461761475
323800,1904,train,eikonal,0.00791245512664318
323800,1904,train,render,0.20425429940223694
323800,1904,train,total,0.20504555106163025
323900,1905,train,eikonal,0.0047941915690898895
323900,1905,train,render,0.2616041302680969
323900,1905,train,total,0.2620835602283478
324000,1905,train,eikonal,0.004256519488990307
324000,1905,train,render,0.2463459074497223
324000,1905,train,total,0.24677155911922455
324100,1906,train,eikonal,0.011619098484516144
324100,1906,train,render,0.1853291094303131
324100,1906,train,total,0.1864910125732422
324200,1907,train,eikonal,0.005393944215029478
324200,1907,train,render,0.299224317073822
324200,1907,train,total,0.2997637093067169
324300,1907,train,eikonal,0.005459285341203213
324300,1907,train,render,0.32404983043670654
324300,1907,train,total,0.32459574937820435
324400,1908,train,eikonal,0.00787641666829586
324400,1908,train,render,0.2503589391708374
324400,1908,train,total,0.2511465847492218
324500,1908,train,eikonal,0.007395307533442974
324500,1908,train,render,0.1940142810344696
324500,1908,train,total,0.19475381076335907
324600,1909,train,eikonal,0.004813513718545437
324600,1909,train,render,0.20423263311386108
324600,1909,train,total,0.20471398532390594
324700,1910,train,eikonal,0.004675748758018017
324700,1910,train,render,0.21076786518096924
324700,1910,train,total,0.2112354338169098
324800,1910,train,eikonal,0.004033598117530346
324800,1910,train,render,0.25270548462867737
324800,1910,train,total,0.2531088590621948
324900,1911,train,eikonal,0.007803867105394602
324900,1911,train,render,0.23138004541397095
324900,1911,train,total,0.23216043412685394
325000,1911,train,eikonal,0.005027844570577145
325000,1911,train,render,0.2511182427406311
325000,1911,train,total,0.2516210377216339
325100,1912,train,eikonal,0.00398236745968461
325100,1912,train,render,0.29413336515426636
325100,1912,train,total,0.29453161358833313
325200,1912,train,eikonal,0.00501998933032155
325200,1912,train,render,0.27210310101509094
325200,1912,train,total,0.2726050913333893
325300,1913,train,eikonal,0.007722430396825075
325300,1913,train,render,0.25085967779159546
325300,1913,train,total,0.2516319155693054
325400,1914,train,eikonal,0.004364119376987219
325400,1914,train,render,0.1928260177373886
325400,1914,train,total,0.19326242804527283
325500,1914,train,eikonal,0.00582635123282671
325500,1914,train,render,0.30294865369796753
325500,1914,train,total,0.303531289100647
325600,1915,train,eikonal,0.005625830963253975
325600,1915,train,render,0.23679453134536743
325600,1915,train,total,0.23735710978507996
325700,1915,train,eikonal,0.007633183151483536
325700,1915,train,render,0.2860395312309265
325700,1915,train,total,0.28680285811424255
325800,1916,train,eikonal,0.007224112283438444
325800,1916,train,render,0.3424072861671448
325800,1916,train,total,0.3431296944618225
325900,1917,train,eikonal,0.006158220581710339
325900,1917,train,render,0.24608948826789856
325900,1917,train,total,0.2467053085565567
326000,1917,train,eikonal,0.007578128948807716
326000,1917,train,render,0.23316965997219086
326000,1917,train,total,0.23392747342586517
326100,1918,train,eikonal,0.005268490873277187
326100,1918,train,render,0.2694090008735657
326100,1918,train,total,0.26993584632873535
326200,1918,train,eikonal,0.007448459509760141
326200,1918,train,render,0.24270272254943848
326200,1918,train,total,0.24344757199287415
326300,1919,train,eikonal,0.005076269619166851
326300,1919,train,render,0.2620171904563904
326300,1919,train,total,0.26252481341362
326400,1920,train,eikonal,0.006059757433831692
326400,1920,train,render,0.2347443401813507
326400,1920,train,total,0.23535031080245972
326500,1920,train,eikonal,0.007182051427662373
326500,1920,train,render,0.2057485580444336
326500,1920,train,total,0.20646676421165466
326600,1921,train,eikonal,0.005706437863409519
326600,1921,train,render,0.25574803352355957
326600,1921,train,total,0.25631868839263916
326700,1921,train,eikonal,0.008187519386410713
326700,1921,train,render,0.228390634059906
326700,1921,train,total,0.22920939326286316
326800,1922,train,eikonal,0.004810658283531666
326800,1922,train,render,0.20695868134498596
326800,1922,train,total,0.20743975043296814
326900,1922,train,eikonal,0.005695284344255924
326900,1922,train,render,0.24178871512413025
326900,1922,train,total,0.2423582375049591
327000,1923,train,eikonal,0.005054892040789127
327000,1923,train,render,0.2965407967567444
327000,1923,train,total,0.2970462739467621
327100,1924,train,eikonal,0.0039933789521455765
327100,1924,train,render,0.22496607899665833
327100,1924,train,total,0.22536541521549225
327200,1924,train,eikonal,0.001994832418859005
327200,1924,train,render,0.16650821268558502
327200,1924,train,total,0.16670769453048706
327300,1925,train,eikonal,0.0046122707426548
327300,1925,train,render,0.2314167469739914
327300,1925,train,total,0.23187796771526337
327400,1925,train,eikonal,0.008977167308330536
327400,1925,train,render,0.2398969978094101
327400,1925,train,total,0.24079471826553345
327500,1926,train,eikonal,0.00913479458540678
327500,1926,train,render,0.22195842862129211
327500,1926,train,total,0.22287191450595856
327600,1927,train,eikonal,0.006826168391853571
327600,1927,train,render,0.3045647442340851
327600,1927,train,total,0.30524736642837524
327700,1927,train,eikonal,0.008593445643782616
327700,1927,train,render,0.20321166515350342
327700,1927,train,total,0.2040710151195526
327800,1928,train,eikonal,0.007495533209294081
327800,1928,train,render,0.27092188596725464
327800,1928,train,total,0.27167144417762756
327900,1928,train,eikonal,0.00675506517291069
327900,1928,train,render,0.18953803181648254
327900,1928,train,total,0.19021353125572205
328000,1929,train,eikonal,0.00565322395414114
328000,1929,train,render,0.3130868077278137
328000,1929,train,total,0.3136521279811859
328100,1930,train,eikonal,0.004839057568460703
328100,1930,train,render,0.24734428524971008
328100,1930,train,total,0.2478281855583191
328200,1930,train,eikonal,0.004838110879063606
328200,1930,train,render,0.22730831801891327
328200,1930,train,total,0.22779212892055511
328300,1931,train,eikonal,0.0050409454852342606
328300,1931,train,render,0.2339198738336563
328300,1931,train,total,0.23442396521568298
328400,1931,train,eikonal,0.005014222115278244
328400,1931,train,render,0.24477612972259521
328400,1931,train,total,0.2452775537967682
328500,1932,train,eikonal,0.009320873767137527
328500,1932,train,render,0.20144645869731903
328500,1932,train,total,0.2023785412311554
328600,1932,train,eikonal,0.00581054063513875
328600,1932,train,render,0.28452420234680176
328600,1932,train,total,0.28510525822639465
328700,1933,train,eikonal,0.006179070100188255
328700,1933,train,render,0.25078415870666504
328700,1933,train,total,0.2514020800590515
328800,1934,train,eikonal,0.0068448567762970924
328800,1934,train,render,0.2510395050048828
328800,1934,train,total,0.2517240047454834
328900,1934,train,eikonal,0.006683004554361105
328900,1934,train,render,0.20212528109550476
328900,1934,train,total,0.20279358327388763
329000,1935,train,eikonal,0.007114982232451439
329000,1935,train,render,0.22147120535373688
329000,1935,train,total,0.22218270599842072
329100,1935,train,eikonal,0.004887028131633997
329100,1935,train,render,0.27187877893447876
329100,1935,train,total,0.2723674774169922
329200,1936,train,eikonal,0.005046616308391094
329200,1936,train,render,0.22753793001174927
329200,1936,train,total,0.2280425876379013
329300,1937,train,eikonal,0.0040674880146980286
329300,1937,train,render,0.24407373368740082
329300,1937,train,total,0.24448047578334808
329400,1937,train,eikonal,0.009166527539491653
329400,1937,train,render,0.3142453730106354
329400,1937,train,total,0.3151620328426361
329500,1938,train,eikonal,0.009830562397837639
329500,1938,train,render,0.21929585933685303
329500,1938,train,total,0.22027891874313354
329600,1938,train,eikonal,0.007640295196324587
329600,1938,train,render,0.19492895901203156
329600,1938,train,total,0.1956929862499237
329700,1939,train,eikonal,0.007142242975533009
329700,1939,train,render,0.2031959891319275
329700,1939,train,total,0.2039102166891098
329800,1940,train,eikonal,0.009358979761600494
329800,1940,train,render,0.21532849967479706
329800,1940,train,total,0.21626439690589905
329900,1940,train,eikonal,0.004896733909845352
329900,1940,train,render,0.20288331806659698
329900,1940,train,total,0.203372985124588
330000,1941,train,eikonal,0.003034341847524047
330000,1941,train,render,0.19002270698547363
330000,1941,train,total,0.19032613933086395
330100,1941,train,eikonal,0.0065256450325250626
330100,1941,train,render,0.2612447142601013
330100,1941,train,total,0.2618972659111023
330200,1942,train,eikonal,0.003999635577201843
330200,1942,train,render,0.2846999764442444
330200,1942,train,total,0.28509995341300964
330300,1942,train,eikonal,0.008765019476413727
330300,1942,train,render,0.25532281398773193
330300,1942,train,total,0.25619933009147644
330400,1943,train,eikonal,0.005665355361998081
330400,1943,train,render,0.38736993074417114
330400,1943,train,total,0.38793647289276123
330500,1944,train,eikonal,0.004070133902132511
330500,1944,train,render,0.2424539476633072
330500,1944,train,total,0.24286095798015594
330600,1944,train,eikonal,0.010896359570324421
330600,1944,train,render,0.21068257093429565
330600,1944,train,total,0.21177220344543457
330700,1945,train,eikonal,0.005003681872040033
330700,1945,train,render,0.27046096324920654
330700,1945,train,total,0.27096134424209595
330800,1945,train,eikonal,0.005808761343359947
330800,1945,train,render,0.23347815871238708
330800,1945,train,total,0.23405903577804565
330900,1946,train,eikonal,0.005763070657849312
330900,1946,train,render,0.32065510749816895
330900,1946,train,total,0.3212314248085022
331000,1947,train,eikonal,0.004827939905226231
331000,1947,train,render,0.24092794954776764
331000,1947,train,total,0.2414107471704483
331100,1947,train,eikonal,0.00531050655990839
331100,1947,train,render,0.19859039783477783
331100,1947,train,total,0.19912144541740417
331200,1948,train,eikonal,0.007182243280112743
331200,1948,train,render,0.22485461831092834
331200,1948,train,total,0.2255728393793106
331300,1948,train,eikonal,0.005792161449790001
331300,1948,train,render,0.26004689931869507
331300,1948,train,total,0.2606261074542999
331400,1949,train,eikonal,0.007854478433728218
331400,1949,train,render,0.19753311574459076
331400,1949,train,total,0.19831857085227966
331500,1950,train,eikonal,0.010439101606607437
331500,1950,train,render,0.22019940614700317
331500,1950,train,total,0.22124332189559937
331600,1950,train,eikonal,0.005986783187836409
331600,1950,train,render,0.21702182292938232
331600,1950,train,total,0.21762050688266754
331700,1951,train,eikonal,0.00344071420840919
331700,1951,train,render,0.18927933275699615
331700,1951,train,total,0.1896234005689621
331800,1951,train,eikonal,0.009124970063567162
331800,1951,train,render,0.3127487301826477
331800,1951,train,total,0.31366121768951416
331900,1952,train,eikonal,0.0045123109593987465
331900,1952,train,render,0.23143517971038818
331900,1952,train,total,0.23188641667366028
332000,1952,train,eikonal,0.006775575689971447
332000,1952,train,render,0.3060991168022156
332000,1952,train,total,0.30677667260169983
332100,1953,train,eikonal,0.006077077705413103
332100,1953,train,render,0.21181347966194153
332100,1953,train,total,0.21242119371891022
332200,1954,train,eikonal,0.006446536630392075
332200,1954,train,render,0.22848844528198242
332200,1954,train,total,0.22913309931755066
332300,1954,train,eikonal,0.00707670534029603
332300,1954,train,render,0.3368186354637146
332300,1954,train,total,0.3375262916088104
332400,1955,train,eikonal,0.005805404856801033
332400,1955,train,render,0.2854790687561035
332400,1955,train,total,0.2860596179962158
332500,1955,train,eikonal,0.005913705099374056
332500,1955,train,render,0.21220296621322632
332500,1955,train,total,0.21279433369636536
332600,1956,train,eikonal,0.006051870994269848
332600,1956,train,render,0.23519070446491241
332600,1956,train,total,0.23579588532447815
332700,1957,train,eikonal,0.008385766297578812
332700,1957,train,render,0.2926139831542969
332700,1957,train,total,0.29345256090164185
332800,1957,train,eikonal,0.005710826255381107
332800,1957,train,render,0.2092009037733078
332800,1957,train,total,0.209771990776062
332900,1958,train,eikonal,0.009255447424948215
332900,1958,train,render,0.2342323660850525
332900,1958,train,total,0.23515790700912476
333000,1958,train,eikonal,0.0055781397968530655
333000,1958,train,render,0.2479695975780487
333000,1958,train,total,0.2485274076461792
333100,1959,train,eikonal,0.004252604208886623
333100,1959,train,render,0.20201987028121948
333100,1959,train,total,0.2024451345205307
333200,1960,train,eikonal,0.00724042160436511
333200,1960,train,render,0.2584536671638489
333200,1960,train,total,0.25917771458625793
333300,1960,train,eikonal,0.006538344547152519
333300,1960,train,render,0.27411890029907227
333300,1960,train,total,0.2747727334499359
333400,1961,train,eikonal,0.0067674545571208
333400,1961,train,render,0.21314501762390137
333400,1961,train,total,0.21382176876068115
333500,1961,train,eikonal,0.006950968410819769
333500,1961,train,render,0.3935961127281189
333500,1961,train,total,0.3942912220954895
333600,1962,train,eikonal,0.00621736841276288
333600,1962,train,render,0.23997873067855835
333600,1962,train,total,0.24060046672821045
333700,1962,train,eikonal,0.003969197161495686
333700,1962,train,render,0.2620013952255249
333700,1962,train,total,0.26239830255508423
333800,1963,train,eikonal,0.00858862791210413
333800,1963,train,render,0.23463915288448334
333800,1963,train,total,0.23549801111221313
333900,1964,train,eikonal,0.007516609504818916
333900,1964,train,render,0.21430274844169617
333900,1964,train,total,0.21505440771579742
334000,1964,train,eikonal,0.0033260814379900694
334000,1964,train,render,0.19396987557411194
334000,1964,train,total,0.1943024843931198
334100,1965,train,eikonal,0.007877363823354244
334100,1965,train,render,0.30324041843414307
334100,1965,train,total,0.30402815341949463
334200,1965,train,eikonal,0.005415275692939758
334200,1965,train,render,0.19571897387504578
334200,1965,train,total,0.1962604969739914
334300,1966,train,eikonal,0.0054348064586520195
334300,1966,train,render,0.2593337893486023
334300,1966,train,total,0.2598772644996643
334400,1967,train,eikonal,0.009459380991756916
334400,1967,train,render,0.23634611070156097
334400,1967,train,total,0.23729205131530762
334500,1967,train,eikonal,0.005059336312115192
334500,1967,train,render,0.23023711144924164
334500,1967,train,total,0.23074305057525635
334600,1968,train,eikonal,0.011920762248337269
334600,1968,train,render,0.22419169545173645
334600,1968,train,total,0.22538377344608307
334700,1968,train,eikonal,0.008751089684665203
334700,1968,train,render,0.21411913633346558
334700,1968,train,total,0.21499425172805786
334800,1969,train,eikonal,0.008207948878407478
334800,1969,train,render,0.2219557911157608
334800,1969,train,total,0.2227765917778015
334900,1970,train,eikonal,0.009293945506215096
334900,1970,train,render,0.2052326649427414
334900,1970,train,total,0.20616206526756287
335000,1970,train,eikonal,0.0074060456827282906
335000,1970,train,render,0.20285296440124512
335000,1970,train,total,0.20359356701374054
335100,1971,train,eikonal,0.005686505697667599
335100,1971,train,render,0.26931148767471313
335100,1971,train,total,0.26988014578819275
335200,1971,train,eikonal,0.007612430024892092
335200,1971,train,render,0.25201764702796936
335200,1971,train,total,0.25277888774871826
335300,1972,train,eikonal,0.006859869230538607
335300,1972,train,render,0.29392755031585693
335300,1972,train,total,0.2946135401725769
335400,1972,train,eikonal,0.00856733974069357
335400,1972,train,render,0.21974977850914001
335400,1972,train,total,0.2206065058708191
335500,1973,train,eikonal,0.004820350557565689
335500,1973,train,render,0.25758567452430725
335500,1973,train,total,0.25806769728660583
335600,1974,train,eikonal,0.0073846313171088696
335600,1974,train,render,0.30829185247421265
335600,1974,train,total,0.30903032422065735
335700,1974,train,eikonal,0.004858900792896748
335700,1974,train,render,0.33995530009269714
335700,1974,train,total,0.34044119715690613
335800,1975,train,eikonal,0.0057365261018276215
335800,1975,train,render,0.24130958318710327
335800,1975,train,total,0.24188323318958282
335900,1975,train,eikonal,0.007457002066075802
335900,1975,train,render,0.28681305050849915
335900,1975,train,total,0.28755876421928406
336000,1976,train,eikonal,0.0072592091746628284
336000,1976,train,render,0.2358238399028778
336000,1976,train,total,0.2365497648715973
336100,1977,train,eikonal,0.0069443886168301105
336100,1977,train,render,0.35895174741744995
336100,1977,train,total,0.359646201133728
336200,1977,train,eikonal,0.004558314569294453
336200,1977,train,render,0.21836817264556885
336200,1977,train,total,0.21882399916648865
336300,1978,train,eikonal,0.006815244443714619
336300,1978,train,render,0.24329915642738342
336300,1978,train,total,0.24398067593574524
336400,1978,train,eikonal,0.005178293213248253
336400,1978,train,render,0.2262374758720398
336400,1978,train,total,0.2267553061246872
336500,1979,train,eikonal,0.0067861685529351234
336500,1979,train,render,0.27352091670036316
336500,1979,train,total,0.27419954538345337
336600,1980,train,eikonal,0.005866949446499348
336600,1980,train,render,0.23956656455993652
336600,1980,train,total,0.2401532530784607
336700,1980,train,eikonal,0.008538217283785343
336700,1980,train,render,0.18881209194660187
336700,1980,train,total,0.18966591358184814
336800,1981,train,eikonal,0.00784105621278286
336800,1981,train,render,0.3386196792125702
336800,1981,train,total,0.33940377831459045
336900,1981,train,eikonal,0.004309167619794607
336900,1981,train,render,0.1925889253616333
336900,1981,train,total,0.193019837141037
337000,1982,train,eikonal,0.0041627949103713036
337000,1982,train,render,0.2615756392478943
337000,1982,train,total,0.2619919180870056
337100,1982,train,eikonal,0.005771707743406296
337100,1982,train,render,0.2578933835029602
337100,1982,train,total,0.2584705650806427
337200,1983,train,eikonal,0.002488757949322462
337200,1983,train,render,0.21125690639019012
337200,1983,train,total,0.21150578558444977
337300,1984,train,eikonal,0.0048934416845440865
337300,1984,train,render,0.21969205141067505
337300,1984,train,total,0.2201813906431198
337400,1984,train,eikonal,0.00731055811047554
337400,1984,train,render,0.1979287564754486
337400,1984,train,total,0.19865980744361877
337500,1985,train,eikonal,0.004977197851985693
337500,1985,train,render,0.22474797070026398
337500,1985,train,total,0.22524568438529968
337600,1985,train,eikonal,0.0046469587832689285
337600,1985,train,render,0.27610093355178833
337600,1985,train,total,0.27656564116477966
337700,1986,train,eikonal,0.00668210256844759
337700,1986,train,render,0.23544998466968536
337700,1986,train,total,0.23611819744110107
337800,1987,train,eikonal,0.007241535000503063
337800,1987,train,render,0.28550952672958374
337800,1987,train,total,0.28623369336128235
337900,1987,train,eikonal,0.005983840674161911
337900,1987,train,render,0.1992456316947937
337900,1987,train,total,0.19984401762485504
338000,1988,train,eikonal,0.005186077207326889
338000,1988,train,render,0.2399529218673706
338000,1988,train,total,0.24047152698040009
338100,1988,train,eikonal,0.007670893333852291
338100,1988,train,render,0.21206407248973846
338100,1988,train,total,0.21283115446567535
338200,1989,train,eikonal,0.009315596893429756
338200,1989,train,render,0.22264066338539124
338200,1989,train,total,0.22357222437858582
338300,1990,train,eikonal,0.006893442012369633
338300,1990,train,render,0.23107869923114777
338300,1990,train,total,0.23176804184913635
338400,1990,train,eikonal,0.00799955427646637
338400,1990,train,render,0.24915866553783417
338400,1990,train,total,0.24995861947536469
338500,1991,train,eikonal,0.00974494032561779
338500,1991,train,render,0.1917402595281601
338500,1991,train,total,0.19271475076675415
338600,1991,train,eikonal,0.005895041860640049
338600,1991,train,render,0.22238628566265106
338600,1991,train,total,0.22297579050064087
338700,1992,train,eikonal,0.0050931950099766254
338700,1992,train,render,0.24862942099571228
338700,1992,train,total,0.249138742685318
338800,1992,train,eikonal,0.00813552737236023
338800,1992,train,render,0.21370285749435425
338800,1992,train,total,0.21451641619205475
338900,1993,train,eikonal,0.008035223931074142
338900,1993,train,render,0.2142101526260376
338900,1993,train,total,0.21501366794109344
339000,1994,train,eikonal,0.007096068002283573
339000,1994,train,render,0.3484843075275421
339000,1994,train,total,0.34919390082359314
339100,1994,train,eikonal,0.009210835210978985
339100,1994,train,render,0.2047966718673706
339100,1994,train,total,0.2057177573442459
339200,1995,train,eikonal,0.00812680646777153
339200,1995,train,render,0.22697359323501587
339200,1995,train,total,0.22778627276420593
339300,1995,train,eikonal,0.0053085885010659695
339300,1995,train,render,0.22104500234127045
339300,1995,train,total,0.22157585620880127
339400,1996,train,eikonal,0.009486527182161808
339400,1996,train,render,0.19653403759002686
339400,1996,train,total,0.19748269021511078
339500,1997,train,eikonal,0.006064938381314278
339500,1997,train,render,0.21781057119369507
339500,1997,train,total,0.21841706335544586
339600,1997,train,eikonal,0.009502354077994823
339600,1997,train,render,0.2322493940591812
339600,1997,train,total,0.23319962620735168
339700,1998,train,eikonal,0.005772195290774107
339700,1998,train,render,0.27904772758483887
339700,1998,train,total,0.27962493896484375
339800,1998,train,eikonal,0.00669584795832634
339800,1998,train,render,0.2858327329158783
339800,1998,train,total,0.28650233149528503
339900,1999,train,eikonal,0.0058259181678295135
339900,1999,train,render,0.3162355422973633
339900,1999,train,total,0.31681814789772034
340000,2000,train,eikonal,0.007368707098066807
340000,2000,train,render,0.22318290174007416
340000,2000,train,total,0.22391977906227112
340100,2000,train,eikonal,0.007016661576926708
340100,2000,train,render,0.2711254358291626
340100,2000,train,total,0.2718271017074585
340200,2001,train,eikonal,0.007189746014773846
340200,2001,train,render,0.338076651096344
340200,2001,train,total,0.33879563212394714
340300,2001,train,eikonal,0.006450121756643057
340300,2001,train,render,0.2637374699115753
340300,2001,train,total,0.2643824815750122
340400,2002,train,eikonal,0.004113918170332909
340400,2002,train,render,0.2595662772655487
340400,2002,train,total,0.25997766852378845
340500,2002,train,eikonal,0.005799588747322559
340500,2002,train,render,0.23118680715560913
340500,2002,train,total,0.23176676034927368
340600,2003,train,eikonal,0.006683580111712217
340600,2003,train,render,0.2135453224182129
340600,2003,train,total,0.21421368420124054
340700,2004,train,eikonal,0.007122216746211052
340700,2004,train,render,0.22103722393512726
340700,2004,train,total,0.2217494398355484
340800,2004,train,eikonal,0.006105974316596985
340800,2004,train,render,0.27199018001556396
340800,2004,train,total,0.27260076999664307
340900,2005,train,eikonal,0.005597513169050217
340900,2005,train,render,0.3048563003540039
340900,2005,train,total,0.3054160475730896
341000,2005,train,eikonal,0.008536352775990963
341000,2005,train,render,0.29767394065856934
341000,2005,train,total,0.2985275685787201
341100,2006,train,eikonal,0.007274468429386616
341100,2006,train,render,0.25396960973739624
341100,2006,train,total,0.2546970546245575
341200,2007,train,eikonal,0.0024151536636054516
341200,2007,train,render,0.23276782035827637
341200,2007,train,total,0.23300933837890625
341300,2007,train,eikonal,0.007933283224701881
341300,2007,train,render,0.32327765226364136
341300,2007,train,total,0.3240709900856018
341400,2008,train,eikonal,0.006428705994039774
341400,2008,train,render,0.22183826565742493
341400,2008,train,total,0.2224811315536499
341500,2008,train,eikonal,0.007099017966538668
341500,2008,train,render,0.3359073996543884
341500,2008,train,total,0.33661729097366333
341600,2009,train,eikonal,0.00782383605837822
341600,2009,train,render,0.28881174325942993
341600,2009,train,total,0.2895941138267517
341700,2010,train,eikonal,0.006775312591344118
341700,2010,train,render,0.2401462197303772
341700,2010,train,total,0.24082374572753906
341800,2010,train,eikonal,0.005407265853136778
341800,2010,train,render,0.2815093696117401
341800,2010,train,total,0.28205010294914246
341900,2011,train,eikonal,0.004775961861014366
341900,2011,train,render,0.22447358071804047
341900,2011,train,total,0.22495117783546448
342000,2011,train,eikonal,0.00852055475115776
342000,2011,train,render,0.19495300948619843
342000,2011,train,total,0.19580505788326263
342100,2012,train,eikonal,0.005394407082349062
342100,2012,train,render,0.2282923310995102
342100,2012,train,total,0.22883176803588867
342200,2012,train,eikonal,0.006586916279047728
342200,2012,train,render,0.2138398289680481
342200,2012,train,total,0.21449851989746094
342300,2013,train,eikonal,0.004376501776278019
342300,2013,train,render,0.24220317602157593
342300,2013,train,total,0.24264082312583923
342400,2014,train,eikonal,0.005684039555490017
342400,2014,train,render,0.22600549459457397
342400,2014,train,total,0.2265738993883133
342500,2014,train,eikonal,0.004509636200964451
342500,2014,train,render,0.24629917740821838
342500,2014,train,total,0.246750146150589
342600,2015,train,eikonal,0.004872648045420647
342600,2015,train,render,0.25644659996032715
342600,2015,train,total,0.25693386793136597
342700,2015,train,eikonal,0.0044481027871370316
342700,2015,train,render,0.21655750274658203
342700,2015,train,total,0.21700231730937958
342800,2016,train,eikonal,0.00647004647180438
342800,2016,train,render,0.20524276793003082
342800,2016,train,total,0.2058897763490677
342900,2017,train,eikonal,0.004139691591262817
342900,2017,train,render,0.21085727214813232
342900,2017,train,total,0.2112712413072586
343000,2017,train,eikonal,0.007266979664564133
343000,2017,train,render,0.22145745158195496
343000,2017,train,total,0.22218415141105652
343100,2018,train,eikonal,0.00698390556499362
343100,2018,train,render,0.23864145576953888
343100,2018,train,total,0.23933984339237213
343200,2018,train,eikonal,0.00639654416590929
343200,2018,train,render,0.2858748435974121
343200,2018,train,total,0.2865144908428192
343300,2019,train,eikonal,0.007465563714504242
343300,2019,train,render,0.3011535704135895
343300,2019,train,total,0.30190011858940125
343400,2020,train,eikonal,0.005184030160307884
343400,2020,train,render,0.31280577182769775
343400,2020,train,total,0.3133241832256317
343500,2020,train,eikonal,0.0038941334933042526
343500,2020,train,render,0.21026234328746796
343500,2020,train,total,0.21065175533294678
343600,2021,train,eikonal,0.007123504299670458
343600,2021,train,render,0.2306385487318039
343600,2021,train,total,0.23135089874267578
343700,2021,train,eikonal,0.004351452924311161
343700,2021,train,render,0.28776782751083374
343700,2021,train,total,0.2882029712200165
343800,2022,train,eikonal,0.00741983950138092
343800,2022,train,render,0.22784140706062317
343800,2022,train,total,0.22858339548110962
343900,2022,train,eikonal,0.007392947096377611
343900,2022,train,render,0.25147145986557007
343900,2022,train,total,0.2522107660770416
344000,2023,train,eikonal,0.005457912106066942
344000,2023,train,render,0.2906714379787445
344000,2023,train,total,0.29121723771095276
344100,2024,train,eikonal,0.005020353011786938
344100,2024,train,render,0.26129740476608276
344100,2024,train,total,0.2617994546890259
344200,2024,train,eikonal,0.004432946443557739
344200,2024,train,render,0.22827059030532837
344200,2024,train,total,0.22871388494968414
344300,2025,train,eikonal,0.003946763928979635
344300,2025,train,render,0.2749996781349182
344300,2025,train,total,0.27539435029029846
344400,2025,train,eikonal,0.00459035811945796
344400,2025,train,render,0.2199440896511078
344400,2025,train,total,0.22040311992168427
344500,2026,train,eikonal,0.005704401060938835
344500,2026,train,render,0.3483734130859375
344500,2026,train,total,0.3489438593387604
344600,2027,train,eikonal,0.006402127910405397
344600,2027,train,render,0.2411022186279297
344600,2027,train,total,0.24174243211746216
344700,2027,train,eikonal,0.007030398119240999
344700,2027,train,render,0.23180702328681946
344700,2027,train,total,0.2325100600719452
344800,2028,train,eikonal,0.006838145665824413
344800,2028,train,render,0.24489940702915192
344800,2028,train,total,0.24558322131633759
344900,2028,train,eikonal,0.00624205032363534
344900,2028,train,render,0.24989038705825806
344900,2028,train,total,0.25051459670066833
345000,2029,train,eikonal,0.008181771263480186
345000,2029,train,render,0.3055263161659241
345000,2029,train,total,0.30634447932243347
345100,2030,train,eikonal,0.0025533237494528294
345100,2030,train,render,0.19316229224205017
345100,2030,train,total,0.19341762363910675
345200,2030,train,eikonal,0.006067716516554356
345200,2030,train,render,0.2074071317911148
345200,2030,train,total,0.20801390707492828
345300,2031,train,eikonal,0.009434259496629238
345300,2031,train,render,0.20242178440093994
345300,2031,train,total,0.20336520671844482
345400,2031,train,eikonal,0.003922086674720049
345400,2031,train,render,0.26014071702957153
345400,2031,train,total,0.2605329155921936
345500,2032,train,eikonal,0.00760165648534894
345500,2032,train,render,0.21122266352176666
345500,2032,train,total,0.2119828313589096
345600,2032,train,eikonal,0.006772296037524939
345600,2032,train,render,0.2729826271533966
345600,2032,train,total,0.2736598551273346
345700,2033,train,eikonal,0.005370786413550377
345700,2033,train,render,0.27645033597946167
345700,2033,train,total,0.2769874036312103
345800,2034,train,eikonal,0.007458850275725126
345800,2034,train,render,0.2878645062446594
345800,2034,train,total,0.28861039876937866
345900,2034,train,eikonal,0.004671976901590824
345900,2034,train,render,0.2540886104106903
345900,2034,train,total,0.2545558214187622
346000,2035,train,eikonal,0.00731678307056427
346000,2035,train,render,0.3105238080024719
346000,2035,train,total,0.31125548481941223
346100,2035,train,eikonal,0.006571437232196331
346100,2035,train,render,0.3813565671443939
346100,2035,train,total,0.3820137083530426
346200,2036,train,eikonal,0.005240962840616703
346200,2036,train,render,0.2731224298477173
346200,2036,train,total,0.2736465334892273
346300,2037,train,eikonal,0.0053604342974722385
346300,2037,train,render,0.29807108640670776
346300,2037,train,total,0.29860714077949524
346400,2037,train,eikonal,0.0065179383382201195
346400,2037,train,render,0.23957866430282593
346400,2037,train,total,0.24023045599460602
346500,2038,train,eikonal,0.0059341671876609325
346500,2038,train,render,0.3230719566345215
346500,2038,train,total,0.3236653804779053
346600,2038,train,eikonal,0.0023713060654699802
346600,2038,train,render,0.24493356049060822
346600,2038,train,total,0.2451706975698471
346700,2039,train,eikonal,0.007904039695858955
346700,2039,train,render,0.20443376898765564
346700,2039,train,total,0.2052241712808609
346800,2040,train,eikonal,0.0056182947009801865
346800,2040,train,render,0.24150247871875763
346800,2040,train,total,0.24206431210041046
346900,2040,train,eikonal,0.007873812690377235
346900,2040,train,render,0.19352330267429352
346900,2040,train,total,0.19431068003177643
347000,2041,train,eikonal,0.008041621185839176
347000,2041,train,render,0.19192112982273102
347000,2041,train,total,0.1927252858877182
347100,2041,train,eikonal,0.008807659149169922
347100,2041,train,render,0.2101612240076065
347100,2041,train,total,0.21104198694229126
347200,2042,train,eikonal,0.005317888222634792
347200,2042,train,render,0.23285630345344543
347200,2042,train,total,0.23338809609413147
347300,2042,train,eikonal,0.003581245895475149
347300,2042,train,render,0.1974681317806244
347300,2042,train,total,0.19782625138759613
347400,2043,train,eikonal,0.005461522843688726
347400,2043,train,render,0.22811955213546753
347400,2043,train,total,0.22866570949554443
347500,2044,train,eikonal,0.004542024340480566
347500,2044,train,render,0.24459347128868103
347500,2044,train,total,0.2450476735830307
347600,2044,train,eikonal,0.006123420782387257
347600,2044,train,render,0.21475906670093536
347600,2044,train,total,0.21537141501903534
347700,2045,train,eikonal,0.005357170943170786
347700,2045,train,render,0.2946583032608032
347700,2045,train,total,0.29519402980804443
347800,2045,train,eikonal,0.007849371060729027
347800,2045,train,render,0.19879044592380524
347800,2045,train,total,0.19957537949085236
347900,2046,train,eikonal,0.006680427119135857
347900,2046,train,render,0.2469979226589203
347900,2046,train,total,0.24766597151756287
348000,2047,train,eikonal,0.0052971551194787025
348000,2047,train,render,0.23931755125522614
348000,2047,train,total,0.23984727263450623
348100,2047,train,eikonal,0.002977130701765418
348100,2047,train,render,0.2203058898448944
348100,2047,train,total,0.2206036001443863
348200,2048,train,eikonal,0.01134089007973671
348200,2048,train,render,0.20626240968704224
348200,2048,train,total,0.2073964923620224
348300,2048,train,eikonal,0.007499804720282555
348300,2048,train,render,0.23822146654129028
348300,2048,train,total,0.23897144198417664
348400,2049,train,eikonal,0.004970119334757328
348400,2049,train,render,0.2947155833244324
348400,2049,train,total,0.29521259665489197
348500,2050,train,eikonal,0.005495724733918905
348500,2050,train,render,0.1972123235464096
348500,2050,train,total,0.1977618932723999
348600,2050,train,eikonal,0.007576772943139076
348600,2050,train,render,0.18191561102867126
348600,2050,train,total,0.18267329037189484
348700,2051,train,eikonal,0.005681124981492758
348700,2051,train,render,0.29733461141586304
348700,2051,train,total,0.2979027330875397
348800,2051,train,eikonal,0.007440641988068819
348800,2051,train,render,0.19049017131328583
348800,2051,train,total,0.19123423099517822
348900,2052,train,eikonal,0.006021301262080669
348900,2052,train,render,0.23345819115638733
348900,2052,train,total,0.23406031727790833
349000,2052,train,eikonal,0.005829446017742157
349000,2052,train,render,0.26102450489997864
349000,2052,train,total,0.26160743832588196
349100,2053,train,eikonal,0.008591169491410255
349100,2053,train,render,0.20986726880073547
349100,2053,train,total,0.21072638034820557
349200,2054,train,eikonal,0.005341011099517345
349200,2054,train,render,0.24000993371009827
349200,2054,train,total,0.24054403603076935
349300,2054,train,eikonal,0.004675433970987797
349300,2054,train,render,0.18592441082000732
349300,2054,train,total,0.1863919496536255
349400,2055,train,eikonal,0.007389139849692583
349400,2055,train,render,0.20520344376564026
349400,2055,train,total,0.20594236254692078
349500,2055,train,eikonal,0.00627107685431838
349500,2055,train,render,0.2757551074028015
349500,2055,train,total,0.2763822078704834
349600,2056,train,eikonal,0.008077268488705158
349600,2056,train,render,0.22122114896774292
349600,2056,train,total,0.22202888131141663
349700,2057,train,eikonal,0.004382402636110783
349700,2057,train,render,0.24355347454547882
349700,2057,train,total,0.24399171769618988
349800,2057,train,eikonal,0.0056906407698988914
349800,2057,train,render,0.28105828166007996
349800,2057,train,total,0.281627357006073
349900,2058,train,eikonal,0.006783750839531422
349900,2058,train,render,0.30261850357055664
349900,2058,train,total,0.30329686403274536
350000,2058,train,eikonal,0.009124428033828735
350000,2058,train,render,0.1761646866798401
350000,2058,train,total,0.17707712948322296
350100,2059,train,eikonal,0.0039760456420481205
350100,2059,train,render,0.2537509799003601
350100,2059,train,total,0.25414857268333435
350200,2060,train,eikonal,0.006808601785451174
350200,2060,train,render,0.21222111582756042
350200,2060,train,total,0.2129019796848297
350300,2060,train,eikonal,0.005657046101987362
350300,2060,train,render,0.27602726221084595
350300,2060,train,total,0.2765929698944092
350400,2061,train,eikonal,0.006801486946642399
350400,2061,train,render,0.2490188330411911
350400,2061,train,total,0.24969898164272308
350500,2061,train,eikonal,0.00886493269354105
350500,2061,train,render,0.2463884800672531
350500,2061,train,total,0.2472749799489975
350600,2062,train,eikonal,0.004876263905316591
350600,2062,train,render,0.29119622707366943
350600,2062,train,total,0.2916838526725769
350700,2062,train,eikonal,0.0068219066597521305
350700,2062,train,render,0.3078864812850952
350700,2062,train,total,0.30856868624687195
350800,2063,train,eikonal,0.0074854944832623005
350800,2063,train,render,0.20171776413917542
350800,2063,train,total,0.20246630907058716
350900,2064,train,eikonal,0.007360134273767471
350900,2064,train,render,0.24380189180374146
350900,2064,train,total,0.24453790485858917
351000,2064,train,eikonal,0.006983774248510599
351000,2064,train,render,0.2309030294418335
351000,2064,train,total,0.23160140216350555
351100,2065,train,eikonal,0.0053437016904354095
351100,2065,train,render,0.2969842553138733
351100,2065,train,total,0.29751861095428467
351200,2065,train,eikonal,0.005842175334692001
351200,2065,train,render,0.34777840971946716
351200,2065,train,total,0.34836262464523315
351300,2066,train,eikonal,0.004946454428136349
351300,2066,train,render,0.3341156244277954
351300,2066,train,total,0.3346102833747864
351400,2067,train,eikonal,0.005345006939023733
351400,2067,train,render,0.2511930763721466
351400,2067,train,total,0.2517275810241699
351500,2067,train,eikonal,0.00455593504011631
351500,2067,train,render,0.2566681504249573
351500,2067,train,total,0.257123738527298
351600,2068,train,eikonal,0.005675798747688532
351600,2068,train,render,0.2060171365737915
351600,2068,train,total,0.20658472180366516
351700,2068,train,eikonal,0.005968588404357433
351700,2068,train,render,0.314197301864624
351700,2068,train,total,0.3147941529750824
351800,2069,train,eikonal,0.00823537539690733
351800,2069,train,render,0.22460795938968658
351800,2069,train,total,0.22543150186538696
351900,2070,train,eikonal,0.009894922375679016
351900,2070,train,render,0.20213913917541504
351900,2070,train,total,0.2031286358833313
352000,2070,train,eikonal,0.007108110468834639
352000,2070,train,render,0.19492003321647644
352000,2070,train,total,0.19563084840774536
352100,2071,train,eikonal,0.007797799073159695
352100,2071,train,render,0.2861793339252472
352100,2071,train,total,0.28695911169052124
352200,2071,train,eikonal,0.006591948680579662
352200,2071,train,render,0.3363174796104431
352200,2071,train,total,0.33697667717933655
352300,2072,train,eikonal,0.006943760439753532
352300,2072,train,render,0.31740301847457886
352300,2072,train,total,0.31809738278388977
352400,2072,train,eikonal,0.008301924914121628
352400,2072,train,render,0.21628524363040924
352400,2072,train,total,0.21711543202400208
352500,2073,train,eikonal,0.007304309867322445
352500,2073,train,render,0.22740018367767334
352500,2073,train,total,0.22813060879707336
352600,2074,train,eikonal,0.008062180131673813
352600,2074,train,render,0.21384219825267792
352600,2074,train,total,0.21464841067790985
352700,2074,train,eikonal,0.007170603610575199
352700,2074,train,render,0.23046734929084778
352700,2074,train,total,0.23118440806865692
352800,2075,train,eikonal,0.002762396354228258
352800,2075,train,render,0.22230210900306702
352800,2075,train,total,0.22257834672927856
352900,2075,train,eikonal,0.007012480869889259
352900,2075,train,render,0.24158084392547607
352900,2075,train,total,0.24228209257125854
353000,2076,train,eikonal,0.004044025205075741
353000,2076,train,render,0.28140223026275635
353000,2076,train,total,0.281806617975235
353100,2077,train,eikonal,0.006632571574300528
353100,2077,train,render,0.25426894426345825
353100,2077,train,total,0.2549321949481964
353200,2077,train,eikonal,0.007760026026517153
353200,2077,train,render,0.2188747376203537
353200,2077,train,total,0.2196507453918457
353300,2078,train,eikonal,0.006458815652877092
353300,2078,train,render,0.2846958637237549
353300,2078,train,total,0.285341739654541
353400,2078,train,eikonal,0.005185352638363838
353400,2078,train,render,0.22535556554794312
353400,2078,train,total,0.22587409615516663
353500,2079,train,eikonal,0.003904627403244376
353500,2079,train,render,0.22735056281089783
353500,2079,train,total,0.2277410328388214
353600,2080,train,eikonal,0.005583370104432106
353600,2080,train,render,0.3099692165851593
353600,2080,train,total,0.3105275630950928
353700,2080,train,eikonal,0.006120181176811457
353700,2080,train,render,0.23592053353786469
353700,2080,train,total,0.2365325540304184
353800,2081,train,eikonal,0.004401214420795441
353800,2081,train,render,0.30862152576446533
353800,2081,train,total,0.3090616464614868
353900,2081,train,eikonal,0.005249545909464359
353900,2081,train,render,0.3209978938102722
353900,2081,train,total,0.32152286171913147
354000,2082,train,eikonal,0.007621136028319597
354000,2082,train,render,0.23392319679260254
354000,2082,train,total,0.23468531668186188
354100,2082,train,eikonal,0.004235443193465471
354100,2082,train,render,0.22038079798221588
354100,2082,train,total,0.2208043485879898
354200,2083,train,eikonal,0.0037729497998952866
354200,2083,train,render,0.20926979184150696
354200,2083,train,total,0.20964708924293518
354300,2084,train,eikonal,0.004160132259130478
354300,2084,train,render,0.21438400447368622
354300,2084,train,total,0.21480001509189606
354400,2084,train,eikonal,0.004742110148072243
354400,2084,train,render,0.2614613175392151
354400,2084,train,total,0.2619355320930481
354500,2085,train,eikonal,0.004311004653573036
354500,2085,train,render,0.22949932515621185
354500,2085,train,total,0.22993043065071106
354600,2085,train,eikonal,0.008459154516458511
354600,2085,train,render,0.2452239990234375
354600,2085,train,total,0.24606990814208984
354700,2086,train,eikonal,0.0057092648930847645
354700,2086,train,render,0.22241739928722382
354700,2086,train,total,0.2229883223772049
354800,2087,train,eikonal,0.005532387178391218
354800,2087,train,render,0.238360196352005
354800,2087,train,total,0.238913431763649
354900,2087,train,eikonal,0.005763515364378691
354900,2087,train,render,0.3543434143066406
354900,2087,train,total,0.35491976141929626
355000,2088,train,eikonal,0.004180727060884237
355000,2088,train,render,0.27702632546424866
355000,2088,train,total,0.27744439244270325
355100,2088,train,eikonal,0.00627952441573143
355100,2088,train,render,0.24115996062755585
355100,2088,train,total,0.24178791046142578
355200,2089,train,eikonal,0.0057910894975066185
355200,2089,train,render,0.25119709968566895
355200,2089,train,total,0.25177621841430664
355300,2090,train,eikonal,0.007682465016841888
355300,2090,train,render,0.2236202359199524
355300,2090,train,total,0.2243884801864624
355400,2090,train,eikonal,0.0038794928696006536
355400,2090,train,render,0.2306157946586609
355400,2090,train,total,0.2310037463903427
355500,2091,train,eikonal,0.007866015657782555
355500,2091,train,render,0.2536815106868744
355500,2091,train,total,0.2544681131839752
355600,2091,train,eikonal,0.00834215059876442
355600,2091,train,render,0.24486838281154633
355600,2091,train,total,0.2457025945186615
355700,2092,train,eikonal,0.004738976713269949
355700,2092,train,render,0.2439420521259308
355700,2092,train,total,0.24441595375537872
355800,2092,train,eikonal,0.00404495932161808
355800,2092,train,render,0.22682428359985352
355800,2092,train,total,0.2272287756204605
355900,2093,train,eikonal,0.0039022257551550865
355900,2093,train,render,0.2451026439666748
355900,2093,train,total,0.2454928606748581
356000,2094,train,eikonal,0.005956449080258608
356000,2094,train,render,0.23019510507583618
356000,2094,train,total,0.23079074919223785
356100,2094,train,eikonal,0.00872400589287281
356100,2094,train,render,0.2073512077331543
356100,2094,train,total,0.2082236111164093
356200,2095,train,eikonal,0.006419295445084572
356200,2095,train,render,0.2756298780441284
356200,2095,train,total,0.2762718200683594
356300,2095,train,eikonal,0.004151122644543648
356300,2095,train,render,0.2553577423095703
356300,2095,train,total,0.2557728588581085
356400,2096,train,eikonal,0.005278384312987328
356400,2096,train,render,0.26258474588394165
356400,2096,train,total,0.2631125748157501
356500,2097,train,eikonal,0.006496386602520943
356500,2097,train,render,0.21225297451019287
356500,2097,train,total,0.21290262043476105
356600,2097,train,eikonal,0.006356160622090101
356600,2097,train,render,0.3381938338279724
356600,2097,train,total,0.3388294577598572
356700,2098,train,eikonal,0.004236424341797829
356700,2098,train,render,0.1899382621049881
356700,2098,train,total,0.1903619021177292
356800,2098,train,eikonal,0.007462172769010067
356800,2098,train,render,0.1813449263572693
356800,2098,train,total,0.1820911467075348
356900,2099,train,eikonal,0.009543636813759804
356900,2099,train,render,0.2587437629699707
356900,2099,train,total,0.25969812273979187
357000,2100,train,eikonal,0.006989671383053064
357000,2100,train,render,0.23153413832187653
357000,2100,train,total,0.23223310708999634
357100,2100,train,eikonal,0.005513760261237621
357100,2100,train,render,0.22366809844970703
357100,2100,train,total,0.22421947121620178
357200,2101,train,eikonal,0.005612037144601345
357200,2101,train,render,0.3605361580848694
357200,2101,train,total,0.3610973656177521
357300,2101,train,eikonal,0.006493398919701576
357300,2101,train,render,0.20402908325195312
357300,2101,train,total,0.20467841625213623
357400,2102,train,eikonal,0.006532217375934124
357400,2102,train,render,0.24234354496002197
357400,2102,train,total,0.24299676716327667
357500,2102,train,eikonal,0.006695760414004326
357500,2102,train,render,0.21389144659042358
357500,2102,train,total,0.21456101536750793
357600,2103,train,eikonal,0.008737369440495968
357600,2103,train,render,0.2051037847995758
357600,2103,train,total,0.20597751438617706
357700,2104,train,eikonal,0.006670459173619747
357700,2104,train,render,0.28269529342651367
357700,2104,train,total,0.28336232900619507
357800,2104,train,eikonal,0.008468301966786385
357800,2104,train,render,0.19591355323791504
357800,2104,train,total,0.1967603862285614
357900,2105,train,eikonal,0.0064274948090314865
357900,2105,train,render,0.23102693259716034
357900,2105,train,total,0.23166967928409576
358000,2105,train,eikonal,0.005044751800596714
358000,2105,train,render,0.32964426279067993
358000,2105,train,total,0.33014872670173645
358100,2106,train,eikonal,0.007319405674934387
358100,2106,train,render,0.27078354358673096
358100,2106,train,total,0.27151548862457275
358200,2107,train,eikonal,0.00883927009999752
358200,2107,train,render,0.2297396957874298
358200,2107,train,total,0.23062361776828766
358300,2107,train,eikonal,0.006733856629580259
358300,2107,train,render,0.2179705798625946
358300,2107,train,total,0.21864396333694458
358400,2108,train,eikonal,0.005502090789377689
358400,2108,train,render,0.20689451694488525
358400,2108,train,total,0.20744472742080688
358500,2108,train,eikonal,0.007721892558038235
358500,2108,train,render,0.20452912151813507
358500,2108,train,total,0.20530131459236145
358600,2109,train,eikonal,0.00966640468686819
358600,2109,train,render,0.19143198430538177
358600,2109,train,total,0.19239862263202667
358700,2110,train,eikonal,0.006084899418056011
358700,2110,train,render,0.20621120929718018
358700,2110,train,total,0.20681969821453094
358800,2110,train,eikonal,0.007062873337417841
358800,2110,train,render,0.2872500419616699
358800,2110,train,total,0.2879563271999359
358900,2111,train,eikonal,0.008527358993887901
358900,2111,train,render,0.22387464344501495
358900,2111,train,total,0.22472737729549408
359000,2111,train,eikonal,0.006591113284230232
359000,2111,train,render,0.16415542364120483
359000,2111,train,total,0.1648145318031311
359100,2112,train,eikonal,0.003937411122024059
359100,2112,train,render,0.2419067919254303
359100,2112,train,total,0.24230054020881653
359200,2112,train,eikonal,0.006008792668581009
359200,2112,train,render,0.24971380829811096
359200,2112,train,total,0.2503146827220917
359300,2113,train,eikonal,0.0031087060924619436
359300,2113,train,render,0.2640482783317566
359300,2113,train,total,0.26435914635658264
359400,2114,train,eikonal,0.0058478303253650665
359400,2114,train,render,0.29004815220832825
359400,2114,train,total,0.2906329333782196
359500,2114,train,eikonal,0.0055982694029808044
359500,2114,train,render,0.2428148090839386
359500,2114,train,total,0.24337463080883026
359600,2115,train,eikonal,0.0037949224933981895
359600,2115,train,render,0.19496166706085205
359600,2115,train,total,0.19534115493297577
359700,2115,train,eikonal,0.00649196095764637
359700,2115,train,render,0.2755759358406067
359700,2115,train,total,0.27622511982917786
359800,2116,train,eikonal,0.006097068544477224
359800,2116,train,render,0.2690812945365906
359800,2116,train,total,0.26969099044799805
359900,2117,train,eikonal,0.004324760288000107
359900,2117,train,render,0.20424257218837738
359900,2117,train,total,0.20467504858970642
360000,2117,train,eikonal,0.010560378432273865
360000,2117,train,render,0.19734348356723785
360000,2117,train,total,0.19839951395988464
360100,2118,train,eikonal,0.008573220111429691
360100,2118,train,render,0.2901538610458374
360100,2118,train,total,0.29101118445396423
360200,2118,train,eikonal,0.005559064447879791
360200,2118,train,render,0.3545035123825073
360200,2118,train,total,0.355059415102005
360300,2119,train,eikonal,0.008267033845186234
360300,2119,train,render,0.2170080542564392
360300,2119,train,total,0.21783475577831268
360400,2120,train,eikonal,0.007076272740960121
360400,2120,train,render,0.23033715784549713
360400,2120,train,total,0.23104478418827057
360500,2120,train,eikonal,0.004322162829339504
360500,2120,train,render,0.19196906685829163
360500,2120,train,total,0.19240128993988037
360600,2121,train,eikonal,0.008137475699186325
360600,2121,train,render,0.20319418609142303
360600,2121,train,total,0.20400793850421906
360700,2121,train,eikonal,0.006257916800677776
360700,2121,train,render,0.24445122480392456
360700,2121,train,total,0.2450770139694214
360800,2122,train,eikonal,0.003913905471563339
360800,2122,train,render,0.2542983889579773
360800,2122,train,total,0.2546897828578949
360900,2122,train,eikonal,0.005038490518927574
360900,2122,train,render,0.27350670099258423
360900,2122,train,total,0.2740105390548706
361000,2123,train,eikonal,0.008125067688524723
361000,2123,train,render,0.29501238465309143
361000,2123,train,total,0.29582488536834717
361100,2124,train,eikonal,0.005543052218854427
361100,2124,train,render,0.1748664677143097
361100,2124,train,total,0.17542077600955963
361200,2124,train,eikonal,0.006404999643564224
361200,2124,train,render,0.3028024435043335
361200,2124,train,total,0.30344295501708984
361300,2125,train,eikonal,0.01036243699491024
361300,2125,train,render,0.21487006545066833
361300,2125,train,total,0.2159063071012497
361400,2125,train,eikonal,0.008166640996932983
361400,2125,train,render,0.2218247652053833
361400,2125,train,total,0.22264142334461212
361500,2126,train,eikonal,0.006309323012828827
361500,2126,train,render,0.3197374939918518
361500,2126,train,total,0.3203684389591217
361600,2127,train,eikonal,0.006211910862475634
361600,2127,train,render,0.22136378288269043
361600,2127,train,total,0.22198496758937836
361700,2127,train,eikonal,0.006201126612722874
361700,2127,train,render,0.24410757422447205
361700,2127,train,total,0.24472768604755402
361800,2128,train,eikonal,0.005270969122648239
361800,2128,train,render,0.35707229375839233
361800,2128,train,total,0.3575993776321411
361900,2128,train,eikonal,0.007440815679728985
361900,2128,train,render,0.327650785446167
361900,2128,train,total,0.3283948600292206
362000,2129,train,eikonal,0.007169551681727171
362000,2129,train,render,0.4074450731277466
362000,2129,train,total,0.40816202759742737
362100,2130,train,eikonal,0.005779373459517956
362100,2130,train,render,0.21632540225982666
362100,2130,train,total,0.21690334379673004
362200,2130,train,eikonal,0.005652155727148056
362200,2130,train,render,0.21053844690322876
362200,2130,train,total,0.2111036628484726
362300,2131,train,eikonal,0.005793309770524502
362300,2131,train,render,0.37925103306770325
362300,2131,train,total,0.37983036041259766
362400,2131,train,eikonal,0.00843994040042162
362400,2131,train,render,0.18926680088043213
362400,2131,train,total,0.19011078774929047
362500,2132,train,eikonal,0.005857918411493301
362500,2132,train,render,0.25326651334762573
362500,2132,train,total,0.25385230779647827
362600,2132,train,eikonal,0.009497452527284622
362600,2132,train,render,0.23676247894763947
362600,2132,train,total,0.23771221935749054
362700,2133,train,eikonal,0.006221894174814224
362700,2133,train,render,0.2615593671798706
362700,2133,train,total,0.2621815502643585
362800,2134,train,eikonal,0.004408311564475298
362800,2134,train,render,0.26803624629974365
362800,2134,train,total,0.26847708225250244
362900,2134,train,eikonal,0.0071165491826832294
362900,2134,train,render,0.21166352927684784
362900,2134,train,total,0.21237517893314362
363000,2135,train,eikonal,0.005191499833017588
363000,2135,train,render,0.2648668885231018
363000,2135,train,total,0.26538604497909546
363100,2135,train,eikonal,0.0044462536461651325
363100,2135,train,render,0.21569088101387024
363100,2135,train,total,0.21613550186157227
363200,2136,train,eikonal,0.005384817719459534
363200,2136,train,render,0.2439521849155426
363200,2136,train,total,0.24449066817760468
363300,2137,train,eikonal,0.005784530658274889
363300,2137,train,render,0.33033114671707153
363300,2137,train,total,0.3309096097946167
363400,2137,train,eikonal,0.005011381581425667
363400,2137,train,render,0.21257051825523376
363400,2137,train,total,0.21307165920734406
363500,2138,train,eikonal,0.0058301761746406555
363500,2138,train,render,0.20127882063388824
363500,2138,train,total,0.20186184346675873
363600,2138,train,eikonal,0.00646477984264493
363600,2138,train,render,0.2505652904510498
363600,2138,train,total,0.2512117624282837
363700,2139,train,eikonal,0.0071212733164429665
363700,2139,train,render,0.3447292447090149
363700,2139,train,total,0.34544137120246887
363800,2140,train,eikonal,0.0041225869208574295
363800,2140,train,render,0.22099462151527405
363800,2140,train,total,0.22140687704086304
363900,2140,train,eikonal,0.006524841301143169
363900,2140,train,render,0.2512231171131134
363900,2140,train,total,0.2518756091594696
364000,2141,train,eikonal,0.005529207643121481
364000,2141,train,render,0.2155560851097107
364000,2141,train,total,0.2161090075969696
364100,2141,train,eikonal,0.005452386103570461
364100,2141,train,render,0.23787954449653625
364100,2141,train,total,0.23842477798461914
364200,2142,train,eikonal,0.008557736873626709
364200,2142,train,render,0.20986557006835938
364200,2142,train,total,0.21072134375572205
364300,2142,train,eikonal,0.008559505455195904
364300,2142,train,render,0.25196573138237
364300,2142,train,total,0.252821683883667
364400,2143,train,eikonal,0.00831754319369793
364400,2143,train,render,0.2791720926761627
364400,2143,train,total,0.2800038456916809
364500,2144,train,eikonal,0.0038430888671427965
364500,2144,train,render,0.2252061367034912
364500,2144,train,total,0.22559045255184174
364600,2144,train,eikonal,0.00805809535086155
364600,2144,train,render,0.308974027633667
364600,2144,train,total,0.3097798228263855
364700,2145,train,eikonal,0.007062793709337711
364700,2145,train,render,0.3592790961265564
364700,2145,train,total,0.3599853813648224
364800,2145,train,eikonal,0.008240481838583946
364800,2145,train,render,0.23846112191677094
364800,2145,train,total,0.2392851710319519
364900,2146,train,eikonal,0.006663162261247635
364900,2146,train,render,0.26491498947143555
364900,2146,train,total,0.26558130979537964
365000,2147,train,eikonal,0.005559207871556282
365000,2147,train,render,0.309415340423584
365000,2147,train,total,0.30997127294540405
365100,2147,train,eikonal,0.0060545774176716805
365100,2147,train,render,0.3601122796535492
365100,2147,train,total,0.3607177436351776
365200,2148,train,eikonal,0.006719507277011871
365200,2148,train,render,0.2115563303232193
365200,2148,train,total,0.21222828328609467
365300,2148,train,eikonal,0.007572731003165245
365300,2148,train,render,0.20587822794914246
365300,2148,train,total,0.2066355049610138
365400,2149,train,eikonal,0.004327359609305859
365400,2149,train,render,0.25271305441856384
365400,2149,train,total,0.2531457841396332
365500,2150,train,eikonal,0.0040747313760221004
365500,2150,train,render,0.21099074184894562
365500,2150,train,total,0.21139821410179138
365600,2150,train,eikonal,0.0056195068173110485
365600,2150,train,render,0.30019181966781616
365600,2150,train,total,0.30075377225875854
365700,2151,train,eikonal,0.00394827825948596
365700,2151,train,render,0.2516176104545593
365700,2151,train,total,0.2520124316215515
365800,2151,train,eikonal,0.0024578352458775043
365800,2151,train,render,0.19944410026073456
365800,2151,train,total,0.19968988001346588
365900,2152,train,eikonal,0.0071052806451916695
365900,2152,train,render,0.2652284502983093
365900,2152,train,total,0.26593896746635437
366000,2152,train,eikonal,0.004279927350580692
366000,2152,train,render,0.2072819620370865
366000,2152,train,total,0.20770995318889618
366100,2153,train,eikonal,0.0042670792900025845
366100,2153,train,render,0.24921829998493195
366100,2153,train,total,0.24964500963687897
366200,2154,train,eikonal,0.008012434467673302
366200,2154,train,render,0.19646255671977997
366200,2154,train,total,0.19726380705833435
366300,2154,train,eikonal,0.005089996848255396
366300,2154,train,render,0.2720124125480652
366300,2154,train,total,0.27252140641212463
366400,2155,train,eikonal,0.005339125636965036
366400,2155,train,render,0.3119778037071228
366400,2155,train,total,0.31251171231269836
366500,2155,train,eikonal,0.005476451478898525
366500,2155,train,render,0.243291437625885
366500,2155,train,total,0.2438390851020813
366600,2156,train,eikonal,0.004606370814144611
366600,2156,train,render,0.21343977749347687
366600,2156,train,total,0.21390041708946228
366700,2157,train,eikonal,0.007784879766404629
366700,2157,train,render,0.19114311039447784
366700,2157,train,total,0.19192159175872803
366800,2157,train,eikonal,0.0059845405630767345
366800,2157,train,render,0.2786208987236023
366800,2157,train,total,0.2792193591594696
366900,2158,train,eikonal,0.005554031580686569
366900,2158,train,render,0.22304700314998627
366900,2158,train,total,0.22360239923000336
367000,2158,train,eikonal,0.00591636635363102
367000,2158,train,render,0.3248382806777954
367000,2158,train,total,0.32542991638183594
367100,2159,train,eikonal,0.007462581619620323
367100,2159,train,render,0.22371825575828552
367100,2159,train,total,0.2244645208120346
367200,2160,train,eikonal,0.007483856752514839
367200,2160,train,render,0.3654015064239502
367200,2160,train,total,0.36614990234375
367300,2160,train,eikonal,0.01016896590590477
367300,2160,train,render,0.2057202160358429
367300,2160,train,total,0.20673711597919464
367400,2161,train,eikonal,0.005675549618899822
367400,2161,train,render,0.2500373125076294
367400,2161,train,total,0.25060486793518066
367500,2161,train,eikonal,0.0068978602066636086
367500,2161,train,render,0.2932931184768677
367500,2161,train,total,0.2939828932285309
367600,2162,train,eikonal,0.004840361885726452
367600,2162,train,render,0.3063707649707794
367600,2162,train,total,0.30685481429100037
367700,2162,train,eikonal,0.007372461259365082
367700,2162,train,render,0.3531840443611145
367700,2162,train,total,0.3539212942123413
367800,2163,train,eikonal,0.006921435706317425
367800,2163,train,render,0.3654041290283203
367800,2163,train,total,0.36609625816345215
367900,2164,train,eikonal,0.006817109417170286
367900,2164,train,render,0.2289566993713379
367900,2164,train,total,0.22963841259479523
368000,2164,train,eikonal,0.006399254314601421
368000,2164,train,render,0.2125476747751236
368000,2164,train,total,0.21318760514259338
368100,2165,train,eikonal,0.004730522632598877
368100,2165,train,render,0.20455294847488403
368100,2165,train,total,0.20502600073814392
368200,2165,train,eikonal,0.003994072787463665
368200,2165,train,render,0.21982106566429138
368200,2165,train,total,0.22022047638893127
368300,2166,train,eikonal,0.006953032687306404
368300,2166,train,render,0.29946762323379517
368300,2166,train,total,0.3001629412174225
368400,2167,train,eikonal,0.005453563295304775
368400,2167,train,render,0.2509095072746277
368400,2167,train,total,0.2514548599720001
368500,2167,train,eikonal,0.007266146596521139
368500,2167,train,render,0.26983779668807983
368500,2167,train,total,0.27056440711021423
368600,2168,train,eikonal,0.007287461776286364
368600,2168,train,render,0.2637317180633545
368600,2168,train,total,0.2644604742527008
368700,2168,train,eikonal,0.0040105776861310005
368700,2168,train,render,0.31898051500320435
368700,2168,train,total,0.31938156485557556
368800,2169,train,eikonal,0.007514945697039366
368800,2169,train,render,0.21807289123535156
368800,2169,train,total,0.2188243865966797
368900,2170,train,eikonal,0.004173232242465019
368900,2170,train,render,0.2128254473209381
368900,2170,train,total,0.213242769241333
369000,2170,train,eikonal,0.0048896148800849915
369000,2170,train,render,0.21302483975887299
369000,2170,train,total,0.2135138064622879
369100,2171,train,eikonal,0.005195580422878265
369100,2171,train,render,0.31257426738739014
369100,2171,train,total,0.31309381127357483
369200,2171,train,eikonal,0.005575448274612427
369200,2171,train,render,0.2189793437719345
369200,2171,train,total,0.2195368856191635
369300,2172,train,eikonal,0.00784663762897253
369300,2172,train,render,0.23664790391921997
369300,2172,train,total,0.2374325692653656
369400,2172,train,eikonal,0.006349634844809771
369400,2172,train,render,0.21905243396759033
369400,2172,train,total,0.21968740224838257
369500,2173,train,eikonal,0.007883377373218536
369500,2173,train,render,0.2450183629989624
369500,2173,train,total,0.24580669403076172
369600,2174,train,eikonal,0.006596230436116457
369600,2174,train,render,0.3527980148792267
369600,2174,train,total,0.35345762968063354
369700,2174,train,eikonal,0.007288118824362755
369700,2174,train,render,0.20621320605278015
369700,2174,train,total,0.20694202184677124
369800,2175,train,eikonal,0.004319965839385986
369800,2175,train,render,0.27571603655815125
369800,2175,train,total,0.2761480212211609
369900,2175,train,eikonal,0.0051264981739223
369900,2175,train,render,0.27136164903640747
369900,2175,train,total,0.2718743085861206
370000,2176,train,eikonal,0.004945228807628155
370000,2176,train,render,0.25866830348968506
370000,2176,train,total,0.2591628134250641
370100,2177,train,eikonal,0.005051437299698591
370100,2177,train,render,0.25316935777664185
370100,2177,train,total,0.2536745071411133
370200,2177,train,eikonal,0.003009083215147257
370200,2177,train,render,0.26259371638298035
370200,2177,train,total,0.2628946304321289
370300,2178,train,eikonal,0.00745338574051857
370300,2178,train,render,0.2012331187725067
370300,2178,train,total,0.20197845995426178
370400,2178,train,eikonal,0.004356801509857178
370400,2178,train,render,0.2777111530303955
370400,2178,train,total,0.2781468331813812
370500,2179,train,eikonal,0.005985111929476261
370500,2179,train,render,0.27827244997024536
370500,2179,train,total,0.27887097001075745
370600,2180,train,eikonal,0.004235990345478058
370600,2180,train,render,0.1968287229537964
370600,2180,train,total,0.1972523182630539
370700,2180,train,eikonal,0.00494944304227829
370700,2180,train,render,0.22318392992019653
370700,2180,train,total,0.22367887198925018
370800,2181,train,eikonal,0.00587024400010705
370800,2181,train,render,0.21571031212806702
370800,2181,train,total,0.21629734337329865
370900,2181,train,eikonal,0.010522706434130669
370900,2181,train,render,0.19273044168949127
370900,2181,train,total,0.1937827169895172
371000,2182,train,eikonal,0.00441236887127161
371000,2182,train,render,0.26596176624298096
371000,2182,train,total,0.2664029896259308
371100,2182,train,eikonal,0.007574100513011217
371100,2182,train,render,0.23119255900382996
371100,2182,train,total,0.23194997012615204
371200,2183,train,eikonal,0.0028805064503103495
371200,2183,train,render,0.21734873950481415
371200,2183,train,total,0.21763679385185242
371300,2184,train,eikonal,0.007283594459295273
371300,2184,train,render,0.2093597948551178
371300,2184,train,total,0.21008814871311188
371400,2184,train,eikonal,0.006270770914852619
371400,2184,train,render,0.22624081373214722
371400,2184,train,total,0.2268678843975067
371500,2185,train,eikonal,0.005165806971490383
371500,2185,train,render,0.26190322637557983
371500,2185,train,total,0.26241981983184814
371600,2185,train,eikonal,0.004156260751187801
371600,2185,train,render,0.21236322820186615
371600,2185,train,total,0.21277885138988495
371700,2186,train,eikonal,0.004710773006081581
371700,2186,train,render,0.21103660762310028
371700,2186,train,total,0.2115076780319214
371800,2187,train,eikonal,0.005637286696583033
371800,2187,train,render,0.20629656314849854
371800,2187,train,total,0.20686028897762299
371900,2187,train,eikonal,0.004296985920518637
371900,2187,train,render,0.2669920325279236
371900,2187,train,total,0.2674217224121094
372000,2188,train,eikonal,0.005600998178124428
372000,2188,train,render,0.2270818054676056
372000,2188,train,total,0.22764191031455994
372100,2188,train,eikonal,0.005303445737808943
372100,2188,train,render,0.24169301986694336
372100,2188,train,total,0.2422233670949936
372200,2189,train,eikonal,0.0034176120534539223
372200,2189,train,render,0.20518308877944946
372200,2189,train,total,0.20552484691143036
372300,2190,train,eikonal,0.005825325846672058
372300,2190,train,render,0.24749864637851715
372300,2190,train,total,0.24808117747306824
372400,2190,train,eikonal,0.0049123456701636314
372400,2190,train,render,0.2627931535243988
372400,2190,train,total,0.2632843852043152
372500,2191,train,eikonal,0.008130447939038277
372500,2191,train,render,0.18918947875499725
372500,2191,train,total,0.19000253081321716
372600,2191,train,eikonal,0.00580596411600709
372600,2191,train,render,0.3210110664367676
372600,2191,train,total,0.32159167528152466
372700,2192,train,eikonal,0.007249243091791868
372700,2192,train,render,0.2443138062953949
372700,2192,train,total,0.2450387328863144
372800,2192,train,eikonal,0.008908318355679512
372800,2192,train,render,0.2367200255393982
372800,2192,train,total,0.23761086165905
372900,2193,train,eikonal,0.004456774797290564
372900,2193,train,render,0.24268653988838196
372900,2193,train,total,0.24313221871852875
373000,2194,train,eikonal,0.005391402170062065
373000,2194,train,render,0.2739297151565552
373000,2194,train,total,0.27446886897087097
373100,2194,train,eikonal,0.00776264863088727
373100,2194,train,render,0.1926371157169342
373100,2194,train,total,0.1934133768081665
373200,2195,train,eikonal,0.006001773290336132
373200,2195,train,render,0.23525196313858032
373200,2195,train,total,0.23585213720798492
373300,2195,train,eikonal,0.004092967137694359
373300,2195,train,render,0.2702205777168274
373300,2195,train,total,0.2706298828125
373400,2196,train,eikonal,0.005288352724164724
373400,2196,train,render,0.19635947048664093
373400,2196,train,total,0.19688831269741058
373500,2197,train,eikonal,0.0051196361891925335
373500,2197,train,render,0.32263821363449097
373500,2197,train,total,0.3231501877307892
373600,2197,train,eikonal,0.004488218110054731
373600,2197,train,render,0.23008963465690613
373600,2197,train,total,0.23053845763206482
373700,2198,train,eikonal,0.009272589348256588
373700,2198,train,render,0.19398900866508484
373700,2198,train,total,0.1949162632226944
373800,2198,train,eikonal,0.0069221192970871925
373800,2198,train,render,0.24033331871032715
373800,2198,train,total,0.24102553725242615
373900,2199,train,eikonal,0.008437885902822018
373900,2199,train,render,0.19350385665893555
373900,2199,train,total,0.19434764981269836
374000,2200,train,eikonal,0.004769158083945513
374000,2200,train,render,0.26843148469924927
374000,2200,train,total,0.26890841126441956
374100,2200,train,eikonal,0.008624130859971046
374100,2200,train,render,0.28138673305511475
374100,2200,train,total,0.2822491526603699
374200,2201,train,eikonal,0.006009537726640701
374200,2201,train,render,0.2515053153038025
374200,2201,train,total,0.25210627913475037
374300,2201,train,eikonal,0.00641921442002058
374300,2201,train,render,0.21614322066307068
374300,2201,train,total,0.21678514778614044
374400,2202,train,eikonal,0.007587325759232044
374400,2202,train,render,0.22487112879753113
374400,2202,train,total,0.22562986612319946
374500,2202,train,eikonal,0.005046676844358444
374500,2202,train,render,0.2515406608581543
374500,2202,train,total,0.25204533338546753
374600,2203,train,eikonal,0.0041974508203566074
374600,2203,train,render,0.26039785146713257
374600,2203,train,total,0.26081758737564087
374700,2204,train,eikonal,0.004343883134424686
374700,2204,train,render,0.32287734746932983
374700,2204,train,total,0.3233117461204529
374800,2204,train,eikonal,0.006635251455008984
374800,2204,train,render,0.30022233724594116
374800,2204,train,total,0.3008858561515808
374900,2205,train,eikonal,0.0048567866906523705
374900,2205,train,render,0.24111074209213257
374900,2205,train,total,0.24159641563892365
375000,2205,train,eikonal,0.007407637313008308
375000,2205,train,render,0.3982722759246826
375000,2205,train,total,0.39901304244995117
375100,2206,train,eikonal,0.0061378139071166515
375100,2206,train,render,0.2463095337152481
375100,2206,train,total,0.2469233125448227
375200,2207,train,eikonal,0.0071282703429460526
375200,2207,train,render,0.21284052729606628
375200,2207,train,total,0.21355335414409637
375300,2207,train,eikonal,0.006351959891617298
375300,2207,train,render,0.32606011629104614
375300,2207,train,total,0.3266953229904175
375400,2208,train,eikonal,0.006821619346737862
375400,2208,train,render,0.20355549454689026
375400,2208,train,total,0.2042376548051834
375500,2208,train,eikonal,0.00544110219925642
375500,2208,train,render,0.31025606393814087
375500,2208,train,total,0.310800164937973
375600,2209,train,eikonal,0.00706567894667387
375600,2209,train,render,0.2356167733669281
375600,2209,train,total,0.23632334172725677
375700,2210,train,eikonal,0.003701793262735009
375700,2210,train,render,0.2028750479221344
375700,2210,train,total,0.20324522256851196
375800,2210,train,eikonal,0.005734200589358807
375800,2210,train,render,0.2072974443435669
375800,2210,train,total,0.20787087082862854
375900,2211,train,eikonal,0.009717254899442196
375900,2211,train,render,0.19044622778892517
375900,2211,train,total,0.19141794741153717
376000,2211,train,eikonal,0.005877802614122629
376000,2211,train,render,0.2846158742904663
376000,2211,train,total,0.2852036654949188
376100,2212,train,eikonal,0.006637904793024063
376100,2212,train,render,0.3173128068447113
376100,2212,train,total,0.31797659397125244
376200,2212,train,eikonal,0.0032165583688765764
376200,2212,train,render,0.18884971737861633
376200,2212,train,total,0.18917137384414673
376300,2213,train,eikonal,0.008312658406794071
376300,2213,train,render,0.1852690875530243
376300,2213,train,total,0.18610034883022308
376400,2214,train,eikonal,0.003947052173316479
376400,2214,train,render,0.2570412755012512
376400,2214,train,total,0.25743597745895386
376500,2214,train,eikonal,0.007354412693530321
376500,2214,train,render,0.30286186933517456
376500,2214,train,total,0.3035973012447357
376600,2215,train,eikonal,0.0056852055713534355
376600,2215,train,render,0.2667756974697113
376600,2215,train,total,0.267344206571579
376700,2215,train,eikonal,0.003140763845294714
376700,2215,train,render,0.19408012926578522
376700,2215,train,total,0.19439420104026794
376800,2216,train,eikonal,0.00741832610219717
376800,2216,train,render,0.2674633860588074
376800,2216,train,total,0.2682052254676819
376900,2217,train,eikonal,0.006184628698974848
376900,2217,train,render,0.3470648527145386
376900,2217,train,total,0.347683310508728
377000,2217,train,eikonal,0.005837925709784031
377000,2217,train,render,0.25766241550445557
377000,2217,train,total,0.25824621319770813
377100,2218,train,eikonal,0.005423612892627716
377100,2218,train,render,0.22640946507453918
377100,2218,train,total,0.22695182263851166
377200,2218,train,eikonal,0.005789816379547119
377200,2218,train,render,0.18218091130256653
377200,2218,train,total,0.18275989592075348
377300,2219,train,eikonal,0.007363384589552879
377300,2219,train,render,0.19940967857837677
377300,2219,train,total,0.20014601945877075
377400,2220,train,eikonal,0.0041428059339523315
377400,2220,train,render,0.25556567311286926
377400,2220,train,total,0.2559799551963806
377500,2220,train,eikonal,0.006348473951220512
377500,2220,train,render,0.22240060567855835
377500,2220,train,total,0.22303545475006104
377600,2221,train,eikonal,0.00617337878793478
377600,2221,train,render,0.2538279891014099
377600,2221,train,total,0.25444531440734863
377700,2221,train,eikonal,0.006025699898600578
377700,2221,train,render,0.23364964127540588
377700,2221,train,total,0.2342522144317627
377800,2222,train,eikonal,0.002467302605509758
377800,2222,train,render,0.19328579306602478
377800,2222,train,total,0.1935325264930725
377900,2222,train,eikonal,0.005847219377756119
377900,2222,train,render,0.29047322273254395
377900,2222,train,total,0.2910579442977905
378000,2223,train,eikonal,0.006948752328753471
378000,2223,train,render,0.30685895681381226
378000,2223,train,total,0.30755382776260376
378100,2224,train,eikonal,0.004079532343894243
378100,2224,train,render,0.2722250819206238
378100,2224,train,total,0.27263304591178894
378200,2224,train,eikonal,0.004033958539366722
378200,2224,train,render,0.27443981170654297
378200,2224,train,total,0.2748432159423828
378300,2225,train,eikonal,0.005848979111760855
378300,2225,train,render,0.27886244654655457
378300,2225,train,total,0.2794473469257355
378400,2225,train,eikonal,0.007019625045359135
378400,2225,train,render,0.3296571373939514
378400,2225,train,total,0.3303591012954712
378500,2226,train,eikonal,0.007624644320458174
378500,2226,train,render,0.224899023771286
378500,2226,train,total,0.2256614863872528
378600,2227,train,eikonal,0.007404081989079714
378600,2227,train,render,0.2572603225708008
378600,2227,train,total,0.2580007314682007
378700,2227,train,eikonal,0.008249016478657722
378700,2227,train,render,0.2499275654554367
378700,2227,train,total,0.2507524788379669
378800,2228,train,eikonal,0.004575447645038366
378800,2228,train,render,0.1957867294549942
378800,2228,train,total,0.1962442696094513
378900,2228,train,eikonal,0.003550673834979534
378900,2228,train,render,0.1928461343050003
378900,2228,train,total,0.1932011991739273
379000,2229,train,eikonal,0.004134349524974823
379000,2229,train,render,0.2639974355697632
379000,2229,train,total,0.2644108831882477
379100,2230,train,eikonal,0.006038540042936802
379100,2230,train,render,0.2307269275188446
379100,2230,train,total,0.2313307821750641
379200,2230,train,eikonal,0.008149747736752033
379200,2230,train,render,0.24228036403656006
379200,2230,train,total,0.24309533834457397
379300,2231,train,eikonal,0.006673200987279415
379300,2231,train,render,0.23552508652210236
379300,2231,train,total,0.23619240522384644
379400,2231,train,eikonal,0.0056750294752418995
379400,2231,train,render,0.24327945709228516
379400,2231,train,total,0.24384695291519165
379500,2232,train,eikonal,0.005665242671966553
379500,2232,train,render,0.2783544063568115
379500,2232,train,total,0.2789209187030792
379600,2232,train,eikonal,0.006300450302660465
379600,2232,train,render,0.25468623638153076
379600,2232,train,total,0.25531628727912903
379700,2233,train,eikonal,0.004854827653616667
379700,2233,train,render,0.2524489164352417
379700,2233,train,total,0.25293439626693726
379800,2234,train,eikonal,0.005094122141599655
379800,2234,train,render,0.23036685585975647
379800,2234,train,total,0.23087626695632935
379900,2234,train,eikonal,0.007329486310482025
379900,2234,train,render,0.20842021703720093
379900,2234,train,total,0.2091531604528427
380000,2235,train,eikonal,0.005619172006845474
380000,2235,train,render,0.21950697898864746
380000,2235,train,total,0.22006890177726746
380100,2235,train,eikonal,0.00649338960647583
380100,2235,train,render,0.2969297170639038
380100,2235,train,total,0.2975790500640869
380200,2236,train,eikonal,0.004154163878411055
380200,2236,train,render,0.265646755695343
380200,2236,train,total,0.2660621702671051
380300,2237,train,eikonal,0.006349162198603153
380300,2237,train,render,0.23971962928771973
380300,2237,train,total,0.24035455286502838
380400,2237,train,eikonal,0.007002694066613913
380400,2237,train,render,0.2326018363237381
380400,2237,train,total,0.23330210149288177
380500,2238,train,eikonal,0.006389082409441471
380500,2238,train,render,0.2942028045654297
380500,2238,train,total,0.2948417067527771
380600,2238,train,eikonal,0.007148443721234798
380600,2238,train,render,0.20631761848926544
380600,2238,train,total,0.2070324569940567
380700,2239,train,eikonal,0.006301660090684891
380700,2239,train,render,0.21687380969524384
380700,2239,train,total,0.21750397980213165
380800,2240,train,eikonal,0.0023925858549773693
380800,2240,train,render,0.23573967814445496
380800,2240,train,total,0.23597893118858337
380900,2240,train,eikonal,0.00656393077224493
380900,2240,train,render,0.21987584233283997
380900,2240,train,total,0.22053223848342896
381000,2241,train,eikonal,0.004336412064731121
381000,2241,train,render,0.32608675956726074
381000,2241,train,total,0.3265204131603241
381100,2241,train,eikonal,0.005476943217217922
381100,2241,train,render,0.23855143785476685
381100,2241,train,total,0.23909913003444672
381200,2242,train,eikonal,0.0024271775037050247
381200,2242,train,render,0.23104910552501678
381200,2242,train,total,0.23129183053970337
381300,2242,train,eikonal,0.004886478651314974
381300,2242,train,render,0.23780491948127747
381300,2242,train,total,0.2382935732603073
381400,2243,train,eikonal,0.005141940899193287
381400,2243,train,render,0.28484898805618286
381400,2243,train,total,0.28536316752433777
381500,2244,train,eikonal,0.006578117609024048
381500,2244,train,render,0.2542158365249634
381500,2244,train,total,0.2548736333847046
381600,2244,train,eikonal,0.006483463104814291
381600,2244,train,render,0.23574556410312653
381600,2244,train,total,0.23639391362667084
381700,2245,train,eikonal,0.005843138322234154
381700,2245,train,render,0.250943660736084
381700,2245,train,total,0.25152796506881714
381800,2245,train,eikonal,0.005821926519274712
381800,2245,train,render,0.28956329822540283
381800,2245,train,total,0.29014548659324646
381900,2246,train,eikonal,0.006424039602279663
381900,2246,train,render,0.24625253677368164
381900,2246,train,total,0.2468949407339096
382000,2247,train,eikonal,0.004775054287165403
382000,2247,train,render,0.24890917539596558
382000,2247,train,total,0.24938668310642242
382100,2247,train,eikonal,0.006051736883819103
382100,2247,train,render,0.24800896644592285
382100,2247,train,total,0.2486141473054886
382200,2248,train,eikonal,0.006504527758806944
382200,2248,train,render,0.2901163697242737
382200,2248,train,total,0.2907668352127075
382300,2248,train,eikonal,0.004920315928757191
382300,2248,train,render,0.29601043462753296
382300,2248,train,total,0.2965024709701538
382400,2249,train,eikonal,0.0054151746444404125
382400,2249,train,render,0.26080527901649475
382400,2249,train,total,0.2613467872142792
382500,2250,train,eikonal,0.00713206036016345
382500,2250,train,render,0.24309271574020386
382500,2250,train,total,0.2438059151172638
382600,2250,train,eikonal,0.003767533227801323
382600,2250,train,render,0.2716037631034851
382600,2250,train,total,0.27198052406311035
382700,2251,train,eikonal,0.005832174327224493
382700,2251,train,render,0.2457810491323471
382700,2251,train,total,0.2463642656803131
382800,2251,train,eikonal,0.004229082725942135
382800,2251,train,render,0.2379969358444214
382800,2251,train,total,0.23841984570026398
382900,2252,train,eikonal,0.007406796328723431
382900,2252,train,render,0.2078646421432495
382900,2252,train,total,0.2086053192615509
383000,2252,train,eikonal,0.006849661003798246
383000,2252,train,render,0.2760137915611267
383000,2252,train,total,0.2766987681388855
383100,2253,train,eikonal,0.006724683102220297
383100,2253,train,render,0.21835869550704956
383100,2253,train,total,0.2190311700105667
383200,2254,train,eikonal,0.005823483224958181
383200,2254,train,render,0.31554463505744934
383200,2254,train,total,0.3161269724369049
383300,2254,train,eikonal,0.005185706540942192
383300,2254,train,render,0.2970805764198303
383300,2254,train,total,0.2975991368293762
383400,2255,train,eikonal,0.0052483645267784595
383400,2255,train,render,0.2547159492969513
383400,2255,train,total,0.255240797996521
383500,2255,train,eikonal,0.00538825336843729
383500,2255,train,render,0.2474605143070221
383500,2255,train,total,0.24799934029579163
383600,2256,train,eikonal,0.005830021575093269
383600,2256,train,render,0.2620312571525574
383600,2256,train,total,0.26261425018310547
383700,2257,train,eikonal,0.00744976568967104
383700,2257,train,render,0.2455541342496872
383700,2257,train,total,0.2462991178035736
383800,2257,train,eikonal,0.005479469895362854
383800,2257,train,render,0.2774450182914734
383800,2257,train,total,0.27799296379089355
383900,2258,train,eikonal,0.005353578366339207
383900,2258,train,render,0.2222130000591278
383900,2258,train,total,0.22274835407733917
384000,2258,train,eikonal,0.006039278581738472
384000,2258,train,render,0.21907278895378113
384000,2258,train,total,0.21967671811580658
384100,2259,train,eikonal,0.007923264056444168
384100,2259,train,render,0.21798646450042725
384100,2259,train,total,0.2187787890434265
384200,2260,train,eikonal,0.007152690086513758
384200,2260,train,render,0.32940971851348877
384200,2260,train,total,0.33012497425079346
384300,2260,train,eikonal,0.004399784840643406
384300,2260,train,render,0.2800186276435852
384300,2260,train,total,0.28045859932899475
384400,2261,train,eikonal,0.006860089488327503
384400,2261,train,render,0.22330275177955627
384400,2261,train,total,0.22398875653743744
384500,2261,train,eikonal,0.006725898012518883
384500,2261,train,render,0.26875242590904236
384500,2261,train,total,0.26942500472068787
384600,2262,train,eikonal,0.004568347707390785
384600,2262,train,render,0.2750875949859619
384600,2262,train,total,0.2755444347858429
384700,2262,train,eikonal,0.005093318875879049
384700,2262,train,render,0.25910240411758423
384700,2262,train,total,0.25961172580718994
384800,2263,train,eikonal,0.005148882977664471
384800,2263,train,render,0.26155996322631836
384800,2263,train,total,0.26207485795021057
384900,2264,train,eikonal,0.005314691457897425
384900,2264,train,render,0.2766611576080322
384900,2264,train,total,0.277192622423172
385000,2264,train,eikonal,0.005984779447317123
385000,2264,train,render,0.20062091946601868
385000,2264,train,total,0.20121939480304718
385100,2265,train,eikonal,0.005065759643912315
385100,2265,train,render,0.24009227752685547
385100,2265,train,total,0.2405988574028015
385200,2265,train,eikonal,0.006053328514099121
385200,2265,train,render,0.31630635261535645
385200,2265,train,total,0.3169116973876953
385300,2266,train,eikonal,0.005474655888974667
385300,2266,train,render,0.2953711748123169
385300,2266,train,total,0.29591864347457886
385400,2267,train,eikonal,0.006650825031101704
385400,2267,train,render,0.24124467372894287
385400,2267,train,total,0.24190975725650787
385500,2267,train,eikonal,0.0061878664419054985
385500,2267,train,render,0.2460290640592575
385500,2267,train,total,0.24664784967899323
385600,2268,train,eikonal,0.005786638706922531
385600,2268,train,render,0.2982138395309448
385600,2268,train,total,0.2987925112247467
385700,2268,train,eikonal,0.007308874279260635
385700,2268,train,render,0.204430490732193
385700,2268,train,total,0.20516137778759003
385800,2269,train,eikonal,0.004962312988936901
385800,2269,train,render,0.23374760150909424
385800,2269,train,total,0.23424383997917175
385900,2270,train,eikonal,0.005052587017416954
385900,2270,train,render,0.26890355348587036
385900,2270,train,total,0.26940882205963135
386000,2270,train,eikonal,0.004937388934195042
386000,2270,train,render,0.23083314299583435
386000,2270,train,total,0.2313268780708313
386100,2271,train,eikonal,0.006318817380815744
386100,2271,train,render,0.19620874524116516
386100,2271,train,total,0.19684062898159027
386200,2271,train,eikonal,0.008754017762839794
386200,2271,train,render,0.19049900770187378
386200,2271,train,total,0.19137440621852875
386300,2272,train,eikonal,0.00518216285854578
386300,2272,train,render,0.19935648143291473
386300,2272,train,total,0.19987469911575317
386400,2272,train,eikonal,0.009020566940307617
386400,2272,train,render,0.23499776422977448
386400,2272,train,total,0.23589982092380524
386500,2273,train,eikonal,0.007454685401171446
386500,2273,train,render,0.2641414403915405
386500,2273,train,total,0.26488691568374634
386600,2274,train,eikonal,0.004966468550264835
386600,2274,train,render,0.25381556153297424
386600,2274,train,total,0.2543122172355652
386700,2274,train,eikonal,0.0039196438156068325
386700,2274,train,render,0.27102136611938477
386700,2274,train,total,0.27141332626342773
386800,2275,train,eikonal,0.008923269808292389
386800,2275,train,render,0.2845994234085083
386800,2275,train,total,0.2854917645454407
386900,2275,train,eikonal,0.006711967289447784
386900,2275,train,render,0.23825636506080627
386900,2275,train,total,0.23892755806446075
387000,2276,train,eikonal,0.007244730368256569
387000,2276,train,render,0.26506346464157104
387000,2276,train,total,0.26578792929649353
387100,2277,train,eikonal,0.008269872516393661
387100,2277,train,render,0.25017282366752625
387100,2277,train,total,0.2509998083114624
387200,2277,train,eikonal,0.004226552322506905
387200,2277,train,render,0.24906809628009796
387200,2277,train,total,0.24949075281620026
387300,2278,train,eikonal,0.005469285883009434
387300,2278,train,render,0.25959962606430054
387300,2278,train,total,0.2601465582847595
387400,2278,train,eikonal,0.00560361985117197
387400,2278,train,render,0.2268146276473999
387400,2278,train,total,0.22737498581409454
387500,2279,train,eikonal,0.007184434682130814
387500,2279,train,render,0.19565919041633606
387500,2279,train,total,0.19637763500213623
387600,2280,train,eikonal,0.009519855491816998
387600,2280,train,render,0.2085435688495636
387600,2280,train,total,0.20949555933475494
387700,2280,train,eikonal,0.005720686167478561
387700,2280,train,render,0.3323643207550049
387700,2280,train,total,0.3329363763332367
387800,2281,train,eikonal,0.004941768944263458
387800,2281,train,render,0.24318373203277588
387800,2281,train,total,0.24367791414260864
387900,2281,train,eikonal,0.004775108303874731
387900,2281,train,render,0.1904931664466858
387900,2281,train,total,0.19097067415714264
388000,2282,train,eikonal,0.006392728537321091
388000,2282,train,render,0.20768634974956512
388000,2282,train,total,0.20832562446594238
388100,2282,train,eikonal,0.0071545252576470375
388100,2282,train,render,0.20813670754432678
388100,2282,train,total,0.208852156996727
388200,2283,train,eikonal,0.0070086633786559105
388200,2283,train,render,0.365501344203949
388200,2283,train,total,0.3662022054195404
388300,2284,train,eikonal,0.006885628215968609
388300,2284,train,render,0.21631360054016113
388300,2284,train,total,0.21700216829776764
388400,2284,train,eikonal,0.0036767544224858284
388400,2284,train,render,0.2203732132911682
388400,2284,train,total,0.2207408845424652
388500,2285,train,eikonal,0.007707568816840649
388500,2285,train,render,0.2028193473815918
388500,2285,train,total,0.20359010994434357
388600,2285,train,eikonal,0.006708964705467224
388600,2285,train,render,0.22728905081748962
388600,2285,train,total,0.22795994579792023
388700,2286,train,eikonal,0.004098588600754738
388700,2286,train,render,0.22557266056537628
388700,2286,train,total,0.22598251700401306
388800,2287,train,eikonal,0.006084902212023735
388800,2287,train,render,0.2821235954761505
388800,2287,train,total,0.2827320992946625
388900,2287,train,eikonal,0.007016846910119057
388900,2287,train,render,0.22495487332344055
388900,2287,train,total,0.22565655410289764
389000,2288,train,eikonal,0.005736486054956913
389000,2288,train,render,0.23091396689414978
389000,2288,train,total,0.23148761689662933
389100,2288,train,eikonal,0.004036818165332079
389100,2288,train,render,0.2809215784072876
389100,2288,train,total,0.28132525086402893
389200,2289,train,eikonal,0.0074525028467178345
389200,2289,train,render,0.22264006733894348
389200,2289,train,total,0.22338531911373138
389300,2290,train,eikonal,0.008535923436284065
389300,2290,train,render,0.22991091012954712
389300,2290,train,total,0.2307645082473755
389400,2290,train,eikonal,0.0057750362902879715
389400,2290,train,render,0.3027796149253845
389400,2290,train,total,0.3033571243286133
389500,2291,train,eikonal,0.010039358399808407
389500,2291,train,render,0.1999579668045044
389500,2291,train,total,0.2009619027376175
389600,2291,train,eikonal,0.006928957067430019
389600,2291,train,render,0.21175220608711243
389600,2291,train,total,0.21244509518146515
389700,2292,train,eikonal,0.00826378632336855
389700,2292,train,render,0.24641266465187073
389700,2292,train,total,0.24723903834819794
389800,2292,train,eikonal,0.00448243971914053
389800,2292,train,render,0.2782530188560486
389800,2292,train,total,0.2787012755870819
389900,2293,train,eikonal,0.006975517608225346
389900,2293,train,render,0.28046828508377075
389900,2293,train,total,0.28116583824157715
390000,2294,train,eikonal,0.004162944853305817
390000,2294,train,render,0.2328171283006668
390000,2294,train,total,0.23323342204093933
390100,2294,train,eikonal,0.003987044561654329
390100,2294,train,render,0.2721622586250305
390100,2294,train,total,0.2725609540939331
390200,2295,train,eikonal,0.0049434322863817215
390200,2295,train,render,0.21100205183029175
390200,2295,train,total,0.21149639785289764
390300,2295,train,eikonal,0.004776781424880028
390300,2295,train,render,0.25570791959762573
390300,2295,train,total,0.2561855912208557
390400,2296,train,eikonal,0.008013952523469925
390400,2296,train,render,0.2042481154203415
390400,2296,train,total,0.2050495147705078
390500,2297,train,eikonal,0.011838431470096111
390500,2297,train,render,0.20662786066532135
390500,2297,train,total,0.20781169831752777
390600,2297,train,eikonal,0.004445027559995651
390600,2297,train,render,0.23797698318958282
390600,2297,train,total,0.2384214848279953
390700,2298,train,eikonal,0.004639867693185806
390700,2298,train,render,0.2093876749277115
390700,2298,train,total,0.20985166728496552
390800,2298,train,eikonal,0.007125888951122761
390800,2298,train,render,0.20257213711738586
390800,2298,train,total,0.20328472554683685
390900,2299,train,eikonal,0.006593058817088604
390900,2299,train,render,0.32582610845565796
390900,2299,train,total,0.32648542523384094
391000,2300,train,eikonal,0.0047050779685378075
391000,2300,train,render,0.23758403956890106
391000,2300,train,total,0.2380545437335968
391100,2300,train,eikonal,0.004600281361490488
391100,2300,train,render,0.3040224015712738
391100,2300,train,total,0.30448243021965027
391200,2301,train,eikonal,0.005735311657190323
391200,2301,train,render,0.20389875769615173
391200,2301,train,total,0.20447228848934174
391300,2301,train,eikonal,0.00836925022304058
391300,2301,train,render,0.30938535928726196
391300,2301,train,total,0.3102222979068756
391400,2302,train,eikonal,0.005626628175377846
391400,2302,train,render,0.20244638621807098
391400,2302,train,total,0.20300905406475067
391500,2302,train,eikonal,0.00564771331846714
391500,2302,train,render,0.1786164939403534
391500,2302,train,total,0.1791812628507614
391600,2303,train,eikonal,0.004213687963783741
391600,2303,train,render,0.23610596358776093
391600,2303,train,total,0.23652733862400055
391700,2304,train,eikonal,0.007030991837382317
391700,2304,train,render,0.24492377042770386
391700,2304,train,total,0.24562686681747437
391800,2304,train,eikonal,0.006974469870328903
391800,2304,train,render,0.2348143458366394
391800,2304,train,total,0.23551179468631744
391900,2305,train,eikonal,0.005576015915721655
391900,2305,train,render,0.17467500269412994
391900,2305,train,total,0.17523260414600372
392000,2305,train,eikonal,0.006063421722501516
392000,2305,train,render,0.23196016252040863
392000,2305,train,total,0.23256650567054749
392100,2306,train,eikonal,0.00949263945221901
392100,2306,train,render,0.20655731856822968
392100,2306,train,total,0.20750658214092255
392200,2307,train,eikonal,0.005517384968698025
392200,2307,train,render,0.2551535367965698
392200,2307,train,total,0.2557052671909332
392300,2307,train,eikonal,0.006967229302972555
392300,2307,train,render,0.41792064905166626
392300,2307,train,total,0.4186173677444458
392400,2308,train,eikonal,0.006987652741372585
392400,2308,train,render,0.24170038104057312
392400,2308,train,total,0.24239914119243622
392500,2308,train,eikonal,0.003584541380405426
392500,2308,train,render,0.1897602379322052
392500,2308,train,total,0.1901186853647232
392600,2309,train,eikonal,0.004806541837751865
392600,2309,train,render,0.19892777502536774
392600,2309,train,total,0.1994084268808365
392700,2310,train,eikonal,0.008607243187725544
392700,2310,train,render,0.2757287621498108
392700,2310,train,total,0.2765894830226898
392800,2310,train,eikonal,0.005079453811049461
392800,2310,train,render,0.2504713535308838
392800,2310,train,total,0.25097930431365967
392900,2311,train,eikonal,0.005183537490665913
392900,2311,train,render,0.1795126348733902
392900,2311,train,total,0.18003098666667938
393000,2311,train,eikonal,0.007248964160680771
393000,2311,train,render,0.2105931043624878
393000,2311,train,total,0.2113180011510849
393100,2312,train,eikonal,0.005313330329954624
393100,2312,train,render,0.24371521174907684
393100,2312,train,total,0.24424654245376587
393200,2312,train,eikonal,0.0037554404698312283
393200,2312,train,render,0.18676850199699402
393200,2312,train,total,0.18714404106140137
393300,2313,train,eikonal,0.004345196299254894
393300,2313,train,render,0.2168908417224884
393300,2313,train,total,0.217325359582901
393400,2314,train,eikonal,0.00731700100004673
393400,2314,train,render,0.20063292980194092
393400,2314,train,total,0.2013646364212036
393500,2314,train,eikonal,0.008179917931556702
393500,2314,train,render,0.27130210399627686
393500,2314,train,total,0.27212008833885193
393600,2315,train,eikonal,0.007894976995885372
393600,2315,train,render,0.20767588913440704
393600,2315,train,total,0.20846538245677948
393700,2315,train,eikonal,0.004327297210693359
393700,2315,train,render,0.21587298810482025
393700,2315,train,total,0.2163057178258896
393800,2316,train,eikonal,0.004558459855616093
393800,2316,train,render,0.2407301366329193
393800,2316,train,total,0.2411859780550003
393900,2317,train,eikonal,0.008248843252658844
393900,2317,train,render,0.20435111224651337
393900,2317,train,total,0.2051759958267212
394000,2317,train,eikonal,0.0058569698594510555
394000,2317,train,render,0.26038283109664917
394000,2317,train,total,0.26096853613853455
394100,2318,train,eikonal,0.00675436994060874
394100,2318,train,render,0.2138238251209259
394100,2318,train,total,0.21449926495552063
394200,2318,train,eikonal,0.004972027614712715
394200,2318,train,render,0.28964853286743164
394200,2318,train,total,0.29014572501182556
394300,2319,train,eikonal,0.0059265028685331345
394300,2319,train,render,0.30616331100463867
394300,2319,train,total,0.3067559599876404
394400,2320,train,eikonal,0.005778084509074688
394400,2320,train,render,0.256686270236969
394400,2320,train,total,0.25726407766342163
394500,2320,train,eikonal,0.006732822861522436
394500,2320,train,render,0.3183470070362091
394500,2320,train,total,0.3190203011035919
394600,2321,train,eikonal,0.006321548484265804
394600,2321,train,render,0.23465731739997864
394600,2321,train,total,0.23528946936130524
394700,2321,train,eikonal,0.006818696856498718
394700,2321,train,render,0.3115651607513428
394700,2321,train,total,0.31224703788757324
394800,2322,train,eikonal,0.008937817066907883
394800,2322,train,render,0.27168697118759155
394800,2322,train,total,0.27258074283599854
394900,2322,train,eikonal,0.005779132712632418
394900,2322,train,render,0.28573817014694214
394900,2322,train,total,0.2863160967826843
395000,2323,train,eikonal,0.0040491786785423756
395000,2323,train,render,0.19924527406692505
395000,2323,train,total,0.19965019822120667
395100,2324,train,eikonal,0.004245562478899956
395100,2324,train,render,0.2461874783039093
395100,2324,train,total,0.24661202728748322
395200,2324,train,eikonal,0.006611553020775318
395200,2324,train,render,0.2550380825996399
395200,2324,train,total,0.2556992471218109
395300,2325,train,eikonal,0.005484757479280233
395300,2325,train,render,0.30829519033432007
395300,2325,train,total,0.3088436722755432
395400,2325,train,eikonal,0.006539317313581705
395400,2325,train,render,0.2577681243419647
395400,2325,train,total,0.25842204689979553
395500,2326,train,eikonal,0.010767851024866104
395500,2326,train,render,0.21440376341342926
395500,2326,train,total,0.21548055112361908
395600,2327,train,eikonal,0.007247474975883961
395600,2327,train,render,0.2950620949268341
395600,2327,train,total,0.2957868278026581
395700,2327,train,eikonal,0.005086963996291161
395700,2327,train,render,0.23089496791362762
395700,2327,train,total,0.2314036637544632
395800,2328,train,eikonal,0.006210619583725929
395800,2328,train,render,0.21349574625492096
395800,2328,train,total,0.21411681175231934
395900,2328,train,eikonal,0.0037317851092666388
395900,2328,train,render,0.19038060307502747
395900,2328,train,total,0.1907537877559662
396000,2329,train,eikonal,0.008092563599348068
396000,2329,train,render,0.18584975600242615
396000,2329,train,total,0.18665900826454163
396100,2330,train,eikonal,0.007695133797824383
396100,2330,train,render,0.2655075788497925
396100,2330,train,total,0.26627710461616516
396200,2330,train,eikonal,0.004198530688881874
396200,2330,train,render,0.21540261805057526
396200,2330,train,total,0.2158224731683731
396300,2331,train,eikonal,0.004447649233043194
396300,2331,train,render,0.26857665181159973
396300,2331,train,total,0.2690214216709137
396400,2331,train,eikonal,0.006697030272334814
396400,2331,train,render,0.33221402764320374
396400,2331,train,total,0.3328837454319
396500,2332,train,eikonal,0.005581261590123177
396500,2332,train,render,0.23678413033485413
396500,2332,train,total,0.2373422533273697
396600,2332,train,eikonal,0.007335929665714502
396600,2332,train,render,0.254324734210968
396600,2332,train,total,0.25505831837654114
396700,2333,train,eikonal,0.006479288451373577
396700,2333,train,render,0.39970922470092773
396700,2333,train,total,0.4003571569919586
396800,2334,train,eikonal,0.005191904958337545
396800,2334,train,render,0.17433799803256989
396800,2334,train,total,0.17485718429088593
396900,2334,train,eikonal,0.006535649299621582
396900,2334,train,render,0.29359370470046997
396900,2334,train,total,0.29424726963043213
397000,2335,train,eikonal,0.006794069427996874
397000,2335,train,render,0.22400017082691193
397000,2335,train,total,0.22467957437038422
397100,2335,train,eikonal,0.007509451359510422
397100,2335,train,render,0.23666837811470032
397100,2335,train,total,0.23741932213306427
397200,2336,train,eikonal,0.006041650660336018
397200,2336,train,render,0.18327251076698303
397200,2336,train,total,0.18387667834758759
397300,2337,train,eikonal,0.007792562711983919
397300,2337,train,render,0.2702147960662842
397300,2337,train,total,0.27099406719207764
397400,2337,train,eikonal,0.005883778445422649
397400,2337,train,render,0.2342548817396164
397400,2337,train,total,0.23484325408935547
397500,2338,train,eikonal,0.007321415469050407
397500,2338,train,render,0.21716931462287903
397500,2338,train,total,0.21790145337581635
397600,2338,train,eikonal,0.00552371796220541
397600,2338,train,render,0.22918210923671722
397600,2338,train,total,0.22973448038101196
397700,2339,train,eikonal,0.011542797088623047
397700,2339,train,render,0.20903033018112183
397700,2339,train,total,0.21018460392951965
397800,2340,train,eikonal,0.0053030443377792835
397800,2340,train,render,0.3047415614128113
397800,2340,train,total,0.30527186393737793
397900,2340,train,eikonal,0.004472868982702494
397900,2340,train,render,0.24863514304161072
397900,2340,train,total,0.24908243119716644
398000,2341,train,eikonal,0.008223873563110828
398000,2341,train,render,0.20048603415489197
398000,2341,train,total,0.20130841434001923
398100,2341,train,eikonal,0.006475214846432209
398100,2341,train,render,0.29667794704437256
398100,2341,train,total,0.29732546210289
398200,2342,train,eikonal,0.0060647050850093365
398200,2342,train,render,0.22551915049552917
398200,2342,train,total,0.22612562775611877
398300,2342,train,eikonal,0.005808858200907707
398300,2342,train,render,0.23581579327583313
398300,2342,train,total,0.2363966852426529
398400,2343,train,eikonal,0.006308760493993759
398400,2343,train,render,0.2387855350971222
398400,2343,train,total,0.23941640555858612
398500,2344,train,eikonal,0.006177868228405714
398500,2344,train,render,0.22749698162078857
398500,2344,train,total,0.2281147688627243
398600,2344,train,eikonal,0.00609361007809639
398600,2344,train,render,0.20339438319206238
398600,2344,train,total,0.20400375127792358
398700,2345,train,eikonal,0.00699421064928174
398700,2345,train,render,0.225800022482872
398700,2345,train,total,0.22649943828582764
398800,2345,train,eikonal,0.0042788260616362095
398800,2345,train,render,0.2526412606239319
398800,2345,train,total,0.253069132566452
398900,2346,train,eikonal,0.00534578924998641
398900,2346,train,render,0.288899302482605
398900,2346,train,total,0.28943386673927307
399000,2347,train,eikonal,0.0061833178624510765
399000,2347,train,render,0.29564642906188965
399000,2347,train,total,0.29626476764678955
399100,2347,train,eikonal,0.006097349338233471
399100,2347,train,render,0.30813491344451904
399100,2347,train,total,0.3087446391582489
399200,2348,train,eikonal,0.0063158622942864895
399200,2348,train,render,0.30350881814956665
399200,2348,train,total,0.3041404187679291
399300,2348,train,eikonal,0.0071046072989702225
399300,2348,train,render,0.22227300703525543
399300,2348,train,total,0.2229834645986557
399400,2349,train,eikonal,0.009963316842913628
399400,2349,train,render,0.2180929183959961
399400,2349,train,total,0.21908925473690033
399500,2350,train,eikonal,0.007544046267867088
399500,2350,train,render,0.20936737954616547
399500,2350,train,total,0.2101217806339264
399600,2350,train,eikonal,0.005069253500550985
399600,2350,train,render,0.29373645782470703
399600,2350,train,total,0.29424339532852173
399700,2351,train,eikonal,0.00677137915045023
399700,2351,train,render,0.283693790435791
399700,2351,train,total,0.28437092900276184
399800,2351,train,eikonal,0.007590627297759056
399800,2351,train,render,0.23514726758003235
399800,2351,train,total,0.23590633273124695
399900,2352,train,eikonal,0.006949998438358307
399900,2352,train,render,0.25303101539611816
399900,2352,train,total,0.2537260055541992
400000,2352,train,eikonal,0.004818958695977926
400000,2352,train,render,0.21806323528289795
400000,2352,train,total,0.2185451239347458
400000,2352,val,eikonal,0.004818958695977926
400000,2352,val,render,0.06614357233047485
400000,2352,val,total,0.06662546843290329
